1732237345007 , 74:03:bd:ef:8a:00 , -67
1732237345007 , c8:a6:08:9a:fe:71 , -76
1732237345007 , c8:a6:08:9a:fe:70 , -76
1732237345007 , c8:a6:08:9a:fe:74 , -76
1732237345007 , 84:af:ec:86:f0:70 , -80
1732237345007 , ac:44:f2:8c:e8:a8 , -83
1732237345007 , c8:a6:08:9a:bb:c1 , -69
1732237345007 , c8:a6:08:5a:fe:70 , -78
1732237345007 , c8:a6:08:9a:bb:c0 , -69
1732237345007 , d0:40:ef:f9:ef:75 , -52
1732237345007 , 74:03:bd:ef:8a:10 , -77
1732237345007 , 16:27:f5:e3:50:97 , -92
1732237345007 , 1a:27:f5:e3:50:97 , -93
1732237345007 , 10:27:f5:e3:50:97 , -93
1732237345007 , c8:a6:08:9b:16:01 , -54
1732237345007 , c8:a6:08:5b:16:01 , -56
1732237345007 , c8:a6:08:9b:16:00 , -53
1732237345007 , c8:a6:08:5b:16:00 , -55
1732237345007 , 80:ea:96:f2:cc:76 , -70
1732237345007 , 80:ea:96:f2:cc:77 , -79
1732237345007 , c8:a6:08:5a:bb:81 , -65
1732237345007 , c8:a6:08:9a:bc:10 , -62
1732237345007 , c8:a6:08:5a:bb:80 , -62
1732237345007 , c8:a6:08:9a:bc:11 , -62
1732237345007 , c8:a6:08:9a:bc:14 , -62
1732237345007 , c8:a6:08:9a:bb:80 , -67
1732237345007 , c8:a6:08:9a:bb:81 , -67
1732237345007 , ac:44:f2:8c:b0:e0 , -74
1732237345007 , c8:a6:08:9a:bb:84 , -67
1732237345007 , 60:84:bd:de:7c:67 , -56
1732237345007 , ac:44:f2:8c:e9:20 , -62
1732237345007 , c0:25:a2:a7:2e:2b , -70
1732237345007 , c0:25:a2:a7:2e:2a , -64
1732237345007 , 60:84:bd:de:7c:60 , -54
1732237345007 , c8:a6:08:9b:16:24 , -38
1732237345007 , c0:25:a2:a9:b1:4f , -61
1732237345007 , c8:a6:08:5a:b7:00 , -90
1732237345007 , c8:a6:08:9b:15:51 , -78
1732237345007 , c8:a6:08:5a:b7:01 , -89
1732237345007 , c8:a6:08:9b:15:50 , -78
1732237345007 , 84:af:ec:86:f0:60 , -66
1732237345007 , c8:a6:08:5a:b7:04 , -90
1732237345007 , c8:a6:08:9b:16:21 , -38
1732237345007 , 36:76:c5:90:29:c8 , -91
1732237345007 , c8:a6:08:9b:16:20 , -38
1732237345007 , c8:a6:08:5b:16:20 , -46
1732237345007 , c0:25:a2:a7:2e:1a , -62
1732237345007 , f8:b7:97:9b:d6:ff , -86
1732237345007 , f8:b7:97:9b:d6:fe , -80
1732237345007 , c8:a6:08:9a:bb:f0 , -83
1732237345007 , c8:a6:08:9a:bb:f1 , -83
1732237346010 , 74:03:bd:ef:8a:00 , -67
1732237346010 , c8:a6:08:9a:fe:71 , -76
1732237346010 , c8:a6:08:9a:fe:70 , -76
1732237346010 , c8:a6:08:9a:fe:74 , -76
1732237346010 , 84:af:ec:86:f0:70 , -80
1732237346010 , ac:44:f2:8c:e8:a8 , -83
1732237346010 , c8:a6:08:9a:bb:c1 , -69
1732237346010 , c8:a6:08:5a:fe:70 , -78
1732237346010 , c8:a6:08:9a:bb:c0 , -69
1732237346010 , d0:40:ef:f9:ef:75 , -52
1732237346010 , 74:03:bd:ef:8a:10 , -77
1732237346010 , 16:27:f5:e3:50:97 , -92
1732237346010 , 1a:27:f5:e3:50:97 , -93
1732237346010 , 10:27:f5:e3:50:97 , -93
1732237346010 , c8:a6:08:9b:16:01 , -54
1732237346010 , c8:a6:08:5b:16:01 , -56
1732237346010 , c8:a6:08:9b:16:00 , -53
1732237346010 , c8:a6:08:5b:16:00 , -55
1732237346010 , 80:ea:96:f2:cc:76 , -70
1732237346010 , 80:ea:96:f2:cc:77 , -79
1732237346010 , c8:a6:08:5a:bb:81 , -65
1732237346010 , c8:a6:08:9a:bc:10 , -62
1732237346010 , c8:a6:08:5a:bb:80 , -62
1732237346010 , c8:a6:08:9a:bc:11 , -62
1732237346010 , c8:a6:08:9a:bc:14 , -62
1732237346010 , c8:a6:08:9a:bb:80 , -67
1732237346010 , c8:a6:08:9a:bb:81 , -67
1732237346010 , ac:44:f2:8c:b0:e0 , -74
1732237346010 , c8:a6:08:9a:bb:84 , -67
1732237346010 , 60:84:bd:de:7c:67 , -56
1732237346010 , ac:44:f2:8c:e9:20 , -62
1732237346010 , c0:25:a2:a7:2e:2b , -70
1732237346010 , c0:25:a2:a7:2e:2a , -64
1732237346010 , 60:84:bd:de:7c:60 , -54
1732237346010 , c8:a6:08:9b:16:24 , -38
1732237346010 , c0:25:a2:a9:b1:4f , -61
1732237346010 , c8:a6:08:5a:b7:00 , -90
1732237346010 , c8:a6:08:9b:15:51 , -78
1732237346010 , c8:a6:08:5a:b7:01 , -89
1732237346010 , c8:a6:08:9b:15:50 , -78
1732237346010 , 84:af:ec:86:f0:60 , -66
1732237346010 , c8:a6:08:5a:b7:04 , -90
1732237346010 , c8:a6:08:9b:16:21 , -38
1732237346010 , 36:76:c5:90:29:c8 , -91
1732237346010 , c8:a6:08:9b:16:20 , -38
1732237346010 , c8:a6:08:5b:16:20 , -46
1732237346010 , c0:25:a2:a7:2e:1a , -62
1732237346010 , f8:b7:97:9b:d6:ff , -86
1732237346010 , f8:b7:97:9b:d6:fe , -80
1732237346010 , c8:a6:08:9a:bb:f0 , -83
1732237346010 , c8:a6:08:9a:bb:f1 , -83
1732237347012 , 74:03:bd:ef:8a:00 , -67
1732237347012 , c8:a6:08:9a:fe:71 , -76
1732237347012 , c8:a6:08:9a:fe:70 , -76
1732237347012 , c8:a6:08:9a:fe:74 , -76
1732237347012 , 84:af:ec:86:f0:70 , -80
1732237347012 , ac:44:f2:8c:e8:a8 , -83
1732237347012 , c8:a6:08:9a:bb:c1 , -69
1732237347012 , c8:a6:08:5a:fe:70 , -78
1732237347012 , c8:a6:08:9a:bb:c0 , -69
1732237347012 , d0:40:ef:f9:ef:75 , -52
1732237347012 , 74:03:bd:ef:8a:10 , -77
1732237347012 , 16:27:f5:e3:50:97 , -92
1732237347012 , 1a:27:f5:e3:50:97 , -93
1732237347012 , 10:27:f5:e3:50:97 , -93
1732237347012 , c8:a6:08:9b:16:01 , -54
1732237347012 , c8:a6:08:5b:16:01 , -56
1732237347012 , c8:a6:08:9b:16:00 , -53
1732237347012 , c8:a6:08:5b:16:00 , -55
1732237347012 , 80:ea:96:f2:cc:76 , -70
1732237347012 , 80:ea:96:f2:cc:77 , -79
1732237347012 , c8:a6:08:5a:bb:81 , -65
1732237347012 , c8:a6:08:9a:bc:10 , -62
1732237347012 , c8:a6:08:5a:bb:80 , -62
1732237347012 , c8:a6:08:9a:bc:11 , -62
1732237347012 , c8:a6:08:9a:bc:14 , -62
1732237347012 , c8:a6:08:9a:bb:80 , -67
1732237347012 , c8:a6:08:9a:bb:81 , -67
1732237347012 , ac:44:f2:8c:b0:e0 , -74
1732237347012 , c8:a6:08:9a:bb:84 , -67
1732237347012 , 60:84:bd:de:7c:67 , -56
1732237347012 , ac:44:f2:8c:e9:20 , -62
1732237347012 , c0:25:a2:a7:2e:2b , -70
1732237347012 , c0:25:a2:a7:2e:2a , -64
1732237347012 , 60:84:bd:de:7c:60 , -54
1732237347012 , c8:a6:08:9b:16:24 , -38
1732237347012 , c0:25:a2:a9:b1:4f , -61
1732237347012 , c8:a6:08:5a:b7:00 , -90
1732237347012 , c8:a6:08:9b:15:51 , -78
1732237347012 , c8:a6:08:5a:b7:01 , -89
1732237347012 , c8:a6:08:9b:15:50 , -78
1732237347012 , 84:af:ec:86:f0:60 , -66
1732237347012 , c8:a6:08:5a:b7:04 , -90
1732237347012 , c8:a6:08:9b:16:21 , -38
1732237347012 , 36:76:c5:90:29:c8 , -91
1732237347012 , c8:a6:08:9b:16:20 , -38
1732237347012 , c8:a6:08:5b:16:20 , -46
1732237347012 , c0:25:a2:a7:2e:1a , -62
1732237347012 , f8:b7:97:9b:d6:ff , -86
1732237347012 , f8:b7:97:9b:d6:fe , -80
1732237347012 , c8:a6:08:9a:bb:f0 , -83
1732237347012 , c8:a6:08:9a:bb:f1 , -83
1732237348021 , 74:03:bd:ef:8a:00 , -67
1732237348021 , c8:a6:08:9a:fe:71 , -76
1732237348021 , c8:a6:08:9a:fe:70 , -76
1732237348021 , c8:a6:08:9a:fe:74 , -76
1732237348021 , 84:af:ec:86:f0:70 , -80
1732237348021 , ac:44:f2:8c:e8:a8 , -83
1732237348021 , c8:a6:08:9a:bb:c1 , -69
1732237348021 , c8:a6:08:5a:fe:70 , -78
1732237348021 , c8:a6:08:9a:bb:c0 , -69
1732237348021 , d0:40:ef:f9:ef:75 , -52
1732237348021 , 74:03:bd:ef:8a:10 , -77
1732237348021 , 16:27:f5:e3:50:97 , -92
1732237348021 , 1a:27:f5:e3:50:97 , -93
1732237348021 , 10:27:f5:e3:50:97 , -93
1732237348021 , c8:a6:08:9b:16:01 , -54
1732237348021 , c8:a6:08:5b:16:01 , -56
1732237348021 , c8:a6:08:9b:16:00 , -53
1732237348021 , c8:a6:08:5b:16:00 , -55
1732237348021 , 80:ea:96:f2:cc:76 , -70
1732237348021 , 80:ea:96:f2:cc:77 , -79
1732237348021 , c8:a6:08:5a:bb:81 , -65
1732237348021 , c8:a6:08:9a:bc:10 , -62
1732237348021 , c8:a6:08:5a:bb:80 , -62
1732237348021 , c8:a6:08:9a:bc:11 , -62
1732237348021 , c8:a6:08:9a:bc:14 , -62
1732237348021 , c8:a6:08:9a:bb:80 , -67
1732237348021 , c8:a6:08:9a:bb:81 , -67
1732237348021 , ac:44:f2:8c:b0:e0 , -74
1732237348021 , c8:a6:08:9a:bb:84 , -67
1732237348021 , 60:84:bd:de:7c:67 , -56
1732237348021 , ac:44:f2:8c:e9:20 , -62
1732237348021 , c0:25:a2:a7:2e:2b , -70
1732237348021 , c0:25:a2:a7:2e:2a , -64
1732237348021 , 60:84:bd:de:7c:60 , -54
1732237348021 , c8:a6:08:9b:16:24 , -38
1732237348021 , c0:25:a2:a9:b1:4f , -61
1732237348021 , c8:a6:08:5a:b7:00 , -90
1732237348021 , c8:a6:08:9b:15:51 , -78
1732237348021 , c8:a6:08:5a:b7:01 , -89
1732237348021 , c8:a6:08:9b:15:50 , -78
1732237348021 , 84:af:ec:86:f0:60 , -66
1732237348021 , c8:a6:08:5a:b7:04 , -90
1732237348021 , c8:a6:08:9b:16:21 , -38
1732237348021 , 36:76:c5:90:29:c8 , -91
1732237348021 , c8:a6:08:9b:16:20 , -38
1732237348021 , c8:a6:08:5b:16:20 , -46
1732237348021 , c0:25:a2:a7:2e:1a , -62
1732237348021 , f8:b7:97:9b:d6:ff , -86
1732237348021 , f8:b7:97:9b:d6:fe , -80
1732237348021 , c8:a6:08:9a:bb:f0 , -83
1732237348021 , c8:a6:08:9a:bb:f1 , -83
1732237349036 , 74:03:bd:ef:8a:00 , -67
1732237349036 , c8:a6:08:9a:fe:71 , -76
1732237349036 , c8:a6:08:9a:fe:70 , -76
1732237349036 , c8:a6:08:9a:fe:74 , -76
1732237349036 , 84:af:ec:86:f0:70 , -80
1732237349036 , ac:44:f2:8c:e8:a8 , -83
1732237349036 , c8:a6:08:9a:bb:c1 , -69
1732237349036 , c8:a6:08:5a:fe:70 , -78
1732237349036 , c8:a6:08:9a:bb:c0 , -69
1732237349036 , d0:40:ef:f9:ef:75 , -52
1732237349036 , 74:03:bd:ef:8a:10 , -77
1732237349036 , 16:27:f5:e3:50:97 , -92
1732237349036 , 1a:27:f5:e3:50:97 , -93
1732237349036 , 10:27:f5:e3:50:97 , -93
1732237349036 , c8:a6:08:9b:16:01 , -54
1732237349036 , c8:a6:08:5b:16:01 , -56
1732237349036 , c8:a6:08:9b:16:00 , -53
1732237349036 , c8:a6:08:5b:16:00 , -55
1732237349036 , 80:ea:96:f2:cc:76 , -70
1732237349036 , 80:ea:96:f2:cc:77 , -79
1732237349036 , c8:a6:08:5a:bb:81 , -65
1732237349036 , c8:a6:08:9a:bc:10 , -62
1732237349036 , c8:a6:08:5a:bb:80 , -62
1732237349036 , c8:a6:08:9a:bc:11 , -62
1732237349036 , c8:a6:08:9a:bc:14 , -62
1732237349036 , c8:a6:08:9a:bb:80 , -67
1732237349036 , c8:a6:08:9a:bb:81 , -67
1732237349036 , ac:44:f2:8c:b0:e0 , -74
1732237349036 , c8:a6:08:9a:bb:84 , -67
1732237349036 , 60:84:bd:de:7c:67 , -56
1732237349036 , ac:44:f2:8c:e9:20 , -62
1732237349036 , c0:25:a2:a7:2e:2b , -70
1732237349036 , c0:25:a2:a7:2e:2a , -64
1732237349036 , 60:84:bd:de:7c:60 , -54
1732237349036 , c8:a6:08:9b:16:24 , -38
1732237349036 , c0:25:a2:a9:b1:4f , -61
1732237349036 , c8:a6:08:5a:b7:00 , -90
1732237349036 , c8:a6:08:9b:15:51 , -78
1732237349036 , c8:a6:08:5a:b7:01 , -89
1732237349036 , c8:a6:08:9b:15:50 , -78
1732237349036 , 84:af:ec:86:f0:60 , -66
1732237349036 , c8:a6:08:5a:b7:04 , -90
1732237349036 , c8:a6:08:9b:16:21 , -38
1732237349036 , 36:76:c5:90:29:c8 , -91
1732237349036 , c8:a6:08:9b:16:20 , -38
1732237349036 , c8:a6:08:5b:16:20 , -46
1732237349036 , c0:25:a2:a7:2e:1a , -62
1732237349036 , f8:b7:97:9b:d6:ff , -86
1732237349036 , f8:b7:97:9b:d6:fe , -80
1732237349036 , c8:a6:08:9a:bb:f0 , -83
1732237349036 , c8:a6:08:9a:bb:f1 , -83
1732237350054 , 74:03:bd:ef:8a:00 , -67
1732237350054 , c8:a6:08:9a:fe:71 , -76
1732237350054 , c8:a6:08:9a:fe:70 , -76
1732237350054 , c8:a6:08:9a:fe:74 , -76
1732237350054 , 84:af:ec:86:f0:70 , -80
1732237350054 , ac:44:f2:8c:e8:a8 , -83
1732237350054 , c8:a6:08:9a:bb:c1 , -69
1732237350054 , c8:a6:08:5a:fe:70 , -78
1732237350054 , c8:a6:08:9a:bb:c0 , -69
1732237350054 , d0:40:ef:f9:ef:75 , -52
1732237350054 , 74:03:bd:ef:8a:10 , -77
1732237350054 , 16:27:f5:e3:50:97 , -92
1732237350054 , 1a:27:f5:e3:50:97 , -93
1732237350054 , 10:27:f5:e3:50:97 , -93
1732237350054 , c8:a6:08:9b:16:01 , -54
1732237350054 , c8:a6:08:5b:16:01 , -56
1732237350054 , c8:a6:08:9b:16:00 , -53
1732237350054 , c8:a6:08:5b:16:00 , -55
1732237350054 , 80:ea:96:f2:cc:76 , -70
1732237350054 , 80:ea:96:f2:cc:77 , -79
1732237350054 , c8:a6:08:5a:bb:81 , -65
1732237350054 , c8:a6:08:9a:bc:10 , -62
1732237350054 , c8:a6:08:5a:bb:80 , -62
1732237350054 , c8:a6:08:9a:bc:11 , -62
1732237350054 , c8:a6:08:9a:bc:14 , -62
1732237350054 , c8:a6:08:9a:bb:80 , -67
1732237350054 , c8:a6:08:9a:bb:81 , -67
1732237350054 , ac:44:f2:8c:b0:e0 , -74
1732237350054 , c8:a6:08:9a:bb:84 , -67
1732237350054 , 60:84:bd:de:7c:67 , -56
1732237350054 , ac:44:f2:8c:e9:20 , -62
1732237350054 , c0:25:a2:a7:2e:2b , -70
1732237350054 , c0:25:a2:a7:2e:2a , -64
1732237350054 , 60:84:bd:de:7c:60 , -54
1732237350054 , c8:a6:08:9b:16:24 , -38
1732237350054 , c0:25:a2:a9:b1:4f , -61
1732237350054 , c8:a6:08:5a:b7:00 , -90
1732237350054 , c8:a6:08:9b:15:51 , -78
1732237350054 , c8:a6:08:5a:b7:01 , -89
1732237350054 , c8:a6:08:9b:15:50 , -78
1732237350054 , 84:af:ec:86:f0:60 , -66
1732237350054 , c8:a6:08:5a:b7:04 , -90
1732237350054 , c8:a6:08:9b:16:21 , -38
1732237350054 , 36:76:c5:90:29:c8 , -91
1732237350054 , c8:a6:08:9b:16:20 , -38
1732237350054 , c8:a6:08:5b:16:20 , -46
1732237350054 , c0:25:a2:a7:2e:1a , -62
1732237350054 , f8:b7:97:9b:d6:ff , -86
1732237350054 , f8:b7:97:9b:d6:fe , -80
1732237350054 , c8:a6:08:9a:bb:f0 , -83
1732237350054 , c8:a6:08:9a:bb:f1 , -83
1732237351061 , 74:03:bd:ef:8a:00 , -67
1732237351061 , c8:a6:08:9a:fe:71 , -76
1732237351061 , c8:a6:08:9a:fe:70 , -76
1732237351061 , c8:a6:08:9a:fe:74 , -76
1732237351061 , 84:af:ec:86:f0:70 , -80
1732237351061 , ac:44:f2:8c:e8:a8 , -83
1732237351061 , c8:a6:08:9a:bb:c1 , -69
1732237351061 , c8:a6:08:5a:fe:70 , -78
1732237351061 , c8:a6:08:9a:bb:c0 , -69
1732237351061 , d0:40:ef:f9:ef:75 , -52
1732237351061 , 74:03:bd:ef:8a:10 , -77
1732237351061 , 16:27:f5:e3:50:97 , -92
1732237351061 , 1a:27:f5:e3:50:97 , -93
1732237351061 , 10:27:f5:e3:50:97 , -93
1732237351061 , c8:a6:08:9b:16:01 , -54
1732237351061 , c8:a6:08:5b:16:01 , -56
1732237351061 , c8:a6:08:9b:16:00 , -53
1732237351061 , c8:a6:08:5b:16:00 , -55
1732237351061 , 80:ea:96:f2:cc:76 , -70
1732237351061 , 80:ea:96:f2:cc:77 , -79
1732237351061 , c8:a6:08:5a:bb:81 , -65
1732237351061 , c8:a6:08:9a:bc:10 , -62
1732237351061 , c8:a6:08:5a:bb:80 , -62
1732237351061 , c8:a6:08:9a:bc:11 , -62
1732237351061 , c8:a6:08:9a:bc:14 , -62
1732237351061 , c8:a6:08:9a:bb:80 , -67
1732237351061 , c8:a6:08:9a:bb:81 , -67
1732237351061 , ac:44:f2:8c:b0:e0 , -74
1732237351061 , c8:a6:08:9a:bb:84 , -67
1732237351061 , 60:84:bd:de:7c:67 , -56
1732237351061 , ac:44:f2:8c:e9:20 , -62
1732237351061 , c0:25:a2:a7:2e:2b , -70
1732237351061 , c0:25:a2:a7:2e:2a , -64
1732237351061 , 60:84:bd:de:7c:60 , -54
1732237351061 , c8:a6:08:9b:16:24 , -38
1732237351061 , c0:25:a2:a9:b1:4f , -61
1732237351061 , c8:a6:08:5a:b7:00 , -90
1732237351061 , c8:a6:08:9b:15:51 , -78
1732237351061 , c8:a6:08:5a:b7:01 , -89
1732237351061 , c8:a6:08:9b:15:50 , -78
1732237351061 , 84:af:ec:86:f0:60 , -66
1732237351061 , c8:a6:08:5a:b7:04 , -90
1732237351061 , c8:a6:08:9b:16:21 , -38
1732237351061 , 36:76:c5:90:29:c8 , -91
1732237351061 , c8:a6:08:9b:16:20 , -38
1732237351061 , c8:a6:08:5b:16:20 , -46
1732237351061 , c0:25:a2:a7:2e:1a , -62
1732237351061 , f8:b7:97:9b:d6:ff , -86
1732237351061 , f8:b7:97:9b:d6:fe , -80
1732237351061 , c8:a6:08:9a:bb:f0 , -83
1732237351061 , c8:a6:08:9a:bb:f1 , -83
1732237352077 , 74:03:bd:ef:8a:00 , -67
1732237352077 , c8:a6:08:9a:fe:71 , -76
1732237352077 , c8:a6:08:9a:fe:70 , -76
1732237352077 , c8:a6:08:9a:fe:74 , -76
1732237352077 , 84:af:ec:86:f0:70 , -80
1732237352077 , ac:44:f2:8c:e8:a8 , -83
1732237352077 , c8:a6:08:9a:bb:c1 , -69
1732237352077 , c8:a6:08:5a:fe:70 , -78
1732237352077 , c8:a6:08:9a:bb:c0 , -69
1732237352077 , d0:40:ef:f9:ef:75 , -52
1732237352077 , 74:03:bd:ef:8a:10 , -77
1732237352077 , 16:27:f5:e3:50:97 , -92
1732237352077 , 1a:27:f5:e3:50:97 , -93
1732237352077 , 10:27:f5:e3:50:97 , -93
1732237352077 , c8:a6:08:9b:16:01 , -54
1732237352077 , c8:a6:08:5b:16:01 , -56
1732237352077 , c8:a6:08:9b:16:00 , -53
1732237352077 , c8:a6:08:5b:16:00 , -55
1732237352077 , 80:ea:96:f2:cc:76 , -70
1732237352077 , 80:ea:96:f2:cc:77 , -79
1732237352077 , c8:a6:08:5a:bb:81 , -65
1732237352077 , c8:a6:08:9a:bc:10 , -62
1732237352077 , c8:a6:08:5a:bb:80 , -62
1732237352077 , c8:a6:08:9a:bc:11 , -62
1732237352077 , c8:a6:08:9a:bc:14 , -62
1732237352077 , c8:a6:08:9a:bb:80 , -67
1732237352077 , c8:a6:08:9a:bb:81 , -67
1732237352077 , ac:44:f2:8c:b0:e0 , -74
1732237352077 , c8:a6:08:9a:bb:84 , -67
1732237352077 , 60:84:bd:de:7c:67 , -56
1732237352077 , ac:44:f2:8c:e9:20 , -62
1732237352077 , c0:25:a2:a7:2e:2b , -70
1732237352077 , c0:25:a2:a7:2e:2a , -64
1732237352077 , 60:84:bd:de:7c:60 , -54
1732237352077 , c8:a6:08:9b:16:24 , -38
1732237352077 , c0:25:a2:a9:b1:4f , -61
1732237352077 , c8:a6:08:5a:b7:00 , -90
1732237352077 , c8:a6:08:9b:15:51 , -78
1732237352077 , c8:a6:08:5a:b7:01 , -89
1732237352077 , c8:a6:08:9b:15:50 , -78
1732237352077 , 84:af:ec:86:f0:60 , -66
1732237352077 , c8:a6:08:5a:b7:04 , -90
1732237352077 , c8:a6:08:9b:16:21 , -38
1732237352077 , 36:76:c5:90:29:c8 , -91
1732237352077 , c8:a6:08:9b:16:20 , -38
1732237352077 , c8:a6:08:5b:16:20 , -46
1732237352077 , c0:25:a2:a7:2e:1a , -62
1732237352077 , f8:b7:97:9b:d6:ff , -86
1732237352077 , f8:b7:97:9b:d6:fe , -80
1732237352077 , c8:a6:08:9a:bb:f0 , -83
1732237352077 , c8:a6:08:9a:bb:f1 , -83
1732237353098 , 74:03:bd:ef:8a:00 , -67
1732237353098 , c8:a6:08:9a:fe:71 , -76
1732237353098 , c8:a6:08:9a:fe:70 , -76
1732237353098 , c8:a6:08:9a:fe:74 , -76
1732237353098 , 84:af:ec:86:f0:70 , -80
1732237353098 , ac:44:f2:8c:e8:a8 , -83
1732237353098 , c8:a6:08:9a:bb:c1 , -69
1732237353098 , c8:a6:08:5a:fe:70 , -78
1732237353098 , c8:a6:08:9a:bb:c0 , -69
1732237353098 , d0:40:ef:f9:ef:75 , -52
1732237353098 , 74:03:bd:ef:8a:10 , -77
1732237353098 , 16:27:f5:e3:50:97 , -92
1732237353098 , 1a:27:f5:e3:50:97 , -93
1732237353098 , 10:27:f5:e3:50:97 , -93
1732237353098 , c8:a6:08:9b:16:01 , -54
1732237353098 , c8:a6:08:5b:16:01 , -56
1732237353098 , c8:a6:08:9b:16:00 , -53
1732237353098 , c8:a6:08:5b:16:00 , -55
1732237353098 , 80:ea:96:f2:cc:76 , -70
1732237353098 , 80:ea:96:f2:cc:77 , -79
1732237353098 , c8:a6:08:5a:bb:81 , -65
1732237353098 , c8:a6:08:9a:bc:10 , -62
1732237353098 , c8:a6:08:5a:bb:80 , -62
1732237353098 , c8:a6:08:9a:bc:11 , -62
1732237353098 , c8:a6:08:9a:bc:14 , -62
1732237353098 , c8:a6:08:9a:bb:80 , -67
1732237353098 , c8:a6:08:9a:bb:81 , -67
1732237353098 , ac:44:f2:8c:b0:e0 , -74
1732237353098 , c8:a6:08:9a:bb:84 , -67
1732237353098 , 60:84:bd:de:7c:67 , -56
1732237353098 , ac:44:f2:8c:e9:20 , -62
1732237353098 , c0:25:a2:a7:2e:2b , -70
1732237353098 , c0:25:a2:a7:2e:2a , -64
1732237353098 , 60:84:bd:de:7c:60 , -54
1732237353098 , c8:a6:08:9b:16:24 , -38
1732237353098 , c0:25:a2:a9:b1:4f , -61
1732237353098 , c8:a6:08:5a:b7:00 , -90
1732237353098 , c8:a6:08:9b:15:51 , -78
1732237353098 , c8:a6:08:5a:b7:01 , -89
1732237353098 , c8:a6:08:9b:15:50 , -78
1732237353098 , 84:af:ec:86:f0:60 , -66
1732237353098 , c8:a6:08:5a:b7:04 , -90
1732237353098 , c8:a6:08:9b:16:21 , -38
1732237353098 , 36:76:c5:90:29:c8 , -91
1732237353098 , c8:a6:08:9b:16:20 , -38
1732237353098 , c8:a6:08:5b:16:20 , -46
1732237353098 , c0:25:a2:a7:2e:1a , -62
1732237353098 , f8:b7:97:9b:d6:ff , -86
1732237353098 , f8:b7:97:9b:d6:fe , -80
1732237353098 , c8:a6:08:9a:bb:f0 , -83
1732237353098 , c8:a6:08:9a:bb:f1 , -83
1732237354110 , 74:03:bd:ef:8a:00 , -67
1732237354110 , c8:a6:08:9a:fe:71 , -76
1732237354110 , c8:a6:08:9a:fe:70 , -76
1732237354110 , c8:a6:08:9a:fe:74 , -76
1732237354110 , 84:af:ec:86:f0:70 , -80
1732237354110 , ac:44:f2:8c:e8:a8 , -83
1732237354110 , c8:a6:08:9a:bb:c1 , -69
1732237354110 , c8:a6:08:5a:fe:70 , -78
1732237354110 , c8:a6:08:9a:bb:c0 , -69
1732237354110 , d0:40:ef:f9:ef:75 , -52
1732237354110 , 74:03:bd:ef:8a:10 , -77
1732237354110 , 16:27:f5:e3:50:97 , -92
1732237354110 , 1a:27:f5:e3:50:97 , -93
1732237354110 , 10:27:f5:e3:50:97 , -93
1732237354110 , c8:a6:08:9b:16:01 , -54
1732237354110 , c8:a6:08:5b:16:01 , -56
1732237354110 , c8:a6:08:9b:16:00 , -53
1732237354110 , c8:a6:08:5b:16:00 , -55
1732237354110 , 80:ea:96:f2:cc:76 , -70
1732237354110 , 80:ea:96:f2:cc:77 , -79
1732237354110 , c8:a6:08:5a:bb:81 , -65
1732237354110 , c8:a6:08:9a:bc:10 , -62
1732237354110 , c8:a6:08:5a:bb:80 , -62
1732237354110 , c8:a6:08:9a:bc:11 , -62
1732237354110 , c8:a6:08:9a:bc:14 , -62
1732237354110 , c8:a6:08:9a:bb:80 , -67
1732237354110 , c8:a6:08:9a:bb:81 , -67
1732237354110 , ac:44:f2:8c:b0:e0 , -74
1732237354110 , c8:a6:08:9a:bb:84 , -67
1732237354110 , 60:84:bd:de:7c:67 , -56
1732237354110 , ac:44:f2:8c:e9:20 , -62
1732237354110 , c0:25:a2:a7:2e:2b , -70
1732237354110 , c0:25:a2:a7:2e:2a , -64
1732237354110 , 60:84:bd:de:7c:60 , -54
1732237354110 , c8:a6:08:9b:16:24 , -38
1732237354110 , c0:25:a2:a9:b1:4f , -61
1732237354110 , c8:a6:08:5a:b7:00 , -90
1732237354110 , c8:a6:08:9b:15:51 , -78
1732237354110 , c8:a6:08:5a:b7:01 , -89
1732237354110 , c8:a6:08:9b:15:50 , -78
1732237354110 , 84:af:ec:86:f0:60 , -66
1732237354110 , c8:a6:08:5a:b7:04 , -90
1732237354110 , c8:a6:08:9b:16:21 , -38
1732237354110 , 36:76:c5:90:29:c8 , -91
1732237354110 , c8:a6:08:9b:16:20 , -38
1732237354110 , c8:a6:08:5b:16:20 , -46
1732237354110 , c0:25:a2:a7:2e:1a , -62
1732237354110 , f8:b7:97:9b:d6:ff , -86
1732237354110 , f8:b7:97:9b:d6:fe , -80
1732237354110 , c8:a6:08:9a:bb:f0 , -83
1732237354110 , c8:a6:08:9a:bb:f1 , -83
1732237355122 , 74:03:bd:ef:8a:00 , -67
1732237355122 , c8:a6:08:9a:fe:71 , -76
1732237355122 , c8:a6:08:9a:fe:70 , -76
1732237355122 , c8:a6:08:9a:fe:74 , -76
1732237355122 , 84:af:ec:86:f0:70 , -80
1732237355122 , ac:44:f2:8c:e8:a8 , -83
1732237355122 , c8:a6:08:9a:bb:c1 , -69
1732237355122 , c8:a6:08:5a:fe:70 , -78
1732237355122 , c8:a6:08:9a:bb:c0 , -69
1732237355122 , d0:40:ef:f9:ef:75 , -52
1732237355122 , 74:03:bd:ef:8a:10 , -77
1732237355122 , 16:27:f5:e3:50:97 , -92
1732237355122 , 1a:27:f5:e3:50:97 , -93
1732237355122 , 10:27:f5:e3:50:97 , -93
1732237355122 , c8:a6:08:9b:16:01 , -54
1732237355122 , c8:a6:08:5b:16:01 , -56
1732237355122 , c8:a6:08:9b:16:00 , -53
1732237355122 , c8:a6:08:5b:16:00 , -55
1732237355122 , 80:ea:96:f2:cc:76 , -70
1732237355122 , 80:ea:96:f2:cc:77 , -79
1732237355122 , c8:a6:08:5a:bb:81 , -65
1732237355122 , c8:a6:08:9a:bc:10 , -62
1732237355122 , c8:a6:08:5a:bb:80 , -62
1732237355122 , c8:a6:08:9a:bc:11 , -62
1732237355122 , c8:a6:08:9a:bc:14 , -62
1732237355122 , c8:a6:08:9a:bb:80 , -67
1732237355122 , c8:a6:08:9a:bb:81 , -67
1732237355122 , ac:44:f2:8c:b0:e0 , -74
1732237355122 , c8:a6:08:9a:bb:84 , -67
1732237355122 , 60:84:bd:de:7c:67 , -56
1732237355122 , ac:44:f2:8c:e9:20 , -62
1732237355122 , c0:25:a2:a7:2e:2b , -70
1732237355122 , c0:25:a2:a7:2e:2a , -64
1732237355122 , 60:84:bd:de:7c:60 , -54
1732237355122 , c8:a6:08:9b:16:24 , -38
1732237355122 , c0:25:a2:a9:b1:4f , -61
1732237355122 , c8:a6:08:5a:b7:00 , -90
1732237355122 , c8:a6:08:9b:15:51 , -78
1732237355122 , c8:a6:08:5a:b7:01 , -89
1732237355122 , c8:a6:08:9b:15:50 , -78
1732237355122 , 84:af:ec:86:f0:60 , -66
1732237355122 , c8:a6:08:5a:b7:04 , -90
1732237355122 , c8:a6:08:9b:16:21 , -38
1732237355122 , 36:76:c5:90:29:c8 , -91
1732237355122 , c8:a6:08:9b:16:20 , -38
1732237355122 , c8:a6:08:5b:16:20 , -46
1732237355122 , c0:25:a2:a7:2e:1a , -62
1732237355122 , f8:b7:97:9b:d6:ff , -86
1732237355122 , f8:b7:97:9b:d6:fe , -80
1732237355122 , c8:a6:08:9a:bb:f0 , -83
1732237355122 , c8:a6:08:9a:bb:f1 , -83
1732237356118 , 74:03:bd:ef:8a:00 , -67
1732237356118 , c8:a6:08:9a:fe:71 , -76
1732237356118 , c8:a6:08:9a:fe:70 , -76
1732237356118 , c8:a6:08:9a:fe:74 , -76
1732237356118 , 84:af:ec:86:f0:70 , -80
1732237356118 , ac:44:f2:8c:e8:a8 , -83
1732237356118 , c8:a6:08:9a:bb:c1 , -69
1732237356118 , c8:a6:08:5a:fe:70 , -78
1732237356118 , c8:a6:08:9a:bb:c0 , -69
1732237356118 , d0:40:ef:f9:ef:75 , -52
1732237356118 , 74:03:bd:ef:8a:10 , -77
1732237356118 , 16:27:f5:e3:50:97 , -92
1732237356118 , 1a:27:f5:e3:50:97 , -93
1732237356118 , 10:27:f5:e3:50:97 , -93
1732237356118 , c8:a6:08:9b:16:01 , -54
1732237356118 , c8:a6:08:5b:16:01 , -56
1732237356118 , c8:a6:08:9b:16:00 , -53
1732237356118 , c8:a6:08:5b:16:00 , -55
1732237356118 , 80:ea:96:f2:cc:76 , -70
1732237356118 , 80:ea:96:f2:cc:77 , -79
1732237356118 , c8:a6:08:5a:bb:81 , -65
1732237356118 , c8:a6:08:9a:bc:10 , -62
1732237356118 , c8:a6:08:5a:bb:80 , -62
1732237356118 , c8:a6:08:9a:bc:11 , -62
1732237356118 , c8:a6:08:9a:bc:14 , -62
1732237356118 , c8:a6:08:9a:bb:80 , -67
1732237356118 , c8:a6:08:9a:bb:81 , -67
1732237356118 , ac:44:f2:8c:b0:e0 , -74
1732237356118 , c8:a6:08:9a:bb:84 , -67
1732237356118 , 60:84:bd:de:7c:67 , -56
1732237356118 , ac:44:f2:8c:e9:20 , -62
1732237356118 , c0:25:a2:a7:2e:2b , -70
1732237356118 , c0:25:a2:a7:2e:2a , -64
1732237356118 , 60:84:bd:de:7c:60 , -54
1732237356118 , c8:a6:08:9b:16:24 , -38
1732237356118 , c0:25:a2:a9:b1:4f , -61
1732237356118 , c8:a6:08:5a:b7:00 , -90
1732237356118 , c8:a6:08:9b:15:51 , -78
1732237356118 , c8:a6:08:5a:b7:01 , -89
1732237356118 , c8:a6:08:9b:15:50 , -78
1732237356118 , 84:af:ec:86:f0:60 , -66
1732237356118 , c8:a6:08:5a:b7:04 , -90
1732237356118 , c8:a6:08:9b:16:21 , -38
1732237356118 , 36:76:c5:90:29:c8 , -91
1732237356118 , c8:a6:08:9b:16:20 , -38
1732237356118 , c8:a6:08:5b:16:20 , -46
1732237356118 , c0:25:a2:a7:2e:1a , -62
1732237356118 , f8:b7:97:9b:d6:ff , -86
1732237356118 , f8:b7:97:9b:d6:fe , -80
1732237356118 , c8:a6:08:9a:bb:f0 , -83
1732237356118 , c8:a6:08:9a:bb:f1 , -83
1732237357110 , 74:03:bd:ef:8a:00 , -67
1732237357110 , c8:a6:08:9a:fe:71 , -76
1732237357110 , c8:a6:08:9a:fe:70 , -76
1732237357110 , c8:a6:08:9a:fe:74 , -76
1732237357110 , 84:af:ec:86:f0:70 , -80
1732237357110 , ac:44:f2:8c:e8:a8 , -83
1732237357110 , c8:a6:08:9a:bb:c1 , -69
1732237357110 , c8:a6:08:5a:fe:70 , -78
1732237357110 , c8:a6:08:9a:bb:c0 , -69
1732237357110 , d0:40:ef:f9:ef:75 , -52
1732237357110 , 74:03:bd:ef:8a:10 , -77
1732237357110 , 16:27:f5:e3:50:97 , -92
1732237357110 , 1a:27:f5:e3:50:97 , -93
1732237357110 , 10:27:f5:e3:50:97 , -93
1732237357110 , c8:a6:08:9b:16:01 , -54
1732237357110 , c8:a6:08:5b:16:01 , -56
1732237357110 , c8:a6:08:9b:16:00 , -53
1732237357110 , c8:a6:08:5b:16:00 , -55
1732237357110 , 80:ea:96:f2:cc:76 , -70
1732237357110 , 80:ea:96:f2:cc:77 , -79
1732237357110 , c8:a6:08:5a:bb:81 , -65
1732237357110 , c8:a6:08:9a:bc:10 , -62
1732237357110 , c8:a6:08:5a:bb:80 , -62
1732237357110 , c8:a6:08:9a:bc:11 , -62
1732237357110 , c8:a6:08:9a:bc:14 , -62
1732237357110 , c8:a6:08:9a:bb:80 , -67
1732237357110 , c8:a6:08:9a:bb:81 , -67
1732237357110 , ac:44:f2:8c:b0:e0 , -74
1732237357110 , c8:a6:08:9a:bb:84 , -67
1732237357110 , 60:84:bd:de:7c:67 , -56
1732237357110 , ac:44:f2:8c:e9:20 , -62
1732237357110 , c0:25:a2:a7:2e:2b , -70
1732237357110 , c0:25:a2:a7:2e:2a , -64
1732237357110 , 60:84:bd:de:7c:60 , -54
1732237357110 , c8:a6:08:9b:16:24 , -38
1732237357110 , c0:25:a2:a9:b1:4f , -61
1732237357110 , c8:a6:08:5a:b7:00 , -90
1732237357110 , c8:a6:08:9b:15:51 , -78
1732237357110 , c8:a6:08:5a:b7:01 , -89
1732237357110 , c8:a6:08:9b:15:50 , -78
1732237357110 , 84:af:ec:86:f0:60 , -66
1732237357110 , c8:a6:08:5a:b7:04 , -90
1732237357110 , c8:a6:08:9b:16:21 , -38
1732237357110 , 36:76:c5:90:29:c8 , -91
1732237357110 , c8:a6:08:9b:16:20 , -38
1732237357110 , c8:a6:08:5b:16:20 , -46
1732237357110 , c0:25:a2:a7:2e:1a , -62
1732237357110 , f8:b7:97:9b:d6:ff , -86
1732237357110 , f8:b7:97:9b:d6:fe , -80
1732237357110 , c8:a6:08:9a:bb:f0 , -83
1732237357110 , c8:a6:08:9a:bb:f1 , -83
1732237358142 , 74:03:bd:ef:8a:00 , -67
1732237358142 , c8:a6:08:9a:fe:71 , -76
1732237358142 , c8:a6:08:9a:fe:70 , -76
1732237358142 , c8:a6:08:9a:fe:74 , -76
1732237358142 , 84:af:ec:86:f0:70 , -80
1732237358142 , ac:44:f2:8c:e8:a8 , -83
1732237358142 , c8:a6:08:9a:bb:c1 , -69
1732237358142 , c8:a6:08:5a:fe:70 , -78
1732237358142 , c8:a6:08:9a:bb:c0 , -69
1732237358142 , d0:40:ef:f9:ef:75 , -52
1732237358142 , 74:03:bd:ef:8a:10 , -77
1732237358142 , 16:27:f5:e3:50:97 , -92
1732237358142 , 1a:27:f5:e3:50:97 , -93
1732237358142 , 10:27:f5:e3:50:97 , -93
1732237358142 , c8:a6:08:9b:16:01 , -54
1732237358142 , c8:a6:08:5b:16:01 , -56
1732237358142 , c8:a6:08:9b:16:00 , -53
1732237358142 , c8:a6:08:5b:16:00 , -55
1732237358142 , 80:ea:96:f2:cc:76 , -70
1732237358142 , 80:ea:96:f2:cc:77 , -79
1732237358142 , c8:a6:08:5a:bb:81 , -65
1732237358142 , c8:a6:08:9a:bc:10 , -62
1732237358142 , c8:a6:08:5a:bb:80 , -62
1732237358142 , c8:a6:08:9a:bc:11 , -62
1732237358142 , c8:a6:08:9a:bc:14 , -62
1732237358142 , c8:a6:08:9a:bb:80 , -67
1732237358142 , c8:a6:08:9a:bb:81 , -67
1732237358142 , ac:44:f2:8c:b0:e0 , -74
1732237358142 , c8:a6:08:9a:bb:84 , -67
1732237358142 , 60:84:bd:de:7c:67 , -56
1732237358142 , ac:44:f2:8c:e9:20 , -62
1732237358142 , c0:25:a2:a7:2e:2b , -70
1732237358142 , c0:25:a2:a7:2e:2a , -64
1732237358142 , 60:84:bd:de:7c:60 , -54
1732237358142 , c8:a6:08:9b:16:24 , -38
1732237358142 , c0:25:a2:a9:b1:4f , -61
1732237358142 , c8:a6:08:5a:b7:00 , -90
1732237358142 , c8:a6:08:9b:15:51 , -78
1732237358142 , c8:a6:08:5a:b7:01 , -89
1732237358142 , c8:a6:08:9b:15:50 , -78
1732237358142 , 84:af:ec:86:f0:60 , -66
1732237358142 , c8:a6:08:5a:b7:04 , -90
1732237358142 , c8:a6:08:9b:16:21 , -38
1732237358142 , 36:76:c5:90:29:c8 , -91
1732237358142 , c8:a6:08:9b:16:20 , -38
1732237358142 , c8:a6:08:5b:16:20 , -46
1732237358142 , c0:25:a2:a7:2e:1a , -62
1732237358142 , f8:b7:97:9b:d6:ff , -86
1732237358142 , f8:b7:97:9b:d6:fe , -80
1732237358142 , c8:a6:08:9a:bb:f0 , -83
1732237358142 , c8:a6:08:9a:bb:f1 , -83
1732237359143 , 74:03:bd:ef:8a:00 , -67
1732237359143 , c8:a6:08:9a:fe:71 , -76
1732237359143 , c8:a6:08:9a:fe:70 , -76
1732237359143 , c8:a6:08:9a:fe:74 , -76
1732237359143 , 84:af:ec:86:f0:70 , -80
1732237359143 , ac:44:f2:8c:e8:a8 , -83
1732237359143 , c8:a6:08:9a:bb:c1 , -69
1732237359143 , c8:a6:08:5a:fe:70 , -78
1732237359143 , c8:a6:08:9a:bb:c0 , -69
1732237359143 , d0:40:ef:f9:ef:75 , -52
1732237359143 , 74:03:bd:ef:8a:10 , -77
1732237359143 , 16:27:f5:e3:50:97 , -92
1732237359143 , 1a:27:f5:e3:50:97 , -93
1732237359143 , 10:27:f5:e3:50:97 , -93
1732237359143 , c8:a6:08:9b:16:01 , -54
1732237359143 , c8:a6:08:5b:16:01 , -56
1732237359143 , c8:a6:08:9b:16:00 , -53
1732237359143 , c8:a6:08:5b:16:00 , -55
1732237359143 , 80:ea:96:f2:cc:76 , -70
1732237359143 , 80:ea:96:f2:cc:77 , -79
1732237359143 , c8:a6:08:5a:bb:81 , -65
1732237359143 , c8:a6:08:9a:bc:10 , -62
1732237359143 , c8:a6:08:5a:bb:80 , -62
1732237359143 , c8:a6:08:9a:bc:11 , -62
1732237359143 , c8:a6:08:9a:bc:14 , -62
1732237359143 , c8:a6:08:9a:bb:80 , -67
1732237359143 , c8:a6:08:9a:bb:81 , -67
1732237359143 , ac:44:f2:8c:b0:e0 , -74
1732237359143 , c8:a6:08:9a:bb:84 , -67
1732237359143 , 60:84:bd:de:7c:67 , -56
1732237359143 , ac:44:f2:8c:e9:20 , -62
1732237359143 , c0:25:a2:a7:2e:2b , -70
1732237359143 , c0:25:a2:a7:2e:2a , -64
1732237359143 , 60:84:bd:de:7c:60 , -54
1732237359143 , c8:a6:08:9b:16:24 , -38
1732237359143 , c0:25:a2:a9:b1:4f , -61
1732237359143 , c8:a6:08:5a:b7:00 , -90
1732237359143 , c8:a6:08:9b:15:51 , -78
1732237359143 , c8:a6:08:5a:b7:01 , -89
1732237359143 , c8:a6:08:9b:15:50 , -78
1732237359143 , 84:af:ec:86:f0:60 , -66
1732237359143 , c8:a6:08:5a:b7:04 , -90
1732237359143 , c8:a6:08:9b:16:21 , -38
1732237359143 , 36:76:c5:90:29:c8 , -91
1732237359143 , c8:a6:08:9b:16:20 , -38
1732237359143 , c8:a6:08:5b:16:20 , -46
1732237359143 , c0:25:a2:a7:2e:1a , -62
1732237359143 , f8:b7:97:9b:d6:ff , -86
1732237359143 , f8:b7:97:9b:d6:fe , -80
1732237359143 , c8:a6:08:9a:bb:f0 , -83
1732237359143 , c8:a6:08:9a:bb:f1 , -83
1732237360157 , 74:03:bd:ef:8a:00 , -67
1732237360157 , c8:a6:08:9a:fe:71 , -76
1732237360157 , c8:a6:08:9a:fe:70 , -76
1732237360157 , c8:a6:08:9a:fe:74 , -76
1732237360157 , 84:af:ec:86:f0:70 , -80
1732237360157 , ac:44:f2:8c:e8:a8 , -83
1732237360157 , c8:a6:08:9a:bb:c1 , -69
1732237360157 , c8:a6:08:5a:fe:70 , -78
1732237360157 , c8:a6:08:9a:bb:c0 , -69
1732237360157 , d0:40:ef:f9:ef:75 , -52
1732237360157 , 74:03:bd:ef:8a:10 , -77
1732237360157 , 16:27:f5:e3:50:97 , -92
1732237360157 , 1a:27:f5:e3:50:97 , -93
1732237360157 , 10:27:f5:e3:50:97 , -93
1732237360157 , c8:a6:08:9b:16:01 , -54
1732237360157 , c8:a6:08:5b:16:01 , -56
1732237360157 , c8:a6:08:9b:16:00 , -53
1732237360157 , c8:a6:08:5b:16:00 , -55
1732237360157 , 80:ea:96:f2:cc:76 , -70
1732237360157 , 80:ea:96:f2:cc:77 , -79
1732237360157 , c8:a6:08:5a:bb:81 , -65
1732237360157 , c8:a6:08:9a:bc:10 , -62
1732237360157 , c8:a6:08:5a:bb:80 , -62
1732237360157 , c8:a6:08:9a:bc:11 , -62
1732237360157 , c8:a6:08:9a:bc:14 , -62
1732237360157 , c8:a6:08:9a:bb:80 , -67
1732237360157 , c8:a6:08:9a:bb:81 , -67
1732237360157 , ac:44:f2:8c:b0:e0 , -74
1732237360157 , c8:a6:08:9a:bb:84 , -67
1732237360157 , 60:84:bd:de:7c:67 , -56
1732237360157 , ac:44:f2:8c:e9:20 , -62
1732237360157 , c0:25:a2:a7:2e:2b , -70
1732237360157 , c0:25:a2:a7:2e:2a , -64
1732237360157 , 60:84:bd:de:7c:60 , -54
1732237360157 , c8:a6:08:9b:16:24 , -38
1732237360157 , c0:25:a2:a9:b1:4f , -61
1732237360157 , c8:a6:08:5a:b7:00 , -90
1732237360157 , c8:a6:08:9b:15:51 , -78
1732237360157 , c8:a6:08:5a:b7:01 , -89
1732237360157 , c8:a6:08:9b:15:50 , -78
1732237360157 , 84:af:ec:86:f0:60 , -66
1732237360157 , c8:a6:08:5a:b7:04 , -90
1732237360157 , c8:a6:08:9b:16:21 , -38
1732237360157 , 36:76:c5:90:29:c8 , -91
1732237360157 , c8:a6:08:9b:16:20 , -38
1732237360157 , c8:a6:08:5b:16:20 , -46
1732237360157 , c0:25:a2:a7:2e:1a , -62
1732237360157 , f8:b7:97:9b:d6:ff , -86
1732237360157 , f8:b7:97:9b:d6:fe , -80
1732237360157 , c8:a6:08:9a:bb:f0 , -83
1732237360157 , c8:a6:08:9a:bb:f1 , -83
1732237361158 , 74:03:bd:ef:8a:00 , -67
1732237361158 , c8:a6:08:9a:fe:71 , -76
1732237361158 , c8:a6:08:9a:fe:70 , -76
1732237361158 , c8:a6:08:9a:fe:74 , -76
1732237361158 , 84:af:ec:86:f0:70 , -80
1732237361158 , ac:44:f2:8c:e8:a8 , -83
1732237361158 , c8:a6:08:9a:bb:c1 , -69
1732237361158 , c8:a6:08:5a:fe:70 , -78
1732237361158 , c8:a6:08:9a:bb:c0 , -69
1732237361158 , d0:40:ef:f9:ef:75 , -52
1732237361158 , 74:03:bd:ef:8a:10 , -77
1732237361158 , 16:27:f5:e3:50:97 , -92
1732237361158 , 1a:27:f5:e3:50:97 , -93
1732237361158 , 10:27:f5:e3:50:97 , -93
1732237361158 , c8:a6:08:9b:16:01 , -54
1732237361158 , c8:a6:08:5b:16:01 , -56
1732237361158 , c8:a6:08:9b:16:00 , -53
1732237361158 , c8:a6:08:5b:16:00 , -55
1732237361158 , 80:ea:96:f2:cc:76 , -70
1732237361158 , 80:ea:96:f2:cc:77 , -79
1732237361158 , c8:a6:08:5a:bb:81 , -65
1732237361158 , c8:a6:08:9a:bc:10 , -62
1732237361158 , c8:a6:08:5a:bb:80 , -62
1732237361158 , c8:a6:08:9a:bc:11 , -62
1732237361158 , c8:a6:08:9a:bc:14 , -62
1732237361158 , c8:a6:08:9a:bb:80 , -67
1732237361158 , c8:a6:08:9a:bb:81 , -67
1732237361158 , ac:44:f2:8c:b0:e0 , -74
1732237361158 , c8:a6:08:9a:bb:84 , -67
1732237361158 , 60:84:bd:de:7c:67 , -56
1732237361158 , ac:44:f2:8c:e9:20 , -62
1732237361158 , c0:25:a2:a7:2e:2b , -70
1732237361158 , c0:25:a2:a7:2e:2a , -64
1732237361158 , 60:84:bd:de:7c:60 , -54
1732237361158 , c8:a6:08:9b:16:24 , -38
1732237361158 , c0:25:a2:a9:b1:4f , -61
1732237361158 , c8:a6:08:5a:b7:00 , -90
1732237361158 , c8:a6:08:9b:15:51 , -78
1732237361158 , c8:a6:08:5a:b7:01 , -89
1732237361158 , c8:a6:08:9b:15:50 , -78
1732237361158 , 84:af:ec:86:f0:60 , -66
1732237361158 , c8:a6:08:5a:b7:04 , -90
1732237361158 , c8:a6:08:9b:16:21 , -38
1732237361158 , 36:76:c5:90:29:c8 , -91
1732237361158 , c8:a6:08:9b:16:20 , -38
1732237361158 , c8:a6:08:5b:16:20 , -46
1732237361158 , c0:25:a2:a7:2e:1a , -62
1732237361158 , f8:b7:97:9b:d6:ff , -86
1732237361158 , f8:b7:97:9b:d6:fe , -80
1732237361158 , c8:a6:08:9a:bb:f0 , -83
1732237361158 , c8:a6:08:9a:bb:f1 , -83
1732237362169 , 74:03:bd:ef:8a:00 , -67
1732237362169 , c8:a6:08:9a:fe:71 , -76
1732237362169 , c8:a6:08:9a:fe:70 , -76
1732237362169 , c8:a6:08:9a:fe:74 , -76
1732237362169 , 84:af:ec:86:f0:70 , -80
1732237362169 , ac:44:f2:8c:e8:a8 , -83
1732237362169 , c8:a6:08:9a:bb:c1 , -69
1732237362169 , c8:a6:08:5a:fe:70 , -78
1732237362169 , c8:a6:08:9a:bb:c0 , -69
1732237362169 , d0:40:ef:f9:ef:75 , -52
1732237362169 , 74:03:bd:ef:8a:10 , -77
1732237362169 , 16:27:f5:e3:50:97 , -92
1732237362169 , 1a:27:f5:e3:50:97 , -93
1732237362169 , 10:27:f5:e3:50:97 , -93
1732237362169 , c8:a6:08:9b:16:01 , -54
1732237362169 , c8:a6:08:5b:16:01 , -56
1732237362169 , c8:a6:08:9b:16:00 , -53
1732237362169 , c8:a6:08:5b:16:00 , -55
1732237362169 , 80:ea:96:f2:cc:76 , -70
1732237362169 , 80:ea:96:f2:cc:77 , -79
1732237362169 , c8:a6:08:5a:bb:81 , -65
1732237362169 , c8:a6:08:9a:bc:10 , -62
1732237362169 , c8:a6:08:5a:bb:80 , -62
1732237362169 , c8:a6:08:9a:bc:11 , -62
1732237362169 , c8:a6:08:9a:bc:14 , -62
1732237362169 , c8:a6:08:9a:bb:80 , -67
1732237362169 , c8:a6:08:9a:bb:81 , -67
1732237362169 , ac:44:f2:8c:b0:e0 , -74
1732237362169 , c8:a6:08:9a:bb:84 , -67
1732237362169 , 60:84:bd:de:7c:67 , -56
1732237362169 , ac:44:f2:8c:e9:20 , -62
1732237362169 , c0:25:a2:a7:2e:2b , -70
1732237362169 , c0:25:a2:a7:2e:2a , -64
1732237362169 , 60:84:bd:de:7c:60 , -54
1732237362169 , c8:a6:08:9b:16:24 , -38
1732237362169 , c0:25:a2:a9:b1:4f , -61
1732237362169 , c8:a6:08:5a:b7:00 , -90
1732237362169 , c8:a6:08:9b:15:51 , -78
1732237362169 , c8:a6:08:5a:b7:01 , -89
1732237362169 , c8:a6:08:9b:15:50 , -78
1732237362169 , 84:af:ec:86:f0:60 , -66
1732237362169 , c8:a6:08:5a:b7:04 , -90
1732237362169 , c8:a6:08:9b:16:21 , -38
1732237362169 , 36:76:c5:90:29:c8 , -91
1732237362169 , c8:a6:08:9b:16:20 , -38
1732237362169 , c8:a6:08:5b:16:20 , -46
1732237362169 , c0:25:a2:a7:2e:1a , -62
1732237362169 , f8:b7:97:9b:d6:ff , -86
1732237362169 , f8:b7:97:9b:d6:fe , -80
1732237362169 , c8:a6:08:9a:bb:f0 , -83
1732237362169 , c8:a6:08:9a:bb:f1 , -83
1732237363176 , 74:03:bd:ef:8a:00 , -67
1732237363176 , c8:a6:08:9a:fe:71 , -76
1732237363176 , c8:a6:08:9a:fe:70 , -76
1732237363176 , c8:a6:08:9a:fe:74 , -76
1732237363176 , 84:af:ec:86:f0:70 , -80
1732237363176 , ac:44:f2:8c:e8:a8 , -83
1732237363176 , c8:a6:08:9a:bb:c1 , -69
1732237363176 , c8:a6:08:5a:fe:70 , -78
1732237363176 , c8:a6:08:9a:bb:c0 , -69
1732237363176 , d0:40:ef:f9:ef:75 , -52
1732237363176 , 74:03:bd:ef:8a:10 , -77
1732237363176 , 16:27:f5:e3:50:97 , -92
1732237363176 , 1a:27:f5:e3:50:97 , -93
1732237363176 , 10:27:f5:e3:50:97 , -93
1732237363176 , c8:a6:08:9b:16:01 , -54
1732237363176 , c8:a6:08:5b:16:01 , -56
1732237363176 , c8:a6:08:9b:16:00 , -53
1732237363176 , c8:a6:08:5b:16:00 , -55
1732237363176 , 80:ea:96:f2:cc:76 , -70
1732237363176 , 80:ea:96:f2:cc:77 , -79
1732237363176 , c8:a6:08:5a:bb:81 , -65
1732237363176 , c8:a6:08:9a:bc:10 , -62
1732237363176 , c8:a6:08:5a:bb:80 , -62
1732237363176 , c8:a6:08:9a:bc:11 , -62
1732237363176 , c8:a6:08:9a:bc:14 , -62
1732237363176 , c8:a6:08:9a:bb:80 , -67
1732237363176 , c8:a6:08:9a:bb:81 , -67
1732237363176 , ac:44:f2:8c:b0:e0 , -74
1732237363176 , c8:a6:08:9a:bb:84 , -67
1732237363176 , 60:84:bd:de:7c:67 , -56
1732237363176 , ac:44:f2:8c:e9:20 , -62
1732237363176 , c0:25:a2:a7:2e:2b , -70
1732237363176 , c0:25:a2:a7:2e:2a , -64
1732237363176 , 60:84:bd:de:7c:60 , -54
1732237363176 , c8:a6:08:9b:16:24 , -38
1732237363176 , c0:25:a2:a9:b1:4f , -61
1732237363176 , c8:a6:08:5a:b7:00 , -90
1732237363176 , c8:a6:08:9b:15:51 , -78
1732237363176 , c8:a6:08:5a:b7:01 , -89
1732237363176 , c8:a6:08:9b:15:50 , -78
1732237363176 , 84:af:ec:86:f0:60 , -66
1732237363176 , c8:a6:08:5a:b7:04 , -90
1732237363176 , c8:a6:08:9b:16:21 , -38
1732237363176 , 36:76:c5:90:29:c8 , -91
1732237363176 , c8:a6:08:9b:16:20 , -38
1732237363176 , c8:a6:08:5b:16:20 , -46
1732237363176 , c0:25:a2:a7:2e:1a , -62
1732237363176 , f8:b7:97:9b:d6:ff , -86
1732237363176 , f8:b7:97:9b:d6:fe , -80
1732237363176 , c8:a6:08:9a:bb:f0 , -83
1732237363176 , c8:a6:08:9a:bb:f1 , -83
1732237364186 , 74:03:bd:ef:8a:00 , -67
1732237364186 , c8:a6:08:9a:fe:71 , -76
1732237364186 , c8:a6:08:9a:fe:70 , -76
1732237364186 , c8:a6:08:9a:fe:74 , -76
1732237364186 , 84:af:ec:86:f0:70 , -80
1732237364186 , ac:44:f2:8c:e8:a8 , -83
1732237364186 , c8:a6:08:9a:bb:c1 , -69
1732237364186 , c8:a6:08:5a:fe:70 , -78
1732237364186 , c8:a6:08:9a:bb:c0 , -69
1732237364186 , d0:40:ef:f9:ef:75 , -52
1732237364186 , 74:03:bd:ef:8a:10 , -77
1732237364186 , 16:27:f5:e3:50:97 , -92
1732237364186 , 1a:27:f5:e3:50:97 , -93
1732237364186 , 10:27:f5:e3:50:97 , -93
1732237364186 , c8:a6:08:9b:16:01 , -54
1732237364186 , c8:a6:08:5b:16:01 , -56
1732237364186 , c8:a6:08:9b:16:00 , -53
1732237364186 , c8:a6:08:5b:16:00 , -55
1732237364186 , 80:ea:96:f2:cc:76 , -70
1732237364186 , 80:ea:96:f2:cc:77 , -79
1732237364186 , c8:a6:08:5a:bb:81 , -65
1732237364186 , c8:a6:08:9a:bc:10 , -62
1732237364186 , c8:a6:08:5a:bb:80 , -62
1732237364186 , c8:a6:08:9a:bc:11 , -62
1732237364186 , c8:a6:08:9a:bc:14 , -62
1732237364186 , c8:a6:08:9a:bb:80 , -67
1732237364186 , c8:a6:08:9a:bb:81 , -67
1732237364186 , ac:44:f2:8c:b0:e0 , -74
1732237364186 , c8:a6:08:9a:bb:84 , -67
1732237364186 , 60:84:bd:de:7c:67 , -56
1732237364186 , ac:44:f2:8c:e9:20 , -62
1732237364186 , c0:25:a2:a7:2e:2b , -70
1732237364186 , c0:25:a2:a7:2e:2a , -64
1732237364186 , 60:84:bd:de:7c:60 , -54
1732237364186 , c8:a6:08:9b:16:24 , -38
1732237364186 , c0:25:a2:a9:b1:4f , -61
1732237364186 , c8:a6:08:5a:b7:00 , -90
1732237364186 , c8:a6:08:9b:15:51 , -78
1732237364186 , c8:a6:08:5a:b7:01 , -89
1732237364186 , c8:a6:08:9b:15:50 , -78
1732237364186 , 84:af:ec:86:f0:60 , -66
1732237364186 , c8:a6:08:5a:b7:04 , -90
1732237364186 , c8:a6:08:9b:16:21 , -38
1732237364186 , 36:76:c5:90:29:c8 , -91
1732237364186 , c8:a6:08:9b:16:20 , -38
1732237364186 , c8:a6:08:5b:16:20 , -46
1732237364186 , c0:25:a2:a7:2e:1a , -62
1732237364186 , f8:b7:97:9b:d6:ff , -86
1732237364186 , f8:b7:97:9b:d6:fe , -80
1732237364186 , c8:a6:08:9a:bb:f0 , -83
1732237364186 , c8:a6:08:9a:bb:f1 , -83
1732237365194 , 74:03:bd:ef:8a:00 , -67
1732237365194 , c8:a6:08:9a:fe:71 , -76
1732237365194 , c8:a6:08:9a:fe:70 , -76
1732237365194 , c8:a6:08:9a:fe:74 , -76
1732237365194 , 84:af:ec:86:f0:70 , -80
1732237365194 , ac:44:f2:8c:e8:a8 , -83
1732237365194 , c8:a6:08:9a:bb:c1 , -69
1732237365194 , c8:a6:08:5a:fe:70 , -78
1732237365194 , c8:a6:08:9a:bb:c0 , -69
1732237365194 , d0:40:ef:f9:ef:75 , -52
1732237365194 , 74:03:bd:ef:8a:10 , -77
1732237365194 , 16:27:f5:e3:50:97 , -92
1732237365194 , 1a:27:f5:e3:50:97 , -93
1732237365194 , 10:27:f5:e3:50:97 , -93
1732237365194 , c8:a6:08:9b:16:01 , -54
1732237365194 , c8:a6:08:5b:16:01 , -56
1732237365194 , c8:a6:08:9b:16:00 , -53
1732237365194 , c8:a6:08:5b:16:00 , -55
1732237365194 , 80:ea:96:f2:cc:76 , -70
1732237365194 , 80:ea:96:f2:cc:77 , -79
1732237365194 , c8:a6:08:5a:bb:81 , -65
1732237365194 , c8:a6:08:9a:bc:10 , -62
1732237365194 , c8:a6:08:5a:bb:80 , -62
1732237365194 , c8:a6:08:9a:bc:11 , -62
1732237365194 , c8:a6:08:9a:bc:14 , -62
1732237365194 , c8:a6:08:9a:bb:80 , -67
1732237365194 , c8:a6:08:9a:bb:81 , -67
1732237365194 , ac:44:f2:8c:b0:e0 , -74
1732237365194 , c8:a6:08:9a:bb:84 , -67
1732237365194 , 60:84:bd:de:7c:67 , -56
1732237365194 , ac:44:f2:8c:e9:20 , -62
1732237365194 , c0:25:a2:a7:2e:2b , -70
1732237365194 , c0:25:a2:a7:2e:2a , -64
1732237365194 , 60:84:bd:de:7c:60 , -54
1732237365194 , c8:a6:08:9b:16:24 , -38
1732237365194 , c0:25:a2:a9:b1:4f , -61
1732237365194 , c8:a6:08:5a:b7:00 , -90
1732237365194 , c8:a6:08:9b:15:51 , -78
1732237365194 , c8:a6:08:5a:b7:01 , -89
1732237365194 , c8:a6:08:9b:15:50 , -78
1732237365194 , 84:af:ec:86:f0:60 , -66
1732237365194 , c8:a6:08:5a:b7:04 , -90
1732237365194 , c8:a6:08:9b:16:21 , -38
1732237365194 , 36:76:c5:90:29:c8 , -91
1732237365194 , c8:a6:08:9b:16:20 , -38
1732237365194 , c8:a6:08:5b:16:20 , -46
1732237365194 , c0:25:a2:a7:2e:1a , -62
1732237365194 , f8:b7:97:9b:d6:ff , -86
1732237365194 , f8:b7:97:9b:d6:fe , -80
1732237365194 , c8:a6:08:9a:bb:f0 , -83
1732237365194 , c8:a6:08:9a:bb:f1 , -83
1732237366201 , 74:03:bd:ef:8a:00 , -67
1732237366201 , c8:a6:08:9a:fe:71 , -76
1732237366201 , c8:a6:08:9a:fe:70 , -76
1732237366201 , c8:a6:08:9a:fe:74 , -76
1732237366201 , 84:af:ec:86:f0:70 , -80
1732237366201 , ac:44:f2:8c:e8:a8 , -83
1732237366201 , c8:a6:08:9a:bb:c1 , -69
1732237366201 , c8:a6:08:5a:fe:70 , -78
1732237366201 , c8:a6:08:9a:bb:c0 , -69
1732237366201 , d0:40:ef:f9:ef:75 , -52
1732237366201 , 74:03:bd:ef:8a:10 , -77
1732237366201 , 16:27:f5:e3:50:97 , -92
1732237366201 , 1a:27:f5:e3:50:97 , -93
1732237366201 , 10:27:f5:e3:50:97 , -93
1732237366201 , c8:a6:08:9b:16:01 , -54
1732237366201 , c8:a6:08:5b:16:01 , -56
1732237366201 , c8:a6:08:9b:16:00 , -53
1732237366201 , c8:a6:08:5b:16:00 , -55
1732237366201 , 80:ea:96:f2:cc:76 , -70
1732237366201 , 80:ea:96:f2:cc:77 , -79
1732237366201 , c8:a6:08:5a:bb:81 , -65
1732237366201 , c8:a6:08:9a:bc:10 , -62
1732237366201 , c8:a6:08:5a:bb:80 , -62
1732237366201 , c8:a6:08:9a:bc:11 , -62
1732237366201 , c8:a6:08:9a:bc:14 , -62
1732237366201 , c8:a6:08:9a:bb:80 , -67
1732237366201 , c8:a6:08:9a:bb:81 , -67
1732237366201 , ac:44:f2:8c:b0:e0 , -74
1732237366201 , c8:a6:08:9a:bb:84 , -67
1732237366201 , 60:84:bd:de:7c:67 , -56
1732237366201 , ac:44:f2:8c:e9:20 , -62
1732237366201 , c0:25:a2:a7:2e:2b , -70
1732237366201 , c0:25:a2:a7:2e:2a , -64
1732237366201 , 60:84:bd:de:7c:60 , -54
1732237366201 , c8:a6:08:9b:16:24 , -38
1732237366201 , c0:25:a2:a9:b1:4f , -61
1732237366201 , c8:a6:08:5a:b7:00 , -90
1732237366201 , c8:a6:08:9b:15:51 , -78
1732237366201 , c8:a6:08:5a:b7:01 , -89
1732237366201 , c8:a6:08:9b:15:50 , -78
1732237366201 , 84:af:ec:86:f0:60 , -66
1732237366201 , c8:a6:08:5a:b7:04 , -90
1732237366201 , c8:a6:08:9b:16:21 , -38
1732237366201 , 36:76:c5:90:29:c8 , -91
1732237366201 , c8:a6:08:9b:16:20 , -38
1732237366201 , c8:a6:08:5b:16:20 , -46
1732237366201 , c0:25:a2:a7:2e:1a , -62
1732237366201 , f8:b7:97:9b:d6:ff , -86
1732237366201 , f8:b7:97:9b:d6:fe , -80
1732237366201 , c8:a6:08:9a:bb:f0 , -83
1732237366201 , c8:a6:08:9a:bb:f1 , -83
1732237367218 , 74:03:bd:ef:8a:00 , -67
1732237367218 , c8:a6:08:9a:fe:71 , -76
1732237367218 , c8:a6:08:9a:fe:70 , -76
1732237367218 , c8:a6:08:9a:fe:74 , -76
1732237367218 , 84:af:ec:86:f0:70 , -80
1732237367218 , ac:44:f2:8c:e8:a8 , -83
1732237367218 , c8:a6:08:9a:bb:c1 , -69
1732237367218 , c8:a6:08:5a:fe:70 , -78
1732237367218 , c8:a6:08:9a:bb:c0 , -69
1732237367218 , d0:40:ef:f9:ef:75 , -52
1732237367218 , 74:03:bd:ef:8a:10 , -77
1732237367218 , 16:27:f5:e3:50:97 , -92
1732237367218 , 1a:27:f5:e3:50:97 , -93
1732237367218 , 10:27:f5:e3:50:97 , -93
1732237367218 , c8:a6:08:9b:16:01 , -54
1732237367218 , c8:a6:08:5b:16:01 , -56
1732237367218 , c8:a6:08:9b:16:00 , -53
1732237367218 , c8:a6:08:5b:16:00 , -55
1732237367218 , 80:ea:96:f2:cc:76 , -70
1732237367218 , 80:ea:96:f2:cc:77 , -79
1732237367218 , c8:a6:08:5a:bb:81 , -65
1732237367218 , c8:a6:08:9a:bc:10 , -62
1732237367218 , c8:a6:08:5a:bb:80 , -62
1732237367218 , c8:a6:08:9a:bc:11 , -62
1732237367218 , c8:a6:08:9a:bc:14 , -62
1732237367218 , c8:a6:08:9a:bb:80 , -67
1732237367218 , c8:a6:08:9a:bb:81 , -67
1732237367218 , ac:44:f2:8c:b0:e0 , -74
1732237367218 , c8:a6:08:9a:bb:84 , -67
1732237367218 , 60:84:bd:de:7c:67 , -56
1732237367218 , ac:44:f2:8c:e9:20 , -62
1732237367218 , c0:25:a2:a7:2e:2b , -70
1732237367218 , c0:25:a2:a7:2e:2a , -64
1732237367218 , 60:84:bd:de:7c:60 , -54
1732237367218 , c8:a6:08:9b:16:24 , -38
1732237367218 , c0:25:a2:a9:b1:4f , -61
1732237367218 , c8:a6:08:5a:b7:00 , -90
1732237367218 , c8:a6:08:9b:15:51 , -78
1732237367218 , c8:a6:08:5a:b7:01 , -89
1732237367218 , c8:a6:08:9b:15:50 , -78
1732237367218 , 84:af:ec:86:f0:60 , -66
1732237367218 , c8:a6:08:5a:b7:04 , -90
1732237367218 , c8:a6:08:9b:16:21 , -38
1732237367218 , 36:76:c5:90:29:c8 , -91
1732237367218 , c8:a6:08:9b:16:20 , -38
1732237367218 , c8:a6:08:5b:16:20 , -46
1732237367218 , c0:25:a2:a7:2e:1a , -62
1732237367218 , f8:b7:97:9b:d6:ff , -86
1732237367218 , f8:b7:97:9b:d6:fe , -80
1732237367218 , c8:a6:08:9a:bb:f0 , -83
1732237367218 , c8:a6:08:9a:bb:f1 , -83
1732237368212 , 74:03:bd:ef:8a:00 , -67
1732237368212 , c8:a6:08:9a:fe:71 , -76
1732237368212 , c8:a6:08:9a:fe:70 , -76
1732237368212 , c8:a6:08:9a:fe:74 , -76
1732237368212 , 84:af:ec:86:f0:70 , -80
1732237368212 , ac:44:f2:8c:e8:a8 , -83
1732237368212 , c8:a6:08:9a:bb:c1 , -69
1732237368212 , c8:a6:08:5a:fe:70 , -78
1732237368212 , c8:a6:08:9a:bb:c0 , -69
1732237368212 , d0:40:ef:f9:ef:75 , -52
1732237368212 , 74:03:bd:ef:8a:10 , -77
1732237368212 , 16:27:f5:e3:50:97 , -92
1732237368212 , 1a:27:f5:e3:50:97 , -93
1732237368212 , 10:27:f5:e3:50:97 , -93
1732237368212 , c8:a6:08:9b:16:01 , -54
1732237368212 , c8:a6:08:5b:16:01 , -56
1732237368212 , c8:a6:08:9b:16:00 , -53
1732237368212 , c8:a6:08:5b:16:00 , -55
1732237368212 , 80:ea:96:f2:cc:76 , -70
1732237368212 , 80:ea:96:f2:cc:77 , -79
1732237368212 , c8:a6:08:5a:bb:81 , -65
1732237368212 , c8:a6:08:9a:bc:10 , -62
1732237368212 , c8:a6:08:5a:bb:80 , -62
1732237368212 , c8:a6:08:9a:bc:11 , -62
1732237368212 , c8:a6:08:9a:bc:14 , -62
1732237368212 , c8:a6:08:9a:bb:80 , -67
1732237368212 , c8:a6:08:9a:bb:81 , -67
1732237368212 , ac:44:f2:8c:b0:e0 , -74
1732237368212 , c8:a6:08:9a:bb:84 , -67
1732237368212 , 60:84:bd:de:7c:67 , -56
1732237368212 , ac:44:f2:8c:e9:20 , -62
1732237368212 , c0:25:a2:a7:2e:2b , -70
1732237368212 , c0:25:a2:a7:2e:2a , -64
1732237368212 , 60:84:bd:de:7c:60 , -54
1732237368212 , c8:a6:08:9b:16:24 , -38
1732237368212 , c0:25:a2:a9:b1:4f , -61
1732237368212 , c8:a6:08:5a:b7:00 , -90
1732237368212 , c8:a6:08:9b:15:51 , -78
1732237368212 , c8:a6:08:5a:b7:01 , -89
1732237368212 , c8:a6:08:9b:15:50 , -78
1732237368212 , 84:af:ec:86:f0:60 , -66
1732237368212 , c8:a6:08:5a:b7:04 , -90
1732237368212 , c8:a6:08:9b:16:21 , -38
1732237368212 , 36:76:c5:90:29:c8 , -91
1732237368212 , c8:a6:08:9b:16:20 , -38
1732237368212 , c8:a6:08:5b:16:20 , -46
1732237368212 , c0:25:a2:a7:2e:1a , -62
1732237368212 , f8:b7:97:9b:d6:ff , -86
1732237368212 , f8:b7:97:9b:d6:fe , -80
1732237368212 , c8:a6:08:9a:bb:f0 , -83
1732237368212 , c8:a6:08:9a:bb:f1 , -83
1732237369230 , 74:03:bd:ef:8a:00 , -67
1732237369230 , c8:a6:08:9a:fe:71 , -76
1732237369230 , c8:a6:08:9a:fe:70 , -76
1732237369230 , c8:a6:08:9a:fe:74 , -76
1732237369230 , 84:af:ec:86:f0:70 , -80
1732237369230 , ac:44:f2:8c:e8:a8 , -83
1732237369230 , c8:a6:08:9a:bb:c1 , -69
1732237369230 , c8:a6:08:5a:fe:70 , -78
1732237369230 , c8:a6:08:9a:bb:c0 , -69
1732237369230 , d0:40:ef:f9:ef:75 , -52
1732237369230 , 74:03:bd:ef:8a:10 , -77
1732237369230 , 16:27:f5:e3:50:97 , -92
1732237369230 , 1a:27:f5:e3:50:97 , -93
1732237369230 , 10:27:f5:e3:50:97 , -93
1732237369230 , c8:a6:08:9b:16:01 , -54
1732237369230 , c8:a6:08:5b:16:01 , -56
1732237369230 , c8:a6:08:9b:16:00 , -53
1732237369230 , c8:a6:08:5b:16:00 , -55
1732237369230 , 80:ea:96:f2:cc:76 , -70
1732237369230 , 80:ea:96:f2:cc:77 , -79
1732237369230 , c8:a6:08:5a:bb:81 , -65
1732237369230 , c8:a6:08:9a:bc:10 , -62
1732237369230 , c8:a6:08:5a:bb:80 , -62
1732237369230 , c8:a6:08:9a:bc:11 , -62
1732237369230 , c8:a6:08:9a:bc:14 , -62
1732237369230 , c8:a6:08:9a:bb:80 , -67
1732237369230 , c8:a6:08:9a:bb:81 , -67
1732237369230 , ac:44:f2:8c:b0:e0 , -74
1732237369230 , c8:a6:08:9a:bb:84 , -67
1732237369230 , 60:84:bd:de:7c:67 , -56
1732237369230 , ac:44:f2:8c:e9:20 , -62
1732237369230 , c0:25:a2:a7:2e:2b , -70
1732237369230 , c0:25:a2:a7:2e:2a , -64
1732237369230 , 60:84:bd:de:7c:60 , -54
1732237369230 , c8:a6:08:9b:16:24 , -38
1732237369230 , c0:25:a2:a9:b1:4f , -61
1732237369230 , c8:a6:08:5a:b7:00 , -90
1732237369230 , c8:a6:08:9b:15:51 , -78
1732237369230 , c8:a6:08:5a:b7:01 , -89
1732237369230 , c8:a6:08:9b:15:50 , -78
1732237369230 , 84:af:ec:86:f0:60 , -66
1732237369230 , c8:a6:08:5a:b7:04 , -90
1732237369230 , c8:a6:08:9b:16:21 , -38
1732237369230 , 36:76:c5:90:29:c8 , -91
1732237369230 , c8:a6:08:9b:16:20 , -38
1732237369230 , c8:a6:08:5b:16:20 , -46
1732237369230 , c0:25:a2:a7:2e:1a , -62
1732237369230 , f8:b7:97:9b:d6:ff , -86
1732237369230 , f8:b7:97:9b:d6:fe , -80
1732237369230 , c8:a6:08:9a:bb:f0 , -83
1732237369230 , c8:a6:08:9a:bb:f1 , -83
1732237370231 , 74:03:bd:ef:8a:00 , -67
1732237370231 , c8:a6:08:9a:fe:71 , -76
1732237370231 , c8:a6:08:9a:fe:70 , -76
1732237370231 , c8:a6:08:9a:fe:74 , -76
1732237370231 , 84:af:ec:86:f0:70 , -80
1732237370231 , ac:44:f2:8c:e8:a8 , -83
1732237370231 , c8:a6:08:9a:bb:c1 , -69
1732237370231 , c8:a6:08:5a:fe:70 , -78
1732237370231 , c8:a6:08:9a:bb:c0 , -69
1732237370231 , d0:40:ef:f9:ef:75 , -52
1732237370231 , 74:03:bd:ef:8a:10 , -77
1732237370231 , 16:27:f5:e3:50:97 , -92
1732237370231 , 1a:27:f5:e3:50:97 , -93
1732237370231 , 10:27:f5:e3:50:97 , -93
1732237370231 , c8:a6:08:9b:16:01 , -54
1732237370231 , c8:a6:08:5b:16:01 , -56
1732237370231 , c8:a6:08:9b:16:00 , -53
1732237370231 , c8:a6:08:5b:16:00 , -55
1732237370231 , 80:ea:96:f2:cc:76 , -70
1732237370231 , 80:ea:96:f2:cc:77 , -79
1732237370231 , c8:a6:08:5a:bb:81 , -65
1732237370231 , c8:a6:08:9a:bc:10 , -62
1732237370231 , c8:a6:08:5a:bb:80 , -62
1732237370231 , c8:a6:08:9a:bc:11 , -62
1732237370231 , c8:a6:08:9a:bc:14 , -62
1732237370231 , c8:a6:08:9a:bb:80 , -67
1732237370231 , c8:a6:08:9a:bb:81 , -67
1732237370231 , ac:44:f2:8c:b0:e0 , -74
1732237370231 , c8:a6:08:9a:bb:84 , -67
1732237370231 , 60:84:bd:de:7c:67 , -56
1732237370231 , ac:44:f2:8c:e9:20 , -62
1732237370231 , c0:25:a2:a7:2e:2b , -70
1732237370231 , c0:25:a2:a7:2e:2a , -64
1732237370231 , 60:84:bd:de:7c:60 , -54
1732237370231 , c8:a6:08:9b:16:24 , -38
1732237370231 , c0:25:a2:a9:b1:4f , -61
1732237370231 , c8:a6:08:5a:b7:00 , -90
1732237370231 , c8:a6:08:9b:15:51 , -78
1732237370231 , c8:a6:08:5a:b7:01 , -89
1732237370231 , c8:a6:08:9b:15:50 , -78
1732237370231 , 84:af:ec:86:f0:60 , -66
1732237370231 , c8:a6:08:5a:b7:04 , -90
1732237370231 , c8:a6:08:9b:16:21 , -38
1732237370231 , 36:76:c5:90:29:c8 , -91
1732237370231 , c8:a6:08:9b:16:20 , -38
1732237370231 , c8:a6:08:5b:16:20 , -46
1732237370231 , c0:25:a2:a7:2e:1a , -62
1732237370231 , f8:b7:97:9b:d6:ff , -86
1732237370231 , f8:b7:97:9b:d6:fe , -80
1732237370231 , c8:a6:08:9a:bb:f0 , -83
1732237370231 , c8:a6:08:9a:bb:f1 , -83
1732237371240 , 74:03:bd:ef:8a:00 , -67
1732237371240 , c8:a6:08:9a:fe:71 , -76
1732237371240 , c8:a6:08:9a:fe:70 , -76
1732237371240 , c8:a6:08:9a:fe:74 , -76
1732237371240 , 84:af:ec:86:f0:70 , -80
1732237371240 , ac:44:f2:8c:e8:a8 , -83
1732237371240 , c8:a6:08:9a:bb:c1 , -69
1732237371240 , c8:a6:08:5a:fe:70 , -78
1732237371240 , c8:a6:08:9a:bb:c0 , -69
1732237371240 , d0:40:ef:f9:ef:75 , -52
1732237371240 , 74:03:bd:ef:8a:10 , -77
1732237371240 , 16:27:f5:e3:50:97 , -92
1732237371240 , 1a:27:f5:e3:50:97 , -93
1732237371240 , 10:27:f5:e3:50:97 , -93
1732237371240 , c8:a6:08:9b:16:01 , -54
1732237371240 , c8:a6:08:5b:16:01 , -56
1732237371240 , c8:a6:08:9b:16:00 , -53
1732237371240 , c8:a6:08:5b:16:00 , -55
1732237371240 , 80:ea:96:f2:cc:76 , -70
1732237371240 , 80:ea:96:f2:cc:77 , -79
1732237371240 , c8:a6:08:5a:bb:81 , -65
1732237371240 , c8:a6:08:9a:bc:10 , -62
1732237371240 , c8:a6:08:5a:bb:80 , -62
1732237371240 , c8:a6:08:9a:bc:11 , -62
1732237371240 , c8:a6:08:9a:bc:14 , -62
1732237371240 , c8:a6:08:9a:bb:80 , -67
1732237371240 , c8:a6:08:9a:bb:81 , -67
1732237371240 , ac:44:f2:8c:b0:e0 , -74
1732237371240 , c8:a6:08:9a:bb:84 , -67
1732237371240 , 60:84:bd:de:7c:67 , -56
1732237371240 , ac:44:f2:8c:e9:20 , -62
1732237371240 , c0:25:a2:a7:2e:2b , -70
1732237371240 , c0:25:a2:a7:2e:2a , -64
1732237371240 , 60:84:bd:de:7c:60 , -54
1732237371240 , c8:a6:08:9b:16:24 , -38
1732237371240 , c0:25:a2:a9:b1:4f , -61
1732237371240 , c8:a6:08:5a:b7:00 , -90
1732237371240 , c8:a6:08:9b:15:51 , -78
1732237371240 , c8:a6:08:5a:b7:01 , -89
1732237371240 , c8:a6:08:9b:15:50 , -78
1732237371240 , 84:af:ec:86:f0:60 , -66
1732237371240 , c8:a6:08:5a:b7:04 , -90
1732237371240 , c8:a6:08:9b:16:21 , -38
1732237371240 , 36:76:c5:90:29:c8 , -91
1732237371240 , c8:a6:08:9b:16:20 , -38
1732237371240 , c8:a6:08:5b:16:20 , -46
1732237371240 , c0:25:a2:a7:2e:1a , -62
1732237371240 , f8:b7:97:9b:d6:ff , -86
1732237371240 , f8:b7:97:9b:d6:fe , -80
1732237371240 , c8:a6:08:9a:bb:f0 , -83
1732237371240 , c8:a6:08:9a:bb:f1 , -83
1732237372248 , 74:03:bd:ef:8a:00 , -67
1732237372248 , c8:a6:08:9a:fe:71 , -76
1732237372248 , c8:a6:08:9a:fe:70 , -76
1732237372248 , c8:a6:08:9a:fe:74 , -76
1732237372248 , 84:af:ec:86:f0:70 , -80
1732237372248 , ac:44:f2:8c:e8:a8 , -83
1732237372248 , c8:a6:08:9a:bb:c1 , -69
1732237372248 , c8:a6:08:5a:fe:70 , -78
1732237372248 , c8:a6:08:9a:bb:c0 , -69
1732237372248 , d0:40:ef:f9:ef:75 , -52
1732237372248 , 74:03:bd:ef:8a:10 , -77
1732237372248 , 16:27:f5:e3:50:97 , -92
1732237372248 , 1a:27:f5:e3:50:97 , -93
1732237372248 , 10:27:f5:e3:50:97 , -93
1732237372248 , c8:a6:08:9b:16:01 , -54
1732237372248 , c8:a6:08:5b:16:01 , -56
1732237372248 , c8:a6:08:9b:16:00 , -53
1732237372248 , c8:a6:08:5b:16:00 , -55
1732237372248 , 80:ea:96:f2:cc:76 , -70
1732237372248 , 80:ea:96:f2:cc:77 , -79
1732237372248 , c8:a6:08:5a:bb:81 , -65
1732237372248 , c8:a6:08:9a:bc:10 , -62
1732237372248 , c8:a6:08:5a:bb:80 , -62
1732237372248 , c8:a6:08:9a:bc:11 , -62
1732237372248 , c8:a6:08:9a:bc:14 , -62
1732237372248 , c8:a6:08:9a:bb:80 , -67
1732237372248 , c8:a6:08:9a:bb:81 , -67
1732237372248 , ac:44:f2:8c:b0:e0 , -74
1732237372248 , c8:a6:08:9a:bb:84 , -67
1732237372248 , 60:84:bd:de:7c:67 , -56
1732237372248 , ac:44:f2:8c:e9:20 , -62
1732237372248 , c0:25:a2:a7:2e:2b , -70
1732237372248 , c0:25:a2:a7:2e:2a , -64
1732237372248 , 60:84:bd:de:7c:60 , -54
1732237372248 , c8:a6:08:9b:16:24 , -38
1732237372248 , c0:25:a2:a9:b1:4f , -61
1732237372248 , c8:a6:08:5a:b7:00 , -90
1732237372248 , c8:a6:08:9b:15:51 , -78
1732237372248 , c8:a6:08:5a:b7:01 , -89
1732237372248 , c8:a6:08:9b:15:50 , -78
1732237372248 , 84:af:ec:86:f0:60 , -66
1732237372248 , c8:a6:08:5a:b7:04 , -90
1732237372248 , c8:a6:08:9b:16:21 , -38
1732237372248 , 36:76:c5:90:29:c8 , -91
1732237372248 , c8:a6:08:9b:16:20 , -38
1732237372248 , c8:a6:08:5b:16:20 , -46
1732237372248 , c0:25:a2:a7:2e:1a , -62
1732237372248 , f8:b7:97:9b:d6:ff , -86
1732237372248 , f8:b7:97:9b:d6:fe , -80
1732237372248 , c8:a6:08:9a:bb:f0 , -83
1732237372248 , c8:a6:08:9a:bb:f1 , -83
1732237373333 , 74:03:bd:ef:8a:00 , -67
1732237373333 , c8:a6:08:9a:fe:71 , -76
1732237373333 , c8:a6:08:9a:fe:70 , -76
1732237373333 , c8:a6:08:9a:fe:74 , -76
1732237373333 , 84:af:ec:86:f0:70 , -80
1732237373333 , ac:44:f2:8c:e8:a8 , -83
1732237373333 , c8:a6:08:9a:bb:c1 , -69
1732237373333 , c8:a6:08:5a:fe:70 , -78
1732237373333 , c8:a6:08:9a:bb:c0 , -69
1732237373333 , d0:40:ef:f9:ef:75 , -52
1732237373333 , 74:03:bd:ef:8a:10 , -77
1732237373333 , 16:27:f5:e3:50:97 , -92
1732237373333 , 1a:27:f5:e3:50:97 , -93
1732237373333 , 10:27:f5:e3:50:97 , -93
1732237373333 , c8:a6:08:9b:16:01 , -54
1732237373333 , c8:a6:08:5b:16:01 , -56
1732237373333 , c8:a6:08:9b:16:00 , -53
1732237373333 , c8:a6:08:5b:16:00 , -55
1732237373333 , 80:ea:96:f2:cc:76 , -70
1732237373333 , 80:ea:96:f2:cc:77 , -79
1732237373333 , c8:a6:08:5a:bb:81 , -65
1732237373333 , c8:a6:08:9a:bc:10 , -62
1732237373333 , c8:a6:08:5a:bb:80 , -62
1732237373333 , c8:a6:08:9a:bc:11 , -62
1732237373333 , c8:a6:08:9a:bc:14 , -62
1732237373333 , c8:a6:08:9a:bb:80 , -67
1732237373333 , c8:a6:08:9a:bb:81 , -67
1732237373333 , ac:44:f2:8c:b0:e0 , -74
1732237373333 , c8:a6:08:9a:bb:84 , -67
1732237373333 , 60:84:bd:de:7c:67 , -56
1732237373333 , ac:44:f2:8c:e9:20 , -62
1732237373333 , c0:25:a2:a7:2e:2b , -70
1732237373333 , c0:25:a2:a7:2e:2a , -64
1732237373333 , 60:84:bd:de:7c:60 , -54
1732237373333 , c8:a6:08:9b:16:24 , -38
1732237373333 , c0:25:a2:a9:b1:4f , -61
1732237373333 , c8:a6:08:5a:b7:00 , -90
1732237373333 , c8:a6:08:9b:15:51 , -78
1732237373333 , c8:a6:08:5a:b7:01 , -89
1732237373333 , c8:a6:08:9b:15:50 , -78
1732237373333 , 84:af:ec:86:f0:60 , -66
1732237373333 , c8:a6:08:5a:b7:04 , -90
1732237373333 , c8:a6:08:9b:16:21 , -38
1732237373333 , 36:76:c5:90:29:c8 , -91
1732237373333 , c8:a6:08:9b:16:20 , -38
1732237373333 , c8:a6:08:5b:16:20 , -46
1732237373333 , c0:25:a2:a7:2e:1a , -62
1732237373333 , f8:b7:97:9b:d6:ff , -86
1732237373333 , f8:b7:97:9b:d6:fe , -80
1732237373333 , c8:a6:08:9a:bb:f0 , -83
1732237373333 , c8:a6:08:9a:bb:f1 , -83
