1737643972736 , 8EBC2114-4ABD-BA0D-B7C6-FF0F00200031 , -57
1737643977199 , 8EBC2114-4ABD-BA0D-B7C6-FF0F0020001F , -65
1737643982469 , 4E24AC47-B7E6-44F5-957F-1CDCEFA2ACAB , -59
1737643983147 , 722EB21F-8F6A-4BA9-A12F-05C0F970A177 , -61
1737643988197 , 8EBC2114-4ABD-BA0D-B7C6-FF0F00200025 , -65
1737643989208 , 8EBC2114-4ABD-BA0D-B7C6-FF0F0020001F , -61
1737643997512 , E7D61EA3-F8DD-49C8-8F2F-F2484C07ACB9 , -75
1737643998541 , 0000180F-0000-1000-8000-00805F9B34FA , -73
1737643971422 , c8:a6:08:9a:b4:21 , -91
1737643971422 , c8:a6:08:9a:b4:20 , -91
1737643971422 , 74:03:bd:ef:8a:00 , -71
1737643971422 , c8:a6:08:9a:fe:71 , -72
1737643971422 , c8:a6:08:9a:fc:90 , -76
1737643971422 , c8:a6:08:9a:fe:70 , -72
1737643971422 , d2:c0:bf:1d:b5:64 , -75
1737643971422 , c8:a6:08:9a:fc:91 , -76
1737643971422 , c8:a6:08:9a:fc:94 , -75
1737643971422 , c8:a6:08:9a:fe:74 , -72
1737643971422 , 84:af:ec:86:f0:70 , -77
1737643971422 , 60:84:bd:35:a6:a7 , -89
1737643971422 , c8:a6:08:9a:b4:24 , -91
1737643971422 , c8:a6:08:9a:bb:c4 , -74
1737643971422 , c8:a6:08:9a:bb:c1 , -73
1737643971422 , c8:a6:08:5a:fe:71 , -71
1737643971422 , c8:a6:08:5a:fc:91 , -71
1737643971422 , c8:a6:08:5a:fe:70 , -71
1737643971422 , c8:a6:08:5a:bb:c1 , -78
1737643971422 , c8:a6:08:9a:bb:c0 , -73
1737643971422 , c8:a6:08:9b:16:04 , -59
1737643971422 , 74:03:bd:ef:8a:10 , -82
1737643971422 , c8:a6:08:9a:bf:30 , -85
1737643971422 , c8:a6:08:9a:bf:34 , -84
1737643971422 , c8:a6:08:9b:16:01 , -53
1737643971422 , c8:a6:08:5b:16:01 , -55
1737643971422 , c8:a6:08:9b:16:00 , -52
1737643971422 , c8:a6:08:5b:16:00 , -55
1737643971422 , c8:a6:08:9a:bf:31 , -85
1737643971422 , c8:a6:08:9a:bb:d4 , -92
1737643971422 , 96:f8:4a:36:a6:a7 , -85
1737643971422 , 3c:64:cf:5c:de:09 , -83
1737643971422 , c8:a6:08:9a:b5:91 , -91
1737643971422 , c8:a6:08:9a:b5:90 , -91
1737643971422 , c8:a6:08:9a:bb:d0 , -92
1737643971422 , c8:a6:08:9a:bb:d1 , -92
1737643971422 , 50:d4:f7:a6:80:f3 , -83
1737643971422 , c8:a6:08:9a:bc:10 , -66
1737643971422 , c8:a6:08:9a:bc:11 , -66
1737643971422 , c8:a6:08:9a:bc:14 , -66
1737643971422 , c8:a6:08:9a:b5:94 , -91
1737643971422 , c8:a6:08:5a:bc:11 , -66
1737643971422 , c8:a6:08:9a:bb:80 , -75
1737643971422 , c8:a6:08:5a:bc:10 , -66
1737643971422 , c8:a6:08:9a:bb:81 , -75
1737643971422 , 60:84:bd:de:7c:67 , -59
1737643971422 , c8:a6:08:9a:bb:84 , -75
1737643971422 , ac:44:f2:8c:e9:20 , -76
1737643971422 , c8:a6:08:9a:fd:01 , -86
1737643971422 , c8:a6:08:9a:fd:00 , -87
1737643971422 , c0:25:a2:a7:2e:2b , -47
1737643971422 , c0:25:a2:a7:2e:2a , -43
1737643971422 , 60:84:bd:de:7c:60 , -61
1737643971422 , c8:a6:08:9a:b7:01 , -76
1737643971422 , c8:a6:08:9b:16:24 , -45
1737643971422 , c8:a6:08:9a:b7:00 , -76
1737643971422 , c0:25:a2:a7:2e:27 , -54
1737643971422 , 74:03:bd:8b:7c:b7 , -78
1737643971422 , c0:25:a2:a7:2e:26 , -42
1737643971422 , c0:25:a2:a9:b1:4f , -47
1737643971422 , c8:a6:08:9b:15:51 , -67
1737643971422 , c8:a6:08:9b:15:50 , -68
1737643971422 , c8:a6:08:5a:b7:01 , -74
1737643971422 , c8:a6:08:9b:16:21 , -45
1737643971422 , 84:af:ec:86:f0:60 , -74
1737643971422 , c8:a6:08:5a:b7:04 , -74
1737643971422 , c8:a6:08:9b:16:20 , -45
1737643971422 , c8:a6:08:5b:16:20 , -62
1737643971422 , c8:a6:08:9b:15:54 , -68
1737643971422 , c8:a6:08:9a:b7:04 , -76
1737643971422 , f8:b7:97:9b:d6:ff , -86
1737643971422 , f8:b7:97:9b:d6:fe , -79
1737643971422 , c8:a6:08:9a:bb:b0 , -83
1737643971422 , c8:a6:08:9a:bb:b1 , -83
1737643971422 , c8:a6:08:9a:fd:04 , -87
1737643971422 , c8:a6:08:9a:bb:b4 , -85
1737643971422 , c8:a6:08:9a:bb:f0 , -91
1737643971422 , c8:a6:08:9a:bb:f1 , -92
1737643973344 , c8:a6:08:9a:b4:21 , -91
1737643973344 , c8:a6:08:9a:fe:71 , -71
1737643973344 , 74:03:bd:ef:8a:00 , -71
1737643973344 , c8:a6:08:9a:fc:90 , -79
1737643973344 , c8:a6:08:9a:fe:70 , -71
1737643973344 , d2:c0:bf:1d:b5:64 , -75
1737643973344 , c8:a6:08:9a:fc:91 , -79
1737643973344 , c8:a6:08:9a:fc:94 , -79
1737643973344 , c8:a6:08:9a:fe:74 , -71
1737643973344 , 84:af:ec:86:f0:70 , -78
1737643973344 , ac:44:f2:8c:e8:a8 , -87
1737643973344 , c8:a6:08:9a:bb:c4 , -74
1737643973344 , c8:a6:08:9a:bb:c1 , -73
1737643973344 , c8:a6:08:5a:fe:74 , -69
1737643973344 , c8:a6:08:5a:fe:70 , -69
1737643973344 , c8:a6:08:5a:bb:c1 , -78
1737643973344 , c8:a6:08:9a:bb:c0 , -73
1737643973344 , c8:a6:08:9b:16:04 , -58
1737643973344 , 74:03:bd:ef:8a:10 , -81
1737643973344 , c8:a6:08:9a:bf:30 , -84
1737643973344 , c8:a6:08:9a:bf:34 , -84
1737643973344 , c8:a6:08:9b:16:01 , -53
1737643973344 , c8:a6:08:5b:16:01 , -54
1737643973344 , c8:a6:08:9b:16:00 , -53
1737643973344 , c8:a6:08:5b:16:00 , -54
1737643973344 , c8:a6:08:9a:bf:31 , -82
1737643973344 , c8:a6:08:9a:bb:d4 , -92
1737643973344 , 96:f8:4a:36:a6:a7 , -85
1737643973344 , 3c:64:cf:5c:de:09 , -83
1737643973344 , c8:a6:08:9a:b5:91 , -91
1737643973344 , 3c:64:cf:5c:de:08 , -80
1737643973344 , c8:a6:08:9a:bb:d0 , -91
1737643973344 , c8:a6:08:9a:bb:d1 , -91
1737643973344 , 50:d4:f7:a6:80:f4 , -74
1737643973344 , 50:d4:f7:a6:80:f3 , -83
1737643973344 , c8:a6:08:9a:bc:10 , -69
1737643973344 , c8:a6:08:9a:bc:11 , -69
1737643973344 , c8:a6:08:9a:bc:14 , -70
1737643973344 , c8:a6:08:5a:bc:11 , -68
1737643973344 , c8:a6:08:9a:bb:80 , -74
1737643973344 , c8:a6:08:9a:bb:81 , -74
1737643973344 , 60:84:bd:de:7c:67 , -57
1737643973344 , c8:a6:08:9a:bb:84 , -74
1737643973344 , ac:44:f2:8c:e9:20 , -76
1737643973344 , c8:a6:08:9a:fd:01 , -86
1737643973344 , c8:a6:08:9a:fd:00 , -86
1737643973344 , c0:25:a2:a7:2e:2b , -47
1737643973344 , c0:25:a2:a7:2e:2a , -50
1737643973344 , 60:84:bd:de:7c:60 , -52
1737643973344 , c8:a6:08:5a:fd:80 , -86
1737643973344 , 60:f4:94:f1:84:d2 , -86
1737643973344 , c8:a6:08:9a:b7:01 , -74
1737643973344 , c8:a6:08:9b:16:24 , -44
1737643973344 , c8:a6:08:5b:15:50 , -63
1737643973344 , c8:a6:08:9a:b7:00 , -75
1737643973344 , c0:25:a2:a7:2e:27 , -53
1737643973344 , 74:03:bd:8b:7c:b7 , -77
1737643973344 , c0:25:a2:a7:2e:26 , -55
1737643973344 , c0:25:a2:a9:b1:4f , -47
1737643973344 , c8:a6:08:9b:15:51 , -66
1737643973344 , c8:a6:08:9b:15:50 , -66
1737643973344 , c8:a6:08:9b:16:21 , -43
1737643973344 , c8:a6:08:5b:16:21 , -59
1737643973344 , 84:af:ec:86:f0:60 , -75
1737643973344 , c8:a6:08:9b:16:20 , -43
1737643973344 , c8:a6:08:5b:16:20 , -59
1737643973344 , c8:a6:08:9b:15:54 , -66
1737643973344 , c8:a6:08:9a:b7:04 , -74
1737643973344 , c8:a6:08:5a:fd:01 , -81
1737643973344 , f8:b7:97:9b:d6:fe , -81
1737643973344 , c8:a6:08:9a:bb:b0 , -85
1737643973344 , c8:a6:08:9a:bb:b1 , -83
1737643973344 , c8:a6:08:9a:fd:04 , -86
1737643973344 , c8:a6:08:9a:bb:b4 , -85
1737643973344 , c8:a6:08:9a:bb:f0 , -91
1737643973344 , c8:a6:08:9a:bb:f1 , -92
1737643973844 , c8:a6:08:9a:b4:21 , -91
1737643973844 , c8:a6:08:9a:fe:71 , -71
1737643973844 , 74:03:bd:ef:8a:00 , -71
1737643973844 , c8:a6:08:9a:fc:90 , -79
1737643973844 , c8:a6:08:9a:fe:70 , -71
1737643973844 , d2:c0:bf:1d:b5:64 , -75
1737643973844 , c8:a6:08:9a:fc:91 , -79
1737643973844 , c8:a6:08:9a:fc:94 , -79
1737643973844 , c8:a6:08:9a:fe:74 , -71
1737643973844 , 84:af:ec:86:f0:70 , -78
1737643973844 , ac:44:f2:8c:e8:a8 , -87
1737643973844 , c8:a6:08:9a:bb:c4 , -74
1737643973844 , c8:a6:08:9a:bb:c1 , -73
1737643973844 , c8:a6:08:5a:fe:74 , -69
1737643973844 , c8:a6:08:5a:fe:70 , -69
1737643973844 , c8:a6:08:5a:bb:c1 , -78
1737643973844 , c8:a6:08:9a:bb:c0 , -73
1737643973844 , c8:a6:08:9b:16:04 , -58
1737643973844 , 74:03:bd:ef:8a:10 , -81
1737643973844 , c8:a6:08:9a:bf:30 , -84
1737643973844 , c8:a6:08:9a:bf:34 , -84
1737643973844 , c8:a6:08:9b:16:01 , -53
1737643973844 , c8:a6:08:5b:16:01 , -54
1737643973844 , c8:a6:08:9b:16:00 , -53
1737643973844 , c8:a6:08:5b:16:00 , -54
1737643973844 , c8:a6:08:9a:bf:31 , -82
1737643973844 , c8:a6:08:9a:bb:d4 , -92
1737643973844 , 96:f8:4a:36:a6:a7 , -85
1737643973844 , 3c:64:cf:5c:de:09 , -83
1737643973844 , c8:a6:08:9a:b5:91 , -91
1737643973844 , 3c:64:cf:5c:de:08 , -80
1737643973844 , c8:a6:08:9a:bb:d0 , -91
1737643973844 , c8:a6:08:9a:bb:d1 , -91
1737643973844 , 50:d4:f7:a6:80:f4 , -74
1737643973844 , 50:d4:f7:a6:80:f3 , -83
1737643973844 , c8:a6:08:9a:bc:10 , -69
1737643973844 , c8:a6:08:9a:bc:11 , -69
1737643973844 , c8:a6:08:9a:bc:14 , -70
1737643973844 , c8:a6:08:5a:bc:11 , -68
1737643973844 , c8:a6:08:9a:bb:80 , -74
1737643973844 , c8:a6:08:9a:bb:81 , -74
1737643973844 , 60:84:bd:de:7c:67 , -57
1737643973844 , c8:a6:08:9a:bb:84 , -74
1737643973844 , ac:44:f2:8c:e9:20 , -76
1737643973844 , c8:a6:08:9a:fd:01 , -86
1737643973844 , c8:a6:08:9a:fd:00 , -86
1737643973844 , c0:25:a2:a7:2e:2b , -47
1737643973844 , c0:25:a2:a7:2e:2a , -50
1737643973844 , 60:84:bd:de:7c:60 , -52
1737643973844 , c8:a6:08:5a:fd:80 , -86
1737643973844 , 60:f4:94:f1:84:d2 , -86
1737643973844 , c8:a6:08:9a:b7:01 , -74
1737643973844 , c8:a6:08:9b:16:24 , -44
1737643973844 , c8:a6:08:5b:15:50 , -63
1737643973844 , c8:a6:08:9a:b7:00 , -75
1737643973844 , c0:25:a2:a7:2e:27 , -53
1737643973844 , 74:03:bd:8b:7c:b7 , -77
1737643973844 , c0:25:a2:a7:2e:26 , -55
1737643973844 , c0:25:a2:a9:b1:4f , -47
1737643973844 , c8:a6:08:9b:15:51 , -66
1737643973844 , c8:a6:08:9b:15:50 , -66
1737643973844 , c8:a6:08:9b:16:21 , -43
1737643973844 , c8:a6:08:5b:16:21 , -59
1737643973844 , 84:af:ec:86:f0:60 , -75
1737643973844 , c8:a6:08:9b:16:20 , -43
1737643973844 , c8:a6:08:5b:16:20 , -59
1737643973844 , c8:a6:08:9b:15:54 , -66
1737643973844 , c8:a6:08:9a:b7:04 , -74
1737643973844 , c8:a6:08:5a:fd:01 , -81
1737643973844 , f8:b7:97:9b:d6:fe , -81
1737643973844 , c8:a6:08:9a:bb:b0 , -85
1737643973844 , c8:a6:08:9a:bb:b1 , -83
1737643973844 , c8:a6:08:9a:fd:04 , -86
1737643973844 , c8:a6:08:9a:bb:b4 , -85
1737643973844 , c8:a6:08:9a:bb:f0 , -91
1737643973844 , c8:a6:08:9a:bb:f1 , -92
1737643974045 , c8:a6:08:9a:b4:21 , -91
1737643974045 , c8:a6:08:9a:fe:71 , -71
1737643974045 , 74:03:bd:ef:8a:00 , -71
1737643974045 , c8:a6:08:9a:fc:90 , -79
1737643974045 , c8:a6:08:9a:fe:70 , -71
1737643974045 , d2:c0:bf:1d:b5:64 , -75
1737643974045 , c8:a6:08:9a:fc:91 , -79
1737643974045 , c8:a6:08:9a:fc:94 , -79
1737643974045 , c8:a6:08:9a:fe:74 , -71
1737643974045 , 84:af:ec:86:f0:70 , -78
1737643974045 , ac:44:f2:8c:e8:a8 , -87
1737643974045 , c8:a6:08:9a:bb:c4 , -74
1737643974045 , c8:a6:08:9a:bb:c1 , -73
1737643974045 , c8:a6:08:5a:fe:74 , -69
1737643974045 , c8:a6:08:5a:fe:70 , -69
1737643974045 , c8:a6:08:5a:bb:c1 , -78
1737643974045 , c8:a6:08:9a:bb:c0 , -73
1737643974045 , c8:a6:08:9b:16:04 , -58
1737643974045 , 74:03:bd:ef:8a:10 , -81
1737643974045 , c8:a6:08:9a:bf:30 , -84
1737643974045 , c8:a6:08:9a:bf:34 , -84
1737643974045 , c8:a6:08:9b:16:01 , -53
1737643974045 , c8:a6:08:5b:16:01 , -54
1737643974045 , c8:a6:08:9b:16:00 , -53
1737643974045 , c8:a6:08:5b:16:00 , -54
1737643974045 , c8:a6:08:9a:bf:31 , -82
1737643974045 , c8:a6:08:9a:bb:d4 , -92
1737643974045 , 96:f8:4a:36:a6:a7 , -85
1737643974045 , 3c:64:cf:5c:de:09 , -83
1737643974045 , c8:a6:08:9a:b5:91 , -91
1737643974045 , 3c:64:cf:5c:de:08 , -80
1737643974045 , c8:a6:08:9a:bb:d0 , -91
1737643974045 , c8:a6:08:9a:bb:d1 , -91
1737643974045 , 50:d4:f7:a6:80:f4 , -74
1737643974045 , 50:d4:f7:a6:80:f3 , -83
1737643974045 , c8:a6:08:9a:bc:10 , -69
1737643974045 , c8:a6:08:9a:bc:11 , -69
1737643974045 , c8:a6:08:9a:bc:14 , -70
1737643974045 , c8:a6:08:5a:bc:11 , -68
1737643974045 , c8:a6:08:9a:bb:80 , -74
1737643974045 , c8:a6:08:9a:bb:81 , -74
1737643974045 , 60:84:bd:de:7c:67 , -57
1737643974045 , c8:a6:08:9a:bb:84 , -74
1737643974045 , ac:44:f2:8c:e9:20 , -76
1737643974045 , c8:a6:08:9a:fd:01 , -86
1737643974045 , c8:a6:08:9a:fd:00 , -86
1737643974045 , c0:25:a2:a7:2e:2b , -47
1737643974045 , c0:25:a2:a7:2e:2a , -50
1737643974045 , 60:84:bd:de:7c:60 , -52
1737643974045 , c8:a6:08:5a:fd:80 , -86
1737643974045 , 60:f4:94:f1:84:d2 , -86
1737643974045 , c8:a6:08:9a:b7:01 , -74
1737643974045 , c8:a6:08:9b:16:24 , -44
1737643974045 , c8:a6:08:5b:15:50 , -63
1737643974045 , c8:a6:08:9a:b7:00 , -75
1737643974045 , c0:25:a2:a7:2e:27 , -53
1737643974045 , 74:03:bd:8b:7c:b7 , -77
1737643974045 , c0:25:a2:a7:2e:26 , -55
1737643974045 , c0:25:a2:a9:b1:4f , -47
1737643974045 , c8:a6:08:9b:15:51 , -66
1737643974045 , c8:a6:08:9b:15:50 , -66
1737643974045 , c8:a6:08:9b:16:21 , -43
1737643974045 , c8:a6:08:5b:16:21 , -59
1737643974045 , 84:af:ec:86:f0:60 , -75
1737643974045 , c8:a6:08:9b:16:20 , -43
1737643974045 , c8:a6:08:5b:16:20 , -59
1737643974045 , c8:a6:08:9b:15:54 , -66
1737643974045 , c8:a6:08:9a:b7:04 , -74
1737643974045 , c8:a6:08:5a:fd:01 , -81
1737643974045 , f8:b7:97:9b:d6:fe , -81
1737643974045 , c8:a6:08:9a:bb:b0 , -85
1737643974045 , c8:a6:08:9a:bb:b1 , -83
1737643974045 , c8:a6:08:9a:fd:04 , -86
1737643974045 , c8:a6:08:9a:bb:b4 , -85
1737643974045 , c8:a6:08:9a:bb:f0 , -91
1737643974045 , c8:a6:08:9a:bb:f1 , -92
1737643974092 , c8:a6:08:9a:b4:21 , -91
1737643974092 , c8:a6:08:9a:fe:71 , -71
1737643974092 , 74:03:bd:ef:8a:00 , -71
1737643974092 , c8:a6:08:9a:fc:90 , -79
1737643974092 , c8:a6:08:9a:fe:70 , -71
1737643974092 , d2:c0:bf:1d:b5:64 , -75
1737643974092 , c8:a6:08:9a:fc:91 , -79
1737643974092 , c8:a6:08:9a:fc:94 , -79
1737643974092 , c8:a6:08:9a:fe:74 , -71
1737643974092 , 84:af:ec:86:f0:70 , -78
1737643974092 , ac:44:f2:8c:e8:a8 , -87
1737643974092 , c8:a6:08:9a:bb:c4 , -74
1737643974092 , c8:a6:08:9a:bb:c1 , -73
1737643974092 , c8:a6:08:5a:fe:74 , -69
1737643974092 , c8:a6:08:5a:fe:70 , -69
1737643974092 , c8:a6:08:5a:bb:c1 , -78
1737643974092 , c8:a6:08:9a:bb:c0 , -73
1737643974092 , c8:a6:08:9b:16:04 , -58
1737643974092 , 74:03:bd:ef:8a:10 , -81
1737643974092 , c8:a6:08:9a:bf:30 , -84
1737643974092 , c8:a6:08:9a:bf:34 , -84
1737643974092 , c8:a6:08:9b:16:01 , -53
1737643974092 , c8:a6:08:5b:16:01 , -54
1737643974092 , c8:a6:08:9b:16:00 , -53
1737643974092 , c8:a6:08:5b:16:00 , -54
1737643974092 , c8:a6:08:9a:bf:31 , -82
1737643974092 , c8:a6:08:9a:bb:d4 , -92
1737643974092 , 96:f8:4a:36:a6:a7 , -85
1737643974092 , 3c:64:cf:5c:de:09 , -83
1737643974092 , c8:a6:08:9a:b5:91 , -91
1737643974092 , 3c:64:cf:5c:de:08 , -80
1737643974092 , c8:a6:08:9a:bb:d0 , -91
1737643974092 , c8:a6:08:9a:bb:d1 , -91
1737643974092 , 50:d4:f7:a6:80:f4 , -74
1737643974092 , 50:d4:f7:a6:80:f3 , -83
1737643974092 , c8:a6:08:9a:bc:10 , -69
1737643974092 , c8:a6:08:9a:bc:11 , -69
1737643974092 , c8:a6:08:9a:bc:14 , -70
1737643974092 , c8:a6:08:5a:bc:11 , -68
1737643974092 , c8:a6:08:9a:bb:80 , -74
1737643974092 , c8:a6:08:9a:bb:81 , -74
1737643974092 , 60:84:bd:de:7c:67 , -57
1737643974092 , c8:a6:08:9a:bb:84 , -74
1737643974092 , ac:44:f2:8c:e9:20 , -76
1737643974092 , c8:a6:08:9a:fd:01 , -86
1737643974092 , c8:a6:08:9a:fd:00 , -86
1737643974092 , c0:25:a2:a7:2e:2b , -47
1737643974092 , c0:25:a2:a7:2e:2a , -50
1737643974092 , 60:84:bd:de:7c:60 , -52
1737643974092 , c8:a6:08:5a:fd:80 , -86
1737643974092 , 60:f4:94:f1:84:d2 , -86
1737643974092 , c8:a6:08:9a:b7:01 , -74
1737643974092 , c8:a6:08:9b:16:24 , -44
1737643974092 , c8:a6:08:5b:15:50 , -63
1737643974092 , c8:a6:08:9a:b7:00 , -75
1737643974092 , c0:25:a2:a7:2e:27 , -53
1737643974092 , 74:03:bd:8b:7c:b7 , -77
1737643974092 , c0:25:a2:a7:2e:26 , -55
1737643974092 , c0:25:a2:a9:b1:4f , -47
1737643974092 , c8:a6:08:9b:15:51 , -66
1737643974092 , c8:a6:08:9b:15:50 , -66
1737643974092 , c8:a6:08:9b:16:21 , -43
1737643974092 , c8:a6:08:5b:16:21 , -59
1737643974092 , 84:af:ec:86:f0:60 , -75
1737643974092 , c8:a6:08:9b:16:20 , -43
1737643974092 , c8:a6:08:5b:16:20 , -59
1737643974092 , c8:a6:08:9b:15:54 , -66
1737643974092 , c8:a6:08:9a:b7:04 , -74
1737643974092 , c8:a6:08:5a:fd:01 , -81
1737643974092 , f8:b7:97:9b:d6:fe , -81
1737643974092 , c8:a6:08:9a:bb:b0 , -85
1737643974092 , c8:a6:08:9a:bb:b1 , -83
1737643974092 , c8:a6:08:9a:fd:04 , -86
1737643974092 , c8:a6:08:9a:bb:b4 , -85
1737643974092 , c8:a6:08:9a:bb:f0 , -91
1737643974092 , c8:a6:08:9a:bb:f1 , -92
1737643974577 , c8:a6:08:9a:b4:21 , -91
1737643974577 , c8:a6:08:9a:fe:71 , -71
1737643974577 , 74:03:bd:ef:8a:00 , -71
1737643974577 , c8:a6:08:9a:fc:90 , -79
1737643974577 , c8:a6:08:9a:fe:70 , -71
1737643974577 , d2:c0:bf:1d:b5:64 , -75
1737643974577 , c8:a6:08:9a:fc:91 , -79
1737643974577 , c8:a6:08:9a:fc:94 , -79
1737643974577 , c8:a6:08:9a:fe:74 , -71
1737643974577 , 84:af:ec:86:f0:70 , -78
1737643974577 , ac:44:f2:8c:e8:a8 , -87
1737643974577 , c8:a6:08:9a:bb:c4 , -74
1737643974577 , c8:a6:08:9a:bb:c1 , -73
1737643974577 , c8:a6:08:5a:fe:74 , -69
1737643974577 , c8:a6:08:5a:fe:70 , -69
1737643974577 , c8:a6:08:5a:bb:c1 , -78
1737643974577 , c8:a6:08:9a:bb:c0 , -73
1737643974577 , c8:a6:08:9b:16:04 , -58
1737643974577 , 74:03:bd:ef:8a:10 , -81
1737643974577 , c8:a6:08:9a:bf:30 , -84
1737643974577 , c8:a6:08:9a:bf:34 , -84
1737643974577 , c8:a6:08:9b:16:01 , -53
1737643974577 , c8:a6:08:5b:16:01 , -54
1737643974577 , c8:a6:08:9b:16:00 , -53
1737643974577 , c8:a6:08:5b:16:00 , -54
1737643974577 , c8:a6:08:9a:bf:31 , -82
1737643974577 , c8:a6:08:9a:bb:d4 , -92
1737643974577 , 96:f8:4a:36:a6:a7 , -85
1737643974577 , 3c:64:cf:5c:de:09 , -83
1737643974577 , c8:a6:08:9a:b5:91 , -91
1737643974577 , 3c:64:cf:5c:de:08 , -80
1737643974577 , c8:a6:08:9a:bb:d0 , -91
1737643974577 , c8:a6:08:9a:bb:d1 , -91
1737643974577 , 50:d4:f7:a6:80:f4 , -74
1737643974577 , 50:d4:f7:a6:80:f3 , -83
1737643974577 , c8:a6:08:9a:bc:10 , -69
1737643974577 , c8:a6:08:9a:bc:11 , -69
1737643974577 , c8:a6:08:9a:bc:14 , -70
1737643974577 , c8:a6:08:5a:bc:11 , -68
1737643974577 , c8:a6:08:9a:bb:80 , -74
1737643974577 , c8:a6:08:9a:bb:81 , -74
1737643974577 , 60:84:bd:de:7c:67 , -57
1737643974577 , c8:a6:08:9a:bb:84 , -74
1737643974577 , ac:44:f2:8c:e9:20 , -76
1737643974577 , c8:a6:08:9a:fd:01 , -86
1737643974577 , c8:a6:08:9a:fd:00 , -86
1737643974577 , c0:25:a2:a7:2e:2b , -47
1737643974577 , c0:25:a2:a7:2e:2a , -50
1737643974577 , 60:84:bd:de:7c:60 , -52
1737643974577 , c8:a6:08:5a:fd:80 , -86
1737643974577 , 60:f4:94:f1:84:d2 , -86
1737643974577 , c8:a6:08:9a:b7:01 , -74
1737643974577 , c8:a6:08:9b:16:24 , -44
1737643974577 , c8:a6:08:5b:15:50 , -63
1737643974577 , c8:a6:08:9a:b7:00 , -75
1737643974577 , c0:25:a2:a7:2e:27 , -53
1737643974577 , 74:03:bd:8b:7c:b7 , -77
1737643974577 , c0:25:a2:a7:2e:26 , -55
1737643974577 , c0:25:a2:a9:b1:4f , -47
1737643974577 , c8:a6:08:9b:15:51 , -66
1737643974577 , c8:a6:08:9b:15:50 , -66
1737643974577 , c8:a6:08:9b:16:21 , -43
1737643974577 , c8:a6:08:5b:16:21 , -59
1737643974577 , 84:af:ec:86:f0:60 , -75
1737643974577 , c8:a6:08:9b:16:20 , -43
1737643974577 , c8:a6:08:5b:16:20 , -59
1737643974577 , c8:a6:08:9b:15:54 , -66
1737643974577 , c8:a6:08:9a:b7:04 , -74
1737643974577 , c8:a6:08:5a:fd:01 , -81
1737643974577 , f8:b7:97:9b:d6:fe , -81
1737643974577 , c8:a6:08:9a:bb:b0 , -85
1737643974577 , c8:a6:08:9a:bb:b1 , -83
1737643974577 , c8:a6:08:9a:fd:04 , -86
1737643974577 , c8:a6:08:9a:bb:b4 , -85
1737643974577 , c8:a6:08:9a:bb:f0 , -91
1737643974577 , c8:a6:08:9a:bb:f1 , -92
1737643975577 , c8:a6:08:9a:b4:21 , -91
1737643975577 , c8:a6:08:9a:fe:71 , -71
1737643975577 , 74:03:bd:ef:8a:00 , -71
1737643975577 , c8:a6:08:9a:fc:90 , -79
1737643975577 , c8:a6:08:9a:fe:70 , -71
1737643975577 , d2:c0:bf:1d:b5:64 , -75
1737643975577 , c8:a6:08:9a:fc:91 , -79
1737643975577 , c8:a6:08:9a:fc:94 , -79
1737643975577 , c8:a6:08:9a:fe:74 , -71
1737643975577 , 84:af:ec:86:f0:70 , -78
1737643975577 , ac:44:f2:8c:e8:a8 , -87
1737643975577 , c8:a6:08:9a:bb:c4 , -74
1737643975577 , c8:a6:08:9a:bb:c1 , -73
1737643975577 , c8:a6:08:5a:fe:74 , -69
1737643975577 , c8:a6:08:5a:fe:70 , -69
1737643975577 , c8:a6:08:5a:bb:c1 , -78
1737643975577 , c8:a6:08:9a:bb:c0 , -73
1737643975577 , c8:a6:08:9b:16:04 , -58
1737643975577 , 74:03:bd:ef:8a:10 , -81
1737643975577 , c8:a6:08:9a:bf:30 , -84
1737643975577 , c8:a6:08:9a:bf:34 , -84
1737643975577 , c8:a6:08:9b:16:01 , -53
1737643975577 , c8:a6:08:5b:16:01 , -54
1737643975577 , c8:a6:08:9b:16:00 , -53
1737643975577 , c8:a6:08:5b:16:00 , -54
1737643975577 , c8:a6:08:9a:bf:31 , -82
1737643975577 , c8:a6:08:9a:bb:d4 , -92
1737643975577 , 96:f8:4a:36:a6:a7 , -85
1737643975577 , 3c:64:cf:5c:de:09 , -83
1737643975577 , c8:a6:08:9a:b5:91 , -91
1737643975577 , 3c:64:cf:5c:de:08 , -80
1737643975577 , c8:a6:08:9a:bb:d0 , -91
1737643975577 , c8:a6:08:9a:bb:d1 , -91
1737643975577 , 50:d4:f7:a6:80:f4 , -74
1737643975577 , 50:d4:f7:a6:80:f3 , -83
1737643975577 , c8:a6:08:9a:bc:10 , -69
1737643975577 , c8:a6:08:9a:bc:11 , -69
1737643975577 , c8:a6:08:9a:bc:14 , -70
1737643975577 , c8:a6:08:5a:bc:11 , -68
1737643975577 , c8:a6:08:9a:bb:80 , -74
1737643975577 , c8:a6:08:9a:bb:81 , -74
1737643975577 , 60:84:bd:de:7c:67 , -57
1737643975577 , c8:a6:08:9a:bb:84 , -74
1737643975577 , ac:44:f2:8c:e9:20 , -76
1737643975577 , c8:a6:08:9a:fd:01 , -86
1737643975577 , c8:a6:08:9a:fd:00 , -86
1737643975577 , c0:25:a2:a7:2e:2b , -47
1737643975577 , c0:25:a2:a7:2e:2a , -50
1737643975577 , 60:84:bd:de:7c:60 , -52
1737643975577 , c8:a6:08:5a:fd:80 , -86
1737643975577 , 60:f4:94:f1:84:d2 , -86
1737643975577 , c8:a6:08:9a:b7:01 , -74
1737643975577 , c8:a6:08:9b:16:24 , -44
1737643975577 , c8:a6:08:5b:15:50 , -63
1737643975577 , c8:a6:08:9a:b7:00 , -75
1737643975577 , c0:25:a2:a7:2e:27 , -53
1737643975577 , 74:03:bd:8b:7c:b7 , -77
1737643975577 , c0:25:a2:a7:2e:26 , -55
1737643975577 , c0:25:a2:a9:b1:4f , -47
1737643975577 , c8:a6:08:9b:15:51 , -66
1737643975577 , c8:a6:08:9b:15:50 , -66
1737643975577 , c8:a6:08:9b:16:21 , -43
1737643975577 , c8:a6:08:5b:16:21 , -59
1737643975577 , 84:af:ec:86:f0:60 , -75
1737643975577 , c8:a6:08:9b:16:20 , -43
1737643975577 , c8:a6:08:5b:16:20 , -59
1737643975577 , c8:a6:08:9b:15:54 , -66
1737643975577 , c8:a6:08:9a:b7:04 , -74
1737643975577 , c8:a6:08:5a:fd:01 , -81
1737643975577 , f8:b7:97:9b:d6:fe , -81
1737643975577 , c8:a6:08:9a:bb:b0 , -85
1737643975577 , c8:a6:08:9a:bb:b1 , -83
1737643975577 , c8:a6:08:9a:fd:04 , -86
1737643975577 , c8:a6:08:9a:bb:b4 , -85
1737643975577 , c8:a6:08:9a:bb:f0 , -91
1737643975577 , c8:a6:08:9a:bb:f1 , -92
1737643976581 , c8:a6:08:9a:b4:21 , -91
1737643976581 , c8:a6:08:9a:fe:71 , -71
1737643976581 , 74:03:bd:ef:8a:00 , -71
1737643976581 , c8:a6:08:9a:fc:90 , -79
1737643976581 , c8:a6:08:9a:fe:70 , -71
1737643976581 , d2:c0:bf:1d:b5:64 , -75
1737643976581 , c8:a6:08:9a:fc:91 , -79
1737643976581 , c8:a6:08:9a:fc:94 , -79
1737643976581 , c8:a6:08:9a:fe:74 , -71
1737643976581 , 84:af:ec:86:f0:70 , -78
1737643976581 , ac:44:f2:8c:e8:a8 , -87
1737643976581 , c8:a6:08:9a:bb:c4 , -74
1737643976581 , c8:a6:08:9a:bb:c1 , -73
1737643976581 , c8:a6:08:5a:fe:74 , -69
1737643976581 , c8:a6:08:5a:fe:70 , -69
1737643976581 , c8:a6:08:5a:bb:c1 , -78
1737643976581 , c8:a6:08:9a:bb:c0 , -73
1737643976581 , c8:a6:08:9b:16:04 , -58
1737643976581 , 74:03:bd:ef:8a:10 , -81
1737643976581 , c8:a6:08:9a:bf:30 , -84
1737643976581 , c8:a6:08:9a:bf:34 , -84
1737643976581 , c8:a6:08:9b:16:01 , -53
1737643976581 , c8:a6:08:5b:16:01 , -54
1737643976581 , c8:a6:08:9b:16:00 , -53
1737643976581 , c8:a6:08:5b:16:00 , -54
1737643976581 , c8:a6:08:9a:bf:31 , -82
1737643976581 , c8:a6:08:9a:bb:d4 , -92
1737643976581 , 96:f8:4a:36:a6:a7 , -85
1737643976581 , 3c:64:cf:5c:de:09 , -83
1737643976581 , c8:a6:08:9a:b5:91 , -91
1737643976581 , 3c:64:cf:5c:de:08 , -80
1737643976581 , c8:a6:08:9a:bb:d0 , -91
1737643976581 , c8:a6:08:9a:bb:d1 , -91
1737643976581 , 50:d4:f7:a6:80:f4 , -74
1737643976581 , 50:d4:f7:a6:80:f3 , -83
1737643976581 , c8:a6:08:9a:bc:10 , -69
1737643976581 , c8:a6:08:9a:bc:11 , -69
1737643976581 , c8:a6:08:9a:bc:14 , -70
1737643976581 , c8:a6:08:5a:bc:11 , -68
1737643976581 , c8:a6:08:9a:bb:80 , -74
1737643976581 , c8:a6:08:9a:bb:81 , -74
1737643976581 , 60:84:bd:de:7c:67 , -57
1737643976581 , c8:a6:08:9a:bb:84 , -74
1737643976581 , ac:44:f2:8c:e9:20 , -76
1737643976581 , c8:a6:08:9a:fd:01 , -86
1737643976581 , c8:a6:08:9a:fd:00 , -86
1737643976581 , c0:25:a2:a7:2e:2b , -47
1737643976581 , c0:25:a2:a7:2e:2a , -50
1737643976581 , 60:84:bd:de:7c:60 , -52
1737643976581 , c8:a6:08:5a:fd:80 , -86
1737643976581 , 60:f4:94:f1:84:d2 , -86
1737643976581 , c8:a6:08:9a:b7:01 , -74
1737643976581 , c8:a6:08:9b:16:24 , -44
1737643976581 , c8:a6:08:5b:15:50 , -63
1737643976581 , c8:a6:08:9a:b7:00 , -75
1737643976581 , c0:25:a2:a7:2e:27 , -53
1737643976581 , 74:03:bd:8b:7c:b7 , -77
1737643976581 , c0:25:a2:a7:2e:26 , -55
1737643976581 , c0:25:a2:a9:b1:4f , -47
1737643976581 , c8:a6:08:9b:15:51 , -66
1737643976581 , c8:a6:08:9b:15:50 , -66
1737643976581 , c8:a6:08:9b:16:21 , -43
1737643976581 , c8:a6:08:5b:16:21 , -59
1737643976581 , 84:af:ec:86:f0:60 , -75
1737643976581 , c8:a6:08:9b:16:20 , -43
1737643976581 , c8:a6:08:5b:16:20 , -59
1737643976581 , c8:a6:08:9b:15:54 , -66
1737643976581 , c8:a6:08:9a:b7:04 , -74
1737643976581 , c8:a6:08:5a:fd:01 , -81
1737643976581 , f8:b7:97:9b:d6:fe , -81
1737643976581 , c8:a6:08:9a:bb:b0 , -85
1737643976581 , c8:a6:08:9a:bb:b1 , -83
1737643976581 , c8:a6:08:9a:fd:04 , -86
1737643976581 , c8:a6:08:9a:bb:b4 , -85
1737643976581 , c8:a6:08:9a:bb:f0 , -91
1737643976581 , c8:a6:08:9a:bb:f1 , -92
1737643977595 , c8:a6:08:9a:b4:21 , -91
1737643977595 , c8:a6:08:9a:fe:71 , -71
1737643977595 , 74:03:bd:ef:8a:00 , -71
1737643977595 , c8:a6:08:9a:fc:90 , -79
1737643977595 , c8:a6:08:9a:fe:70 , -71
1737643977595 , d2:c0:bf:1d:b5:64 , -75
1737643977595 , c8:a6:08:9a:fc:91 , -79
1737643977595 , c8:a6:08:9a:fc:94 , -79
1737643977595 , c8:a6:08:9a:fe:74 , -71
1737643977595 , 84:af:ec:86:f0:70 , -78
1737643977595 , ac:44:f2:8c:e8:a8 , -87
1737643977595 , c8:a6:08:9a:bb:c4 , -74
1737643977595 , c8:a6:08:9a:bb:c1 , -73
1737643977595 , c8:a6:08:5a:fe:74 , -69
1737643977595 , c8:a6:08:5a:fe:70 , -69
1737643977595 , c8:a6:08:5a:bb:c1 , -78
1737643977595 , c8:a6:08:9a:bb:c0 , -73
1737643977595 , c8:a6:08:9b:16:04 , -58
1737643977595 , 74:03:bd:ef:8a:10 , -81
1737643977595 , c8:a6:08:9a:bf:30 , -84
1737643977595 , c8:a6:08:9a:bf:34 , -84
1737643977595 , c8:a6:08:9b:16:01 , -53
1737643977595 , c8:a6:08:5b:16:01 , -54
1737643977595 , c8:a6:08:9b:16:00 , -53
1737643977595 , c8:a6:08:5b:16:00 , -54
1737643977595 , c8:a6:08:9a:bf:31 , -82
1737643977595 , c8:a6:08:9a:bb:d4 , -92
1737643977595 , 96:f8:4a:36:a6:a7 , -85
1737643977595 , 3c:64:cf:5c:de:09 , -83
1737643977595 , c8:a6:08:9a:b5:91 , -91
1737643977595 , 3c:64:cf:5c:de:08 , -80
1737643977595 , c8:a6:08:9a:bb:d0 , -91
1737643977595 , c8:a6:08:9a:bb:d1 , -91
1737643977595 , 50:d4:f7:a6:80:f4 , -74
1737643977595 , 50:d4:f7:a6:80:f3 , -83
1737643977595 , c8:a6:08:9a:bc:10 , -69
1737643977595 , c8:a6:08:9a:bc:11 , -69
1737643977595 , c8:a6:08:9a:bc:14 , -70
1737643977595 , c8:a6:08:5a:bc:11 , -68
1737643977595 , c8:a6:08:9a:bb:80 , -74
1737643977595 , c8:a6:08:9a:bb:81 , -74
1737643977595 , 60:84:bd:de:7c:67 , -57
1737643977595 , c8:a6:08:9a:bb:84 , -74
1737643977595 , ac:44:f2:8c:e9:20 , -76
1737643977595 , c8:a6:08:9a:fd:01 , -86
1737643977595 , c8:a6:08:9a:fd:00 , -86
1737643977595 , c0:25:a2:a7:2e:2b , -47
1737643977595 , c0:25:a2:a7:2e:2a , -50
1737643977595 , 60:84:bd:de:7c:60 , -52
1737643977595 , c8:a6:08:5a:fd:80 , -86
1737643977595 , 60:f4:94:f1:84:d2 , -86
1737643977595 , c8:a6:08:9a:b7:01 , -74
1737643977595 , c8:a6:08:9b:16:24 , -44
1737643977595 , c8:a6:08:5b:15:50 , -63
1737643977595 , c8:a6:08:9a:b7:00 , -75
1737643977595 , c0:25:a2:a7:2e:27 , -53
1737643977595 , 74:03:bd:8b:7c:b7 , -77
1737643977595 , c0:25:a2:a7:2e:26 , -55
1737643977595 , c0:25:a2:a9:b1:4f , -47
1737643977595 , c8:a6:08:9b:15:51 , -66
1737643977595 , c8:a6:08:9b:15:50 , -66
1737643977595 , c8:a6:08:9b:16:21 , -43
1737643977595 , c8:a6:08:5b:16:21 , -59
1737643977595 , 84:af:ec:86:f0:60 , -75
1737643977595 , c8:a6:08:9b:16:20 , -43
1737643977595 , c8:a6:08:5b:16:20 , -59
1737643977595 , c8:a6:08:9b:15:54 , -66
1737643977595 , c8:a6:08:9a:b7:04 , -74
1737643977595 , c8:a6:08:5a:fd:01 , -81
1737643977595 , f8:b7:97:9b:d6:fe , -81
1737643977595 , c8:a6:08:9a:bb:b0 , -85
1737643977595 , c8:a6:08:9a:bb:b1 , -83
1737643977595 , c8:a6:08:9a:fd:04 , -86
1737643977595 , c8:a6:08:9a:bb:b4 , -85
1737643977595 , c8:a6:08:9a:bb:f0 , -91
1737643977595 , c8:a6:08:9a:bb:f1 , -92
1737643978605 , c8:a6:08:9a:b4:21 , -91
1737643978605 , c8:a6:08:9a:fe:71 , -71
1737643978605 , 74:03:bd:ef:8a:00 , -71
1737643978605 , c8:a6:08:9a:fc:90 , -79
1737643978605 , c8:a6:08:9a:fe:70 , -71
1737643978605 , d2:c0:bf:1d:b5:64 , -75
1737643978605 , c8:a6:08:9a:fc:91 , -79
1737643978605 , c8:a6:08:9a:fc:94 , -79
1737643978605 , c8:a6:08:9a:fe:74 , -71
1737643978605 , 84:af:ec:86:f0:70 , -78
1737643978605 , ac:44:f2:8c:e8:a8 , -87
1737643978605 , c8:a6:08:9a:bb:c4 , -74
1737643978605 , c8:a6:08:9a:bb:c1 , -73
1737643978605 , c8:a6:08:5a:fe:74 , -69
1737643978605 , c8:a6:08:5a:fe:70 , -69
1737643978605 , c8:a6:08:5a:bb:c1 , -78
1737643978605 , c8:a6:08:9a:bb:c0 , -73
1737643978605 , c8:a6:08:9b:16:04 , -58
1737643978605 , 74:03:bd:ef:8a:10 , -81
1737643978605 , c8:a6:08:9a:bf:30 , -84
1737643978605 , c8:a6:08:9a:bf:34 , -84
1737643978605 , c8:a6:08:9b:16:01 , -53
1737643978605 , c8:a6:08:5b:16:01 , -54
1737643978605 , c8:a6:08:9b:16:00 , -53
1737643978605 , c8:a6:08:5b:16:00 , -54
1737643978605 , c8:a6:08:9a:bf:31 , -82
1737643978605 , c8:a6:08:9a:bb:d4 , -92
1737643978605 , 96:f8:4a:36:a6:a7 , -85
1737643978605 , 3c:64:cf:5c:de:09 , -83
1737643978605 , c8:a6:08:9a:b5:91 , -91
1737643978605 , 3c:64:cf:5c:de:08 , -80
1737643978605 , c8:a6:08:9a:bb:d0 , -91
1737643978605 , c8:a6:08:9a:bb:d1 , -91
1737643978605 , 50:d4:f7:a6:80:f4 , -74
1737643978605 , 50:d4:f7:a6:80:f3 , -83
1737643978605 , c8:a6:08:9a:bc:10 , -69
1737643978605 , c8:a6:08:9a:bc:11 , -69
1737643978605 , c8:a6:08:9a:bc:14 , -70
1737643978605 , c8:a6:08:5a:bc:11 , -68
1737643978605 , c8:a6:08:9a:bb:80 , -74
1737643978605 , c8:a6:08:9a:bb:81 , -74
1737643978605 , 60:84:bd:de:7c:67 , -57
1737643978605 , c8:a6:08:9a:bb:84 , -74
1737643978605 , ac:44:f2:8c:e9:20 , -76
1737643978605 , c8:a6:08:9a:fd:01 , -86
1737643978605 , c8:a6:08:9a:fd:00 , -86
1737643978605 , c0:25:a2:a7:2e:2b , -47
1737643978605 , c0:25:a2:a7:2e:2a , -50
1737643978605 , 60:84:bd:de:7c:60 , -52
1737643978605 , c8:a6:08:5a:fd:80 , -86
1737643978605 , 60:f4:94:f1:84:d2 , -86
1737643978605 , c8:a6:08:9a:b7:01 , -74
1737643978605 , c8:a6:08:9b:16:24 , -44
1737643978605 , c8:a6:08:5b:15:50 , -63
1737643978605 , c8:a6:08:9a:b7:00 , -75
1737643978605 , c0:25:a2:a7:2e:27 , -53
1737643978605 , 74:03:bd:8b:7c:b7 , -77
1737643978605 , c0:25:a2:a7:2e:26 , -55
1737643978605 , c0:25:a2:a9:b1:4f , -47
1737643978605 , c8:a6:08:9b:15:51 , -66
1737643978605 , c8:a6:08:9b:15:50 , -66
1737643978605 , c8:a6:08:9b:16:21 , -43
1737643978605 , c8:a6:08:5b:16:21 , -59
1737643978605 , 84:af:ec:86:f0:60 , -75
1737643978605 , c8:a6:08:9b:16:20 , -43
1737643978605 , c8:a6:08:5b:16:20 , -59
1737643978605 , c8:a6:08:9b:15:54 , -66
1737643978605 , c8:a6:08:9a:b7:04 , -74
1737643978605 , c8:a6:08:5a:fd:01 , -81
1737643978605 , f8:b7:97:9b:d6:fe , -81
1737643978605 , c8:a6:08:9a:bb:b0 , -85
1737643978605 , c8:a6:08:9a:bb:b1 , -83
1737643978605 , c8:a6:08:9a:fd:04 , -86
1737643978605 , c8:a6:08:9a:bb:b4 , -85
1737643978605 , c8:a6:08:9a:bb:f0 , -91
1737643978605 , c8:a6:08:9a:bb:f1 , -92
1737643979612 , c8:a6:08:9a:b4:21 , -91
1737643979612 , c8:a6:08:9a:fe:71 , -71
1737643979612 , 74:03:bd:ef:8a:00 , -71
1737643979612 , c8:a6:08:9a:fc:90 , -79
1737643979612 , c8:a6:08:9a:fe:70 , -71
1737643979612 , d2:c0:bf:1d:b5:64 , -75
1737643979612 , c8:a6:08:9a:fc:91 , -79
1737643979612 , c8:a6:08:9a:fc:94 , -79
1737643979612 , c8:a6:08:9a:fe:74 , -71
1737643979612 , 84:af:ec:86:f0:70 , -78
1737643979612 , ac:44:f2:8c:e8:a8 , -87
1737643979612 , c8:a6:08:9a:bb:c4 , -74
1737643979612 , c8:a6:08:9a:bb:c1 , -73
1737643979612 , c8:a6:08:5a:fe:74 , -69
1737643979612 , c8:a6:08:5a:fe:70 , -69
1737643979612 , c8:a6:08:5a:bb:c1 , -78
1737643979612 , c8:a6:08:9a:bb:c0 , -73
1737643979612 , c8:a6:08:9b:16:04 , -58
1737643979612 , 74:03:bd:ef:8a:10 , -81
1737643979612 , c8:a6:08:9a:bf:30 , -84
1737643979612 , c8:a6:08:9a:bf:34 , -84
1737643979612 , c8:a6:08:9b:16:01 , -53
1737643979612 , c8:a6:08:5b:16:01 , -54
1737643979612 , c8:a6:08:9b:16:00 , -53
1737643979612 , c8:a6:08:5b:16:00 , -54
1737643979612 , c8:a6:08:9a:bf:31 , -82
1737643979612 , c8:a6:08:9a:bb:d4 , -92
1737643979612 , 96:f8:4a:36:a6:a7 , -85
1737643979612 , 3c:64:cf:5c:de:09 , -83
1737643979612 , c8:a6:08:9a:b5:91 , -91
1737643979612 , 3c:64:cf:5c:de:08 , -80
1737643979612 , c8:a6:08:9a:bb:d0 , -91
1737643979612 , c8:a6:08:9a:bb:d1 , -91
1737643979612 , 50:d4:f7:a6:80:f4 , -74
1737643979612 , 50:d4:f7:a6:80:f3 , -83
1737643979612 , c8:a6:08:9a:bc:10 , -69
1737643979612 , c8:a6:08:9a:bc:11 , -69
1737643979612 , c8:a6:08:9a:bc:14 , -70
1737643979612 , c8:a6:08:5a:bc:11 , -68
1737643979612 , c8:a6:08:9a:bb:80 , -74
1737643979612 , c8:a6:08:9a:bb:81 , -74
1737643979612 , 60:84:bd:de:7c:67 , -57
1737643979612 , c8:a6:08:9a:bb:84 , -74
1737643979612 , ac:44:f2:8c:e9:20 , -76
1737643979612 , c8:a6:08:9a:fd:01 , -86
1737643979612 , c8:a6:08:9a:fd:00 , -86
1737643979612 , c0:25:a2:a7:2e:2b , -47
1737643979612 , c0:25:a2:a7:2e:2a , -50
1737643979612 , 60:84:bd:de:7c:60 , -52
1737643979612 , c8:a6:08:5a:fd:80 , -86
1737643979612 , 60:f4:94:f1:84:d2 , -86
1737643979612 , c8:a6:08:9a:b7:01 , -74
1737643979612 , c8:a6:08:9b:16:24 , -44
1737643979612 , c8:a6:08:5b:15:50 , -63
1737643979612 , c8:a6:08:9a:b7:00 , -75
1737643979612 , c0:25:a2:a7:2e:27 , -53
1737643979612 , 74:03:bd:8b:7c:b7 , -77
1737643979612 , c0:25:a2:a7:2e:26 , -55
1737643979612 , c0:25:a2:a9:b1:4f , -47
1737643979612 , c8:a6:08:9b:15:51 , -66
1737643979612 , c8:a6:08:9b:15:50 , -66
1737643979612 , c8:a6:08:9b:16:21 , -43
1737643979612 , c8:a6:08:5b:16:21 , -59
1737643979612 , 84:af:ec:86:f0:60 , -75
1737643979612 , c8:a6:08:9b:16:20 , -43
1737643979612 , c8:a6:08:5b:16:20 , -59
1737643979612 , c8:a6:08:9b:15:54 , -66
1737643979612 , c8:a6:08:9a:b7:04 , -74
1737643979612 , c8:a6:08:5a:fd:01 , -81
1737643979612 , f8:b7:97:9b:d6:fe , -81
1737643979612 , c8:a6:08:9a:bb:b0 , -85
1737643979612 , c8:a6:08:9a:bb:b1 , -83
1737643979612 , c8:a6:08:9a:fd:04 , -86
1737643979612 , c8:a6:08:9a:bb:b4 , -85
1737643979612 , c8:a6:08:9a:bb:f0 , -91
1737643979612 , c8:a6:08:9a:bb:f1 , -92
1737643980627 , c8:a6:08:9a:b4:21 , -91
1737643980627 , c8:a6:08:9a:fe:71 , -71
1737643980627 , 74:03:bd:ef:8a:00 , -71
1737643980627 , c8:a6:08:9a:fc:90 , -79
1737643980627 , c8:a6:08:9a:fe:70 , -71
1737643980627 , d2:c0:bf:1d:b5:64 , -75
1737643980627 , c8:a6:08:9a:fc:91 , -79
1737643980627 , c8:a6:08:9a:fc:94 , -79
1737643980627 , c8:a6:08:9a:fe:74 , -71
1737643980627 , 84:af:ec:86:f0:70 , -78
1737643980627 , ac:44:f2:8c:e8:a8 , -87
1737643980627 , c8:a6:08:9a:bb:c4 , -74
1737643980627 , c8:a6:08:9a:bb:c1 , -73
1737643980627 , c8:a6:08:5a:fe:74 , -69
1737643980627 , c8:a6:08:5a:fe:70 , -69
1737643980627 , c8:a6:08:5a:bb:c1 , -78
1737643980627 , c8:a6:08:9a:bb:c0 , -73
1737643980627 , c8:a6:08:9b:16:04 , -58
1737643980627 , 74:03:bd:ef:8a:10 , -81
1737643980627 , c8:a6:08:9a:bf:30 , -84
1737643980627 , c8:a6:08:9a:bf:34 , -84
1737643980627 , c8:a6:08:9b:16:01 , -53
1737643980627 , c8:a6:08:5b:16:01 , -54
1737643980627 , c8:a6:08:9b:16:00 , -53
1737643980627 , c8:a6:08:5b:16:00 , -54
1737643980627 , c8:a6:08:9a:bf:31 , -82
1737643980627 , c8:a6:08:9a:bb:d4 , -92
1737643980627 , 96:f8:4a:36:a6:a7 , -85
1737643980627 , 3c:64:cf:5c:de:09 , -83
1737643980627 , c8:a6:08:9a:b5:91 , -91
1737643980627 , 3c:64:cf:5c:de:08 , -80
1737643980627 , c8:a6:08:9a:bb:d0 , -91
1737643980627 , c8:a6:08:9a:bb:d1 , -91
1737643980627 , 50:d4:f7:a6:80:f4 , -74
1737643980627 , 50:d4:f7:a6:80:f3 , -83
1737643980627 , c8:a6:08:9a:bc:10 , -69
1737643980627 , c8:a6:08:9a:bc:11 , -69
1737643980627 , c8:a6:08:9a:bc:14 , -70
1737643980627 , c8:a6:08:5a:bc:11 , -68
1737643980627 , c8:a6:08:9a:bb:80 , -74
1737643980627 , c8:a6:08:9a:bb:81 , -74
1737643980627 , 60:84:bd:de:7c:67 , -57
1737643980627 , c8:a6:08:9a:bb:84 , -74
1737643980627 , ac:44:f2:8c:e9:20 , -76
1737643980627 , c8:a6:08:9a:fd:01 , -86
1737643980627 , c8:a6:08:9a:fd:00 , -86
1737643980627 , c0:25:a2:a7:2e:2b , -47
1737643980627 , c0:25:a2:a7:2e:2a , -50
1737643980627 , 60:84:bd:de:7c:60 , -52
1737643980627 , c8:a6:08:5a:fd:80 , -86
1737643980627 , 60:f4:94:f1:84:d2 , -86
1737643980627 , c8:a6:08:9a:b7:01 , -74
1737643980627 , c8:a6:08:9b:16:24 , -44
1737643980627 , c8:a6:08:5b:15:50 , -63
1737643980627 , c8:a6:08:9a:b7:00 , -75
1737643980627 , c0:25:a2:a7:2e:27 , -53
1737643980627 , 74:03:bd:8b:7c:b7 , -77
1737643980627 , c0:25:a2:a7:2e:26 , -55
1737643980627 , c0:25:a2:a9:b1:4f , -47
1737643980627 , c8:a6:08:9b:15:51 , -66
1737643980627 , c8:a6:08:9b:15:50 , -66
1737643980627 , c8:a6:08:9b:16:21 , -43
1737643980627 , c8:a6:08:5b:16:21 , -59
1737643980627 , 84:af:ec:86:f0:60 , -75
1737643980627 , c8:a6:08:9b:16:20 , -43
1737643980627 , c8:a6:08:5b:16:20 , -59
1737643980627 , c8:a6:08:9b:15:54 , -66
1737643980627 , c8:a6:08:9a:b7:04 , -74
1737643980627 , c8:a6:08:5a:fd:01 , -81
1737643980627 , f8:b7:97:9b:d6:fe , -81
1737643980627 , c8:a6:08:9a:bb:b0 , -85
1737643980627 , c8:a6:08:9a:bb:b1 , -83
1737643980627 , c8:a6:08:9a:fd:04 , -86
1737643980627 , c8:a6:08:9a:bb:b4 , -85
1737643980627 , c8:a6:08:9a:bb:f0 , -91
1737643980627 , c8:a6:08:9a:bb:f1 , -92
1737643981634 , c8:a6:08:9a:b4:21 , -91
1737643981634 , c8:a6:08:9a:fe:71 , -71
1737643981634 , 74:03:bd:ef:8a:00 , -71
1737643981634 , c8:a6:08:9a:fc:90 , -79
1737643981634 , c8:a6:08:9a:fe:70 , -71
1737643981634 , d2:c0:bf:1d:b5:64 , -75
1737643981634 , c8:a6:08:9a:fc:91 , -79
1737643981634 , c8:a6:08:9a:fc:94 , -79
1737643981634 , c8:a6:08:9a:fe:74 , -71
1737643981634 , 84:af:ec:86:f0:70 , -78
1737643981634 , ac:44:f2:8c:e8:a8 , -87
1737643981634 , c8:a6:08:9a:bb:c4 , -74
1737643981634 , c8:a6:08:9a:bb:c1 , -73
1737643981634 , c8:a6:08:5a:fe:74 , -69
1737643981634 , c8:a6:08:5a:fe:70 , -69
1737643981634 , c8:a6:08:5a:bb:c1 , -78
1737643981634 , c8:a6:08:9a:bb:c0 , -73
1737643981634 , c8:a6:08:9b:16:04 , -58
1737643981634 , 74:03:bd:ef:8a:10 , -81
1737643981634 , c8:a6:08:9a:bf:30 , -84
1737643981634 , c8:a6:08:9a:bf:34 , -84
1737643981634 , c8:a6:08:9b:16:01 , -53
1737643981634 , c8:a6:08:5b:16:01 , -54
1737643981634 , c8:a6:08:9b:16:00 , -53
1737643981634 , c8:a6:08:5b:16:00 , -54
1737643981634 , c8:a6:08:9a:bf:31 , -82
1737643981634 , c8:a6:08:9a:bb:d4 , -92
1737643981634 , 96:f8:4a:36:a6:a7 , -85
1737643981634 , 3c:64:cf:5c:de:09 , -83
1737643981634 , c8:a6:08:9a:b5:91 , -91
1737643981634 , 3c:64:cf:5c:de:08 , -80
1737643981634 , c8:a6:08:9a:bb:d0 , -91
1737643981634 , c8:a6:08:9a:bb:d1 , -91
1737643981634 , 50:d4:f7:a6:80:f4 , -74
1737643981634 , 50:d4:f7:a6:80:f3 , -83
1737643981634 , c8:a6:08:9a:bc:10 , -69
1737643981634 , c8:a6:08:9a:bc:11 , -69
1737643981634 , c8:a6:08:9a:bc:14 , -70
1737643981634 , c8:a6:08:5a:bc:11 , -68
1737643981634 , c8:a6:08:9a:bb:80 , -74
1737643981634 , c8:a6:08:9a:bb:81 , -74
1737643981634 , 60:84:bd:de:7c:67 , -57
1737643981634 , c8:a6:08:9a:bb:84 , -74
1737643981634 , ac:44:f2:8c:e9:20 , -76
1737643981634 , c8:a6:08:9a:fd:01 , -86
1737643981634 , c8:a6:08:9a:fd:00 , -86
1737643981634 , c0:25:a2:a7:2e:2b , -47
1737643981634 , c0:25:a2:a7:2e:2a , -50
1737643981634 , 60:84:bd:de:7c:60 , -52
1737643981634 , c8:a6:08:5a:fd:80 , -86
1737643981634 , 60:f4:94:f1:84:d2 , -86
1737643981634 , c8:a6:08:9a:b7:01 , -74
1737643981634 , c8:a6:08:9b:16:24 , -44
1737643981634 , c8:a6:08:5b:15:50 , -63
1737643981634 , c8:a6:08:9a:b7:00 , -75
1737643981634 , c0:25:a2:a7:2e:27 , -53
1737643981634 , 74:03:bd:8b:7c:b7 , -77
1737643981634 , c0:25:a2:a7:2e:26 , -55
1737643981634 , c0:25:a2:a9:b1:4f , -47
1737643981634 , c8:a6:08:9b:15:51 , -66
1737643981634 , c8:a6:08:9b:15:50 , -66
1737643981634 , c8:a6:08:9b:16:21 , -43
1737643981634 , c8:a6:08:5b:16:21 , -59
1737643981634 , 84:af:ec:86:f0:60 , -75
1737643981634 , c8:a6:08:9b:16:20 , -43
1737643981634 , c8:a6:08:5b:16:20 , -59
1737643981634 , c8:a6:08:9b:15:54 , -66
1737643981634 , c8:a6:08:9a:b7:04 , -74
1737643981634 , c8:a6:08:5a:fd:01 , -81
1737643981634 , f8:b7:97:9b:d6:fe , -81
1737643981634 , c8:a6:08:9a:bb:b0 , -85
1737643981634 , c8:a6:08:9a:bb:b1 , -83
1737643981634 , c8:a6:08:9a:fd:04 , -86
1737643981634 , c8:a6:08:9a:bb:b4 , -85
1737643981634 , c8:a6:08:9a:bb:f0 , -91
1737643981634 , c8:a6:08:9a:bb:f1 , -92
1737643982647 , c8:a6:08:9a:b4:21 , -91
1737643982647 , c8:a6:08:9a:fe:71 , -71
1737643982647 , 74:03:bd:ef:8a:00 , -71
1737643982647 , c8:a6:08:9a:fc:90 , -79
1737643982647 , c8:a6:08:9a:fe:70 , -71
1737643982647 , d2:c0:bf:1d:b5:64 , -75
1737643982647 , c8:a6:08:9a:fc:91 , -79
1737643982647 , c8:a6:08:9a:fc:94 , -79
1737643982647 , c8:a6:08:9a:fe:74 , -71
1737643982647 , 84:af:ec:86:f0:70 , -78
1737643982647 , ac:44:f2:8c:e8:a8 , -87
1737643982647 , c8:a6:08:9a:bb:c4 , -74
1737643982647 , c8:a6:08:9a:bb:c1 , -73
1737643982647 , c8:a6:08:5a:fe:74 , -69
1737643982647 , c8:a6:08:5a:fe:70 , -69
1737643982647 , c8:a6:08:5a:bb:c1 , -78
1737643982647 , c8:a6:08:9a:bb:c0 , -73
1737643982647 , c8:a6:08:9b:16:04 , -58
1737643982647 , 74:03:bd:ef:8a:10 , -81
1737643982647 , c8:a6:08:9a:bf:30 , -84
1737643982647 , c8:a6:08:9a:bf:34 , -84
1737643982647 , c8:a6:08:9b:16:01 , -53
1737643982647 , c8:a6:08:5b:16:01 , -54
1737643982647 , c8:a6:08:9b:16:00 , -53
1737643982647 , c8:a6:08:5b:16:00 , -54
1737643982647 , c8:a6:08:9a:bf:31 , -82
1737643982647 , c8:a6:08:9a:bb:d4 , -92
1737643982647 , 96:f8:4a:36:a6:a7 , -85
1737643982647 , 3c:64:cf:5c:de:09 , -83
1737643982647 , c8:a6:08:9a:b5:91 , -91
1737643982647 , 3c:64:cf:5c:de:08 , -80
1737643982647 , c8:a6:08:9a:bb:d0 , -91
1737643982647 , c8:a6:08:9a:bb:d1 , -91
1737643982647 , 50:d4:f7:a6:80:f4 , -74
1737643982647 , 50:d4:f7:a6:80:f3 , -83
1737643982647 , c8:a6:08:9a:bc:10 , -69
1737643982647 , c8:a6:08:9a:bc:11 , -69
1737643982647 , c8:a6:08:9a:bc:14 , -70
1737643982647 , c8:a6:08:5a:bc:11 , -68
1737643982647 , c8:a6:08:9a:bb:80 , -74
1737643982647 , c8:a6:08:9a:bb:81 , -74
1737643982647 , 60:84:bd:de:7c:67 , -57
1737643982647 , c8:a6:08:9a:bb:84 , -74
1737643982647 , ac:44:f2:8c:e9:20 , -76
1737643982647 , c8:a6:08:9a:fd:01 , -86
1737643982647 , c8:a6:08:9a:fd:00 , -86
1737643982647 , c0:25:a2:a7:2e:2b , -47
1737643982647 , c0:25:a2:a7:2e:2a , -50
1737643982647 , 60:84:bd:de:7c:60 , -52
1737643982647 , c8:a6:08:5a:fd:80 , -86
1737643982647 , 60:f4:94:f1:84:d2 , -86
1737643982647 , c8:a6:08:9a:b7:01 , -74
1737643982647 , c8:a6:08:9b:16:24 , -44
1737643982647 , c8:a6:08:5b:15:50 , -63
1737643982647 , c8:a6:08:9a:b7:00 , -75
1737643982647 , c0:25:a2:a7:2e:27 , -53
1737643982647 , 74:03:bd:8b:7c:b7 , -77
1737643982647 , c0:25:a2:a7:2e:26 , -55
1737643982647 , c0:25:a2:a9:b1:4f , -47
1737643982647 , c8:a6:08:9b:15:51 , -66
1737643982647 , c8:a6:08:9b:15:50 , -66
1737643982647 , c8:a6:08:9b:16:21 , -43
1737643982647 , c8:a6:08:5b:16:21 , -59
1737643982647 , 84:af:ec:86:f0:60 , -75
1737643982647 , c8:a6:08:9b:16:20 , -43
1737643982647 , c8:a6:08:5b:16:20 , -59
1737643982647 , c8:a6:08:9b:15:54 , -66
1737643982647 , c8:a6:08:9a:b7:04 , -74
1737643982647 , c8:a6:08:5a:fd:01 , -81
1737643982647 , f8:b7:97:9b:d6:fe , -81
1737643982647 , c8:a6:08:9a:bb:b0 , -85
1737643982647 , c8:a6:08:9a:bb:b1 , -83
1737643982647 , c8:a6:08:9a:fd:04 , -86
1737643982647 , c8:a6:08:9a:bb:b4 , -85
1737643982647 , c8:a6:08:9a:bb:f0 , -91
1737643982647 , c8:a6:08:9a:bb:f1 , -92
1737643983656 , c8:a6:08:9a:b4:21 , -91
1737643983656 , c8:a6:08:9a:fe:71 , -71
1737643983656 , 74:03:bd:ef:8a:00 , -71
1737643983656 , c8:a6:08:9a:fc:90 , -79
1737643983656 , c8:a6:08:9a:fe:70 , -71
1737643983656 , d2:c0:bf:1d:b5:64 , -75
1737643983656 , c8:a6:08:9a:fc:91 , -79
1737643983656 , c8:a6:08:9a:fc:94 , -79
1737643983656 , c8:a6:08:9a:fe:74 , -71
1737643983656 , 84:af:ec:86:f0:70 , -78
1737643983656 , ac:44:f2:8c:e8:a8 , -87
1737643983656 , c8:a6:08:9a:bb:c4 , -74
1737643983656 , c8:a6:08:9a:bb:c1 , -73
1737643983656 , c8:a6:08:5a:fe:74 , -69
1737643983656 , c8:a6:08:5a:fe:70 , -69
1737643983656 , c8:a6:08:5a:bb:c1 , -78
1737643983656 , c8:a6:08:9a:bb:c0 , -73
1737643983656 , c8:a6:08:9b:16:04 , -58
1737643983656 , 74:03:bd:ef:8a:10 , -81
1737643983656 , c8:a6:08:9a:bf:30 , -84
1737643983656 , c8:a6:08:9a:bf:34 , -84
1737643983656 , c8:a6:08:9b:16:01 , -53
1737643983656 , c8:a6:08:5b:16:01 , -54
1737643983656 , c8:a6:08:9b:16:00 , -53
1737643983656 , c8:a6:08:5b:16:00 , -54
1737643983656 , c8:a6:08:9a:bf:31 , -82
1737643983656 , c8:a6:08:9a:bb:d4 , -92
1737643983656 , 96:f8:4a:36:a6:a7 , -85
1737643983656 , 3c:64:cf:5c:de:09 , -83
1737643983656 , c8:a6:08:9a:b5:91 , -91
1737643983656 , 3c:64:cf:5c:de:08 , -80
1737643983656 , c8:a6:08:9a:bb:d0 , -91
1737643983656 , c8:a6:08:9a:bb:d1 , -91
1737643983656 , 50:d4:f7:a6:80:f4 , -74
1737643983656 , 50:d4:f7:a6:80:f3 , -83
1737643983656 , c8:a6:08:9a:bc:10 , -69
1737643983656 , c8:a6:08:9a:bc:11 , -69
1737643983656 , c8:a6:08:9a:bc:14 , -70
1737643983656 , c8:a6:08:5a:bc:11 , -68
1737643983656 , c8:a6:08:9a:bb:80 , -74
1737643983656 , c8:a6:08:9a:bb:81 , -74
1737643983656 , 60:84:bd:de:7c:67 , -57
1737643983656 , c8:a6:08:9a:bb:84 , -74
1737643983656 , ac:44:f2:8c:e9:20 , -76
1737643983656 , c8:a6:08:9a:fd:01 , -86
1737643983656 , c8:a6:08:9a:fd:00 , -86
1737643983656 , c0:25:a2:a7:2e:2b , -47
1737643983656 , c0:25:a2:a7:2e:2a , -50
1737643983656 , 60:84:bd:de:7c:60 , -52
1737643983656 , c8:a6:08:5a:fd:80 , -86
1737643983656 , 60:f4:94:f1:84:d2 , -86
1737643983656 , c8:a6:08:9a:b7:01 , -74
1737643983656 , c8:a6:08:9b:16:24 , -44
1737643983656 , c8:a6:08:5b:15:50 , -63
1737643983656 , c8:a6:08:9a:b7:00 , -75
1737643983656 , c0:25:a2:a7:2e:27 , -53
1737643983656 , 74:03:bd:8b:7c:b7 , -77
1737643983656 , c0:25:a2:a7:2e:26 , -55
1737643983656 , c0:25:a2:a9:b1:4f , -47
1737643983656 , c8:a6:08:9b:15:51 , -66
1737643983656 , c8:a6:08:9b:15:50 , -66
1737643983656 , c8:a6:08:9b:16:21 , -43
1737643983656 , c8:a6:08:5b:16:21 , -59
1737643983656 , 84:af:ec:86:f0:60 , -75
1737643983656 , c8:a6:08:9b:16:20 , -43
1737643983656 , c8:a6:08:5b:16:20 , -59
1737643983656 , c8:a6:08:9b:15:54 , -66
1737643983656 , c8:a6:08:9a:b7:04 , -74
1737643983656 , c8:a6:08:5a:fd:01 , -81
1737643983656 , f8:b7:97:9b:d6:fe , -81
1737643983656 , c8:a6:08:9a:bb:b0 , -85
1737643983656 , c8:a6:08:9a:bb:b1 , -83
1737643983656 , c8:a6:08:9a:fd:04 , -86
1737643983656 , c8:a6:08:9a:bb:b4 , -85
1737643983656 , c8:a6:08:9a:bb:f0 , -91
1737643983656 , c8:a6:08:9a:bb:f1 , -92
1737643984665 , c8:a6:08:9a:b4:21 , -91
1737643984665 , c8:a6:08:9a:fe:71 , -71
1737643984665 , 74:03:bd:ef:8a:00 , -71
1737643984665 , c8:a6:08:9a:fc:90 , -79
1737643984665 , c8:a6:08:9a:fe:70 , -71
1737643984665 , d2:c0:bf:1d:b5:64 , -75
1737643984665 , c8:a6:08:9a:fc:91 , -79
1737643984665 , c8:a6:08:9a:fc:94 , -79
1737643984665 , c8:a6:08:9a:fe:74 , -71
1737643984665 , 84:af:ec:86:f0:70 , -78
1737643984665 , ac:44:f2:8c:e8:a8 , -87
1737643984665 , c8:a6:08:9a:bb:c4 , -74
1737643984665 , c8:a6:08:9a:bb:c1 , -73
1737643984665 , c8:a6:08:5a:fe:74 , -69
1737643984665 , c8:a6:08:5a:fe:70 , -69
1737643984665 , c8:a6:08:5a:bb:c1 , -78
1737643984665 , c8:a6:08:9a:bb:c0 , -73
1737643984665 , c8:a6:08:9b:16:04 , -58
1737643984665 , 74:03:bd:ef:8a:10 , -81
1737643984665 , c8:a6:08:9a:bf:30 , -84
1737643984665 , c8:a6:08:9a:bf:34 , -84
1737643984665 , c8:a6:08:9b:16:01 , -53
1737643984665 , c8:a6:08:5b:16:01 , -54
1737643984665 , c8:a6:08:9b:16:00 , -53
1737643984665 , c8:a6:08:5b:16:00 , -54
1737643984665 , c8:a6:08:9a:bf:31 , -82
1737643984665 , c8:a6:08:9a:bb:d4 , -92
1737643984665 , 96:f8:4a:36:a6:a7 , -85
1737643984665 , 3c:64:cf:5c:de:09 , -83
1737643984665 , c8:a6:08:9a:b5:91 , -91
1737643984665 , 3c:64:cf:5c:de:08 , -80
1737643984665 , c8:a6:08:9a:bb:d0 , -91
1737643984665 , c8:a6:08:9a:bb:d1 , -91
1737643984665 , 50:d4:f7:a6:80:f4 , -74
1737643984665 , 50:d4:f7:a6:80:f3 , -83
1737643984665 , c8:a6:08:9a:bc:10 , -69
1737643984665 , c8:a6:08:9a:bc:11 , -69
1737643984665 , c8:a6:08:9a:bc:14 , -70
1737643984665 , c8:a6:08:5a:bc:11 , -68
1737643984665 , c8:a6:08:9a:bb:80 , -74
1737643984665 , c8:a6:08:9a:bb:81 , -74
1737643984665 , 60:84:bd:de:7c:67 , -57
1737643984665 , c8:a6:08:9a:bb:84 , -74
1737643984665 , ac:44:f2:8c:e9:20 , -76
1737643984665 , c8:a6:08:9a:fd:01 , -86
1737643984665 , c8:a6:08:9a:fd:00 , -86
1737643984665 , c0:25:a2:a7:2e:2b , -47
1737643984665 , c0:25:a2:a7:2e:2a , -50
1737643984665 , 60:84:bd:de:7c:60 , -52
1737643984665 , c8:a6:08:5a:fd:80 , -86
1737643984665 , 60:f4:94:f1:84:d2 , -86
1737643984665 , c8:a6:08:9a:b7:01 , -74
1737643984665 , c8:a6:08:9b:16:24 , -44
1737643984665 , c8:a6:08:5b:15:50 , -63
1737643984665 , c8:a6:08:9a:b7:00 , -75
1737643984665 , c0:25:a2:a7:2e:27 , -53
1737643984665 , 74:03:bd:8b:7c:b7 , -77
1737643984665 , c0:25:a2:a7:2e:26 , -55
1737643984665 , c0:25:a2:a9:b1:4f , -47
1737643984665 , c8:a6:08:9b:15:51 , -66
1737643984665 , c8:a6:08:9b:15:50 , -66
1737643984665 , c8:a6:08:9b:16:21 , -43
1737643984665 , c8:a6:08:5b:16:21 , -59
1737643984665 , 84:af:ec:86:f0:60 , -75
1737643984665 , c8:a6:08:9b:16:20 , -43
1737643984665 , c8:a6:08:5b:16:20 , -59
1737643984665 , c8:a6:08:9b:15:54 , -66
1737643984665 , c8:a6:08:9a:b7:04 , -74
1737643984665 , c8:a6:08:5a:fd:01 , -81
1737643984665 , f8:b7:97:9b:d6:fe , -81
1737643984665 , c8:a6:08:9a:bb:b0 , -85
1737643984665 , c8:a6:08:9a:bb:b1 , -83
1737643984665 , c8:a6:08:9a:fd:04 , -86
1737643984665 , c8:a6:08:9a:bb:b4 , -85
1737643984665 , c8:a6:08:9a:bb:f0 , -91
1737643984665 , c8:a6:08:9a:bb:f1 , -92
1737643985670 , c8:a6:08:9a:b4:21 , -91
1737643985670 , c8:a6:08:9a:fe:71 , -71
1737643985670 , 74:03:bd:ef:8a:00 , -71
1737643985670 , c8:a6:08:9a:fc:90 , -79
1737643985670 , c8:a6:08:9a:fe:70 , -71
1737643985670 , d2:c0:bf:1d:b5:64 , -75
1737643985670 , c8:a6:08:9a:fc:91 , -79
1737643985670 , c8:a6:08:9a:fc:94 , -79
1737643985670 , c8:a6:08:9a:fe:74 , -71
1737643985670 , 84:af:ec:86:f0:70 , -78
1737643985670 , ac:44:f2:8c:e8:a8 , -87
1737643985670 , c8:a6:08:9a:bb:c4 , -74
1737643985670 , c8:a6:08:9a:bb:c1 , -73
1737643985670 , c8:a6:08:5a:fe:74 , -69
1737643985670 , c8:a6:08:5a:fe:70 , -69
1737643985670 , c8:a6:08:5a:bb:c1 , -78
1737643985670 , c8:a6:08:9a:bb:c0 , -73
1737643985670 , c8:a6:08:9b:16:04 , -58
1737643985670 , 74:03:bd:ef:8a:10 , -81
1737643985670 , c8:a6:08:9a:bf:30 , -84
1737643985670 , c8:a6:08:9a:bf:34 , -84
1737643985670 , c8:a6:08:9b:16:01 , -53
1737643985670 , c8:a6:08:5b:16:01 , -54
1737643985670 , c8:a6:08:9b:16:00 , -53
1737643985670 , c8:a6:08:5b:16:00 , -54
1737643985670 , c8:a6:08:9a:bf:31 , -82
1737643985670 , c8:a6:08:9a:bb:d4 , -92
1737643985670 , 96:f8:4a:36:a6:a7 , -85
1737643985670 , 3c:64:cf:5c:de:09 , -83
1737643985670 , c8:a6:08:9a:b5:91 , -91
1737643985670 , 3c:64:cf:5c:de:08 , -80
1737643985670 , c8:a6:08:9a:bb:d0 , -91
1737643985670 , c8:a6:08:9a:bb:d1 , -91
1737643985670 , 50:d4:f7:a6:80:f4 , -74
1737643985670 , 50:d4:f7:a6:80:f3 , -83
1737643985670 , c8:a6:08:9a:bc:10 , -69
1737643985670 , c8:a6:08:9a:bc:11 , -69
1737643985670 , c8:a6:08:9a:bc:14 , -70
1737643985670 , c8:a6:08:5a:bc:11 , -68
1737643985670 , c8:a6:08:9a:bb:80 , -74
1737643985670 , c8:a6:08:9a:bb:81 , -74
1737643985670 , 60:84:bd:de:7c:67 , -57
1737643985670 , c8:a6:08:9a:bb:84 , -74
1737643985670 , ac:44:f2:8c:e9:20 , -76
1737643985670 , c8:a6:08:9a:fd:01 , -86
1737643985670 , c8:a6:08:9a:fd:00 , -86
1737643985670 , c0:25:a2:a7:2e:2b , -47
1737643985670 , c0:25:a2:a7:2e:2a , -50
1737643985670 , 60:84:bd:de:7c:60 , -52
1737643985670 , c8:a6:08:5a:fd:80 , -86
1737643985670 , 60:f4:94:f1:84:d2 , -86
1737643985670 , c8:a6:08:9a:b7:01 , -74
1737643985670 , c8:a6:08:9b:16:24 , -44
1737643985670 , c8:a6:08:5b:15:50 , -63
1737643985670 , c8:a6:08:9a:b7:00 , -75
1737643985670 , c0:25:a2:a7:2e:27 , -53
1737643985670 , 74:03:bd:8b:7c:b7 , -77
1737643985670 , c0:25:a2:a7:2e:26 , -55
1737643985670 , c0:25:a2:a9:b1:4f , -47
1737643985670 , c8:a6:08:9b:15:51 , -66
1737643985670 , c8:a6:08:9b:15:50 , -66
1737643985670 , c8:a6:08:9b:16:21 , -43
1737643985670 , c8:a6:08:5b:16:21 , -59
1737643985670 , 84:af:ec:86:f0:60 , -75
1737643985670 , c8:a6:08:9b:16:20 , -43
1737643985670 , c8:a6:08:5b:16:20 , -59
1737643985670 , c8:a6:08:9b:15:54 , -66
1737643985670 , c8:a6:08:9a:b7:04 , -74
1737643985670 , c8:a6:08:5a:fd:01 , -81
1737643985670 , f8:b7:97:9b:d6:fe , -81
1737643985670 , c8:a6:08:9a:bb:b0 , -85
1737643985670 , c8:a6:08:9a:bb:b1 , -83
1737643985670 , c8:a6:08:9a:fd:04 , -86
1737643985670 , c8:a6:08:9a:bb:b4 , -85
1737643985670 , c8:a6:08:9a:bb:f0 , -91
1737643985670 , c8:a6:08:9a:bb:f1 , -92
1737643986714 , c8:a6:08:9a:b4:21 , -91
1737643986714 , c8:a6:08:9a:fe:71 , -71
1737643986714 , 74:03:bd:ef:8a:00 , -71
1737643986714 , c8:a6:08:9a:fc:90 , -79
1737643986714 , c8:a6:08:9a:fe:70 , -71
1737643986714 , d2:c0:bf:1d:b5:64 , -75
1737643986714 , c8:a6:08:9a:fc:91 , -79
1737643986714 , c8:a6:08:9a:fc:94 , -79
1737643986714 , c8:a6:08:9a:fe:74 , -71
1737643986714 , 84:af:ec:86:f0:70 , -78
1737643986714 , ac:44:f2:8c:e8:a8 , -87
1737643986714 , c8:a6:08:9a:bb:c4 , -74
1737643986714 , c8:a6:08:9a:bb:c1 , -73
1737643986714 , c8:a6:08:5a:fe:74 , -69
1737643986714 , c8:a6:08:5a:fe:70 , -69
1737643986714 , c8:a6:08:5a:bb:c1 , -78
1737643986714 , c8:a6:08:9a:bb:c0 , -73
1737643986714 , c8:a6:08:9b:16:04 , -58
1737643986714 , 74:03:bd:ef:8a:10 , -81
1737643986714 , c8:a6:08:9a:bf:30 , -84
1737643986714 , c8:a6:08:9a:bf:34 , -84
1737643986714 , c8:a6:08:9b:16:01 , -53
1737643986714 , c8:a6:08:5b:16:01 , -54
1737643986714 , c8:a6:08:9b:16:00 , -53
1737643986714 , c8:a6:08:5b:16:00 , -54
1737643986714 , c8:a6:08:9a:bf:31 , -82
1737643986714 , c8:a6:08:9a:bb:d4 , -92
1737643986714 , 96:f8:4a:36:a6:a7 , -85
1737643986714 , 3c:64:cf:5c:de:09 , -83
1737643986714 , c8:a6:08:9a:b5:91 , -91
1737643986714 , 3c:64:cf:5c:de:08 , -80
1737643986714 , c8:a6:08:9a:bb:d0 , -91
1737643986714 , c8:a6:08:9a:bb:d1 , -91
1737643986714 , 50:d4:f7:a6:80:f4 , -74
1737643986714 , 50:d4:f7:a6:80:f3 , -83
1737643986714 , c8:a6:08:9a:bc:10 , -69
1737643986714 , c8:a6:08:9a:bc:11 , -69
1737643986714 , c8:a6:08:9a:bc:14 , -70
1737643986714 , c8:a6:08:5a:bc:11 , -68
1737643986714 , c8:a6:08:9a:bb:80 , -74
1737643986714 , c8:a6:08:9a:bb:81 , -74
1737643986714 , 60:84:bd:de:7c:67 , -57
1737643986714 , c8:a6:08:9a:bb:84 , -74
1737643986714 , ac:44:f2:8c:e9:20 , -76
1737643986714 , c8:a6:08:9a:fd:01 , -86
1737643986714 , c8:a6:08:9a:fd:00 , -86
1737643986714 , c0:25:a2:a7:2e:2b , -47
1737643986714 , c0:25:a2:a7:2e:2a , -50
1737643986714 , 60:84:bd:de:7c:60 , -52
1737643986714 , c8:a6:08:5a:fd:80 , -86
1737643986714 , 60:f4:94:f1:84:d2 , -86
1737643986714 , c8:a6:08:9a:b7:01 , -74
1737643986714 , c8:a6:08:9b:16:24 , -44
1737643986714 , c8:a6:08:5b:15:50 , -63
1737643986714 , c8:a6:08:9a:b7:00 , -75
1737643986714 , c0:25:a2:a7:2e:27 , -53
1737643986714 , 74:03:bd:8b:7c:b7 , -77
1737643986714 , c0:25:a2:a7:2e:26 , -55
1737643986714 , c0:25:a2:a9:b1:4f , -47
1737643986714 , c8:a6:08:9b:15:51 , -66
1737643986714 , c8:a6:08:9b:15:50 , -66
1737643986714 , c8:a6:08:9b:16:21 , -43
1737643986714 , c8:a6:08:5b:16:21 , -59
1737643986714 , 84:af:ec:86:f0:60 , -75
1737643986714 , c8:a6:08:9b:16:20 , -43
1737643986714 , c8:a6:08:5b:16:20 , -59
1737643986714 , c8:a6:08:9b:15:54 , -66
1737643986714 , c8:a6:08:9a:b7:04 , -74
1737643986714 , c8:a6:08:5a:fd:01 , -81
1737643986714 , f8:b7:97:9b:d6:fe , -81
1737643986714 , c8:a6:08:9a:bb:b0 , -85
1737643986714 , c8:a6:08:9a:bb:b1 , -83
1737643986714 , c8:a6:08:9a:fd:04 , -86
1737643986714 , c8:a6:08:9a:bb:b4 , -85
1737643986714 , c8:a6:08:9a:bb:f0 , -91
1737643986714 , c8:a6:08:9a:bb:f1 , -92
1737643987757 , c8:a6:08:9a:b4:21 , -91
1737643987757 , c8:a6:08:9a:fe:71 , -71
1737643987757 , 74:03:bd:ef:8a:00 , -71
1737643987757 , c8:a6:08:9a:fc:90 , -79
1737643987757 , c8:a6:08:9a:fe:70 , -71
1737643987757 , d2:c0:bf:1d:b5:64 , -75
1737643987757 , c8:a6:08:9a:fc:91 , -79
1737643987757 , c8:a6:08:9a:fc:94 , -79
1737643987757 , c8:a6:08:9a:fe:74 , -71
1737643987757 , 84:af:ec:86:f0:70 , -78
1737643987757 , ac:44:f2:8c:e8:a8 , -87
1737643987757 , c8:a6:08:9a:bb:c4 , -74
1737643987757 , c8:a6:08:9a:bb:c1 , -73
1737643987757 , c8:a6:08:5a:fe:74 , -69
1737643987757 , c8:a6:08:5a:fe:70 , -69
1737643987757 , c8:a6:08:5a:bb:c1 , -78
1737643987757 , c8:a6:08:9a:bb:c0 , -73
1737643987757 , c8:a6:08:9b:16:04 , -58
1737643987757 , 74:03:bd:ef:8a:10 , -81
1737643987757 , c8:a6:08:9a:bf:30 , -84
1737643987757 , c8:a6:08:9a:bf:34 , -84
1737643987757 , c8:a6:08:9b:16:01 , -53
1737643987757 , c8:a6:08:5b:16:01 , -54
1737643987757 , c8:a6:08:9b:16:00 , -53
1737643987757 , c8:a6:08:5b:16:00 , -54
1737643987757 , c8:a6:08:9a:bf:31 , -82
1737643987757 , c8:a6:08:9a:bb:d4 , -92
1737643987757 , 96:f8:4a:36:a6:a7 , -85
1737643987757 , 3c:64:cf:5c:de:09 , -83
1737643987757 , c8:a6:08:9a:b5:91 , -91
1737643987757 , 3c:64:cf:5c:de:08 , -80
1737643987757 , c8:a6:08:9a:bb:d0 , -91
1737643987757 , c8:a6:08:9a:bb:d1 , -91
1737643987757 , 50:d4:f7:a6:80:f4 , -74
1737643987757 , 50:d4:f7:a6:80:f3 , -83
1737643987757 , c8:a6:08:9a:bc:10 , -69
1737643987757 , c8:a6:08:9a:bc:11 , -69
1737643987757 , c8:a6:08:9a:bc:14 , -70
1737643987757 , c8:a6:08:5a:bc:11 , -68
1737643987757 , c8:a6:08:9a:bb:80 , -74
1737643987757 , c8:a6:08:9a:bb:81 , -74
1737643987757 , 60:84:bd:de:7c:67 , -57
1737643987757 , c8:a6:08:9a:bb:84 , -74
1737643987757 , ac:44:f2:8c:e9:20 , -76
1737643987757 , c8:a6:08:9a:fd:01 , -86
1737643987757 , c8:a6:08:9a:fd:00 , -86
1737643987757 , c0:25:a2:a7:2e:2b , -47
1737643987757 , c0:25:a2:a7:2e:2a , -50
1737643987757 , 60:84:bd:de:7c:60 , -52
1737643987757 , c8:a6:08:5a:fd:80 , -86
1737643987757 , 60:f4:94:f1:84:d2 , -86
1737643987757 , c8:a6:08:9a:b7:01 , -74
1737643987757 , c8:a6:08:9b:16:24 , -44
1737643987757 , c8:a6:08:5b:15:50 , -63
1737643987757 , c8:a6:08:9a:b7:00 , -75
1737643987757 , c0:25:a2:a7:2e:27 , -53
1737643987757 , 74:03:bd:8b:7c:b7 , -77
1737643987757 , c0:25:a2:a7:2e:26 , -55
1737643987757 , c0:25:a2:a9:b1:4f , -47
1737643987757 , c8:a6:08:9b:15:51 , -66
1737643987757 , c8:a6:08:9b:15:50 , -66
1737643987757 , c8:a6:08:9b:16:21 , -43
1737643987757 , c8:a6:08:5b:16:21 , -59
1737643987757 , 84:af:ec:86:f0:60 , -75
1737643987757 , c8:a6:08:9b:16:20 , -43
1737643987757 , c8:a6:08:5b:16:20 , -59
1737643987757 , c8:a6:08:9b:15:54 , -66
1737643987757 , c8:a6:08:9a:b7:04 , -74
1737643987757 , c8:a6:08:5a:fd:01 , -81
1737643987757 , f8:b7:97:9b:d6:fe , -81
1737643987757 , c8:a6:08:9a:bb:b0 , -85
1737643987757 , c8:a6:08:9a:bb:b1 , -83
1737643987757 , c8:a6:08:9a:fd:04 , -86
1737643987757 , c8:a6:08:9a:bb:b4 , -85
1737643987757 , c8:a6:08:9a:bb:f0 , -91
1737643987757 , c8:a6:08:9a:bb:f1 , -92
1737643988760 , c8:a6:08:9a:b4:21 , -91
1737643988760 , c8:a6:08:9a:fe:71 , -71
1737643988760 , 74:03:bd:ef:8a:00 , -71
1737643988760 , c8:a6:08:9a:fc:90 , -79
1737643988760 , c8:a6:08:9a:fe:70 , -71
1737643988760 , d2:c0:bf:1d:b5:64 , -75
1737643988760 , c8:a6:08:9a:fc:91 , -79
1737643988760 , c8:a6:08:9a:fc:94 , -79
1737643988760 , c8:a6:08:9a:fe:74 , -71
1737643988760 , 84:af:ec:86:f0:70 , -78
1737643988760 , ac:44:f2:8c:e8:a8 , -87
1737643988760 , c8:a6:08:9a:bb:c4 , -74
1737643988760 , c8:a6:08:9a:bb:c1 , -73
1737643988760 , c8:a6:08:5a:fe:74 , -69
1737643988760 , c8:a6:08:5a:fe:70 , -69
1737643988760 , c8:a6:08:5a:bb:c1 , -78
1737643988760 , c8:a6:08:9a:bb:c0 , -73
1737643988760 , c8:a6:08:9b:16:04 , -58
1737643988760 , 74:03:bd:ef:8a:10 , -81
1737643988760 , c8:a6:08:9a:bf:30 , -84
1737643988760 , c8:a6:08:9a:bf:34 , -84
1737643988760 , c8:a6:08:9b:16:01 , -53
1737643988760 , c8:a6:08:5b:16:01 , -54
1737643988760 , c8:a6:08:9b:16:00 , -53
1737643988760 , c8:a6:08:5b:16:00 , -54
1737643988760 , c8:a6:08:9a:bf:31 , -82
1737643988760 , c8:a6:08:9a:bb:d4 , -92
1737643988760 , 96:f8:4a:36:a6:a7 , -85
1737643988760 , 3c:64:cf:5c:de:09 , -83
1737643988760 , c8:a6:08:9a:b5:91 , -91
1737643988760 , 3c:64:cf:5c:de:08 , -80
1737643988760 , c8:a6:08:9a:bb:d0 , -91
1737643988760 , c8:a6:08:9a:bb:d1 , -91
1737643988760 , 50:d4:f7:a6:80:f4 , -74
1737643988760 , 50:d4:f7:a6:80:f3 , -83
1737643988760 , c8:a6:08:9a:bc:10 , -69
1737643988760 , c8:a6:08:9a:bc:11 , -69
1737643988760 , c8:a6:08:9a:bc:14 , -70
1737643988760 , c8:a6:08:5a:bc:11 , -68
1737643988760 , c8:a6:08:9a:bb:80 , -74
1737643988760 , c8:a6:08:9a:bb:81 , -74
1737643988760 , 60:84:bd:de:7c:67 , -57
1737643988760 , c8:a6:08:9a:bb:84 , -74
1737643988760 , ac:44:f2:8c:e9:20 , -76
1737643988760 , c8:a6:08:9a:fd:01 , -86
1737643988760 , c8:a6:08:9a:fd:00 , -86
1737643988760 , c0:25:a2:a7:2e:2b , -47
1737643988760 , c0:25:a2:a7:2e:2a , -50
1737643988760 , 60:84:bd:de:7c:60 , -52
1737643988760 , c8:a6:08:5a:fd:80 , -86
1737643988760 , 60:f4:94:f1:84:d2 , -86
1737643988760 , c8:a6:08:9a:b7:01 , -74
1737643988760 , c8:a6:08:9b:16:24 , -44
1737643988760 , c8:a6:08:5b:15:50 , -63
1737643988760 , c8:a6:08:9a:b7:00 , -75
1737643988760 , c0:25:a2:a7:2e:27 , -53
1737643988760 , 74:03:bd:8b:7c:b7 , -77
1737643988760 , c0:25:a2:a7:2e:26 , -55
1737643988760 , c0:25:a2:a9:b1:4f , -47
1737643988760 , c8:a6:08:9b:15:51 , -66
1737643988760 , c8:a6:08:9b:15:50 , -66
1737643988760 , c8:a6:08:9b:16:21 , -43
1737643988760 , c8:a6:08:5b:16:21 , -59
1737643988760 , 84:af:ec:86:f0:60 , -75
1737643988760 , c8:a6:08:9b:16:20 , -43
1737643988760 , c8:a6:08:5b:16:20 , -59
1737643988760 , c8:a6:08:9b:15:54 , -66
1737643988760 , c8:a6:08:9a:b7:04 , -74
1737643988760 , c8:a6:08:5a:fd:01 , -81
1737643988760 , f8:b7:97:9b:d6:fe , -81
1737643988760 , c8:a6:08:9a:bb:b0 , -85
1737643988760 , c8:a6:08:9a:bb:b1 , -83
1737643988760 , c8:a6:08:9a:fd:04 , -86
1737643988760 , c8:a6:08:9a:bb:b4 , -85
1737643988760 , c8:a6:08:9a:bb:f0 , -91
1737643988760 , c8:a6:08:9a:bb:f1 , -92
1737643989881 , c8:a6:08:9a:b4:21 , -91
1737643989881 , c8:a6:08:9a:fe:71 , -71
1737643989881 , 74:03:bd:ef:8a:00 , -71
1737643989881 , c8:a6:08:9a:fc:90 , -79
1737643989881 , c8:a6:08:9a:fe:70 , -71
1737643989881 , d2:c0:bf:1d:b5:64 , -75
1737643989881 , c8:a6:08:9a:fc:91 , -79
1737643989881 , c8:a6:08:9a:fc:94 , -79
1737643989881 , c8:a6:08:9a:fe:74 , -71
1737643989881 , 84:af:ec:86:f0:70 , -78
1737643989881 , ac:44:f2:8c:e8:a8 , -87
1737643989881 , c8:a6:08:9a:bb:c4 , -74
1737643989881 , c8:a6:08:9a:bb:c1 , -73
1737643989881 , c8:a6:08:5a:fe:74 , -69
1737643989881 , c8:a6:08:5a:fe:70 , -69
1737643989881 , c8:a6:08:5a:bb:c1 , -78
1737643989881 , c8:a6:08:9a:bb:c0 , -73
1737643989881 , c8:a6:08:9b:16:04 , -58
1737643989881 , 74:03:bd:ef:8a:10 , -81
1737643989881 , c8:a6:08:9a:bf:30 , -84
1737643989881 , c8:a6:08:9a:bf:34 , -84
1737643989881 , c8:a6:08:9b:16:01 , -53
1737643989881 , c8:a6:08:5b:16:01 , -54
1737643989881 , c8:a6:08:9b:16:00 , -53
1737643989881 , c8:a6:08:5b:16:00 , -54
1737643989881 , c8:a6:08:9a:bf:31 , -82
1737643989881 , c8:a6:08:9a:bb:d4 , -92
1737643989881 , 96:f8:4a:36:a6:a7 , -85
1737643989881 , 3c:64:cf:5c:de:09 , -83
1737643989881 , c8:a6:08:9a:b5:91 , -91
1737643989881 , 3c:64:cf:5c:de:08 , -80
1737643989881 , c8:a6:08:9a:bb:d0 , -91
1737643989881 , c8:a6:08:9a:bb:d1 , -91
1737643989881 , 50:d4:f7:a6:80:f4 , -74
1737643989881 , 50:d4:f7:a6:80:f3 , -83
1737643989881 , c8:a6:08:9a:bc:10 , -69
1737643989881 , c8:a6:08:9a:bc:11 , -69
1737643989881 , c8:a6:08:9a:bc:14 , -70
1737643989881 , c8:a6:08:5a:bc:11 , -68
1737643989881 , c8:a6:08:9a:bb:80 , -74
1737643989881 , c8:a6:08:9a:bb:81 , -74
1737643989881 , 60:84:bd:de:7c:67 , -57
1737643989881 , c8:a6:08:9a:bb:84 , -74
1737643989881 , ac:44:f2:8c:e9:20 , -76
1737643989881 , c8:a6:08:9a:fd:01 , -86
1737643989881 , c8:a6:08:9a:fd:00 , -86
1737643989881 , c0:25:a2:a7:2e:2b , -47
1737643989881 , c0:25:a2:a7:2e:2a , -50
1737643989881 , 60:84:bd:de:7c:60 , -52
1737643989881 , c8:a6:08:5a:fd:80 , -86
1737643989881 , 60:f4:94:f1:84:d2 , -86
1737643989881 , c8:a6:08:9a:b7:01 , -74
1737643989881 , c8:a6:08:9b:16:24 , -44
1737643989881 , c8:a6:08:5b:15:50 , -63
1737643989881 , c8:a6:08:9a:b7:00 , -75
1737643989881 , c0:25:a2:a7:2e:27 , -53
1737643989881 , 74:03:bd:8b:7c:b7 , -77
1737643989881 , c0:25:a2:a7:2e:26 , -55
1737643989881 , c0:25:a2:a9:b1:4f , -47
1737643989881 , c8:a6:08:9b:15:51 , -66
1737643989881 , c8:a6:08:9b:15:50 , -66
1737643989881 , c8:a6:08:9b:16:21 , -43
1737643989881 , c8:a6:08:5b:16:21 , -59
1737643989881 , 84:af:ec:86:f0:60 , -75
1737643989881 , c8:a6:08:9b:16:20 , -43
1737643989881 , c8:a6:08:5b:16:20 , -59
1737643989881 , c8:a6:08:9b:15:54 , -66
1737643989881 , c8:a6:08:9a:b7:04 , -74
1737643989881 , c8:a6:08:5a:fd:01 , -81
1737643989881 , f8:b7:97:9b:d6:fe , -81
1737643989881 , c8:a6:08:9a:bb:b0 , -85
1737643989881 , c8:a6:08:9a:bb:b1 , -83
1737643989881 , c8:a6:08:9a:fd:04 , -86
1737643989881 , c8:a6:08:9a:bb:b4 , -85
1737643989881 , c8:a6:08:9a:bb:f0 , -91
1737643989881 , c8:a6:08:9a:bb:f1 , -92
1737643990888 , c8:a6:08:9a:b4:21 , -91
1737643990888 , c8:a6:08:9a:fe:71 , -71
1737643990888 , 74:03:bd:ef:8a:00 , -71
1737643990888 , c8:a6:08:9a:fc:90 , -79
1737643990888 , c8:a6:08:9a:fe:70 , -71
1737643990888 , d2:c0:bf:1d:b5:64 , -75
1737643990888 , c8:a6:08:9a:fc:91 , -79
1737643990888 , c8:a6:08:9a:fc:94 , -79
1737643990888 , c8:a6:08:9a:fe:74 , -71
1737643990888 , 84:af:ec:86:f0:70 , -78
1737643990888 , ac:44:f2:8c:e8:a8 , -87
1737643990888 , c8:a6:08:9a:bb:c4 , -74
1737643990888 , c8:a6:08:9a:bb:c1 , -73
1737643990888 , c8:a6:08:5a:fe:74 , -69
1737643990888 , c8:a6:08:5a:fe:70 , -69
1737643990888 , c8:a6:08:5a:bb:c1 , -78
1737643990888 , c8:a6:08:9a:bb:c0 , -73
1737643990888 , c8:a6:08:9b:16:04 , -58
1737643990888 , 74:03:bd:ef:8a:10 , -81
1737643990888 , c8:a6:08:9a:bf:30 , -84
1737643990888 , c8:a6:08:9a:bf:34 , -84
1737643990888 , c8:a6:08:9b:16:01 , -53
1737643990888 , c8:a6:08:5b:16:01 , -54
1737643990888 , c8:a6:08:9b:16:00 , -53
1737643990888 , c8:a6:08:5b:16:00 , -54
1737643990888 , c8:a6:08:9a:bf:31 , -82
1737643990888 , c8:a6:08:9a:bb:d4 , -92
1737643990888 , 96:f8:4a:36:a6:a7 , -85
1737643990888 , 3c:64:cf:5c:de:09 , -83
1737643990888 , c8:a6:08:9a:b5:91 , -91
1737643990888 , 3c:64:cf:5c:de:08 , -80
1737643990888 , c8:a6:08:9a:bb:d0 , -91
1737643990888 , c8:a6:08:9a:bb:d1 , -91
1737643990888 , 50:d4:f7:a6:80:f4 , -74
1737643990888 , 50:d4:f7:a6:80:f3 , -83
1737643990888 , c8:a6:08:9a:bc:10 , -69
1737643990888 , c8:a6:08:9a:bc:11 , -69
1737643990888 , c8:a6:08:9a:bc:14 , -70
1737643990888 , c8:a6:08:5a:bc:11 , -68
1737643990888 , c8:a6:08:9a:bb:80 , -74
1737643990888 , c8:a6:08:9a:bb:81 , -74
1737643990888 , 60:84:bd:de:7c:67 , -57
1737643990888 , c8:a6:08:9a:bb:84 , -74
1737643990888 , ac:44:f2:8c:e9:20 , -76
1737643990888 , c8:a6:08:9a:fd:01 , -86
1737643990888 , c8:a6:08:9a:fd:00 , -86
1737643990888 , c0:25:a2:a7:2e:2b , -47
1737643990888 , c0:25:a2:a7:2e:2a , -50
1737643990888 , 60:84:bd:de:7c:60 , -52
1737643990888 , c8:a6:08:5a:fd:80 , -86
1737643990888 , 60:f4:94:f1:84:d2 , -86
1737643990888 , c8:a6:08:9a:b7:01 , -74
1737643990888 , c8:a6:08:9b:16:24 , -44
1737643990888 , c8:a6:08:5b:15:50 , -63
1737643990888 , c8:a6:08:9a:b7:00 , -75
1737643990888 , c0:25:a2:a7:2e:27 , -53
1737643990888 , 74:03:bd:8b:7c:b7 , -77
1737643990888 , c0:25:a2:a7:2e:26 , -55
1737643990888 , c0:25:a2:a9:b1:4f , -47
1737643990888 , c8:a6:08:9b:15:51 , -66
1737643990888 , c8:a6:08:9b:15:50 , -66
1737643990888 , c8:a6:08:9b:16:21 , -43
1737643990888 , c8:a6:08:5b:16:21 , -59
1737643990888 , 84:af:ec:86:f0:60 , -75
1737643990888 , c8:a6:08:9b:16:20 , -43
1737643990888 , c8:a6:08:5b:16:20 , -59
1737643990888 , c8:a6:08:9b:15:54 , -66
1737643990888 , c8:a6:08:9a:b7:04 , -74
1737643990888 , c8:a6:08:5a:fd:01 , -81
1737643990888 , f8:b7:97:9b:d6:fe , -81
1737643990888 , c8:a6:08:9a:bb:b0 , -85
1737643990888 , c8:a6:08:9a:bb:b1 , -83
1737643990888 , c8:a6:08:9a:fd:04 , -86
1737643990888 , c8:a6:08:9a:bb:b4 , -85
1737643990888 , c8:a6:08:9a:bb:f0 , -91
1737643990888 , c8:a6:08:9a:bb:f1 , -92
1737643991900 , c8:a6:08:9a:b4:21 , -91
1737643991900 , c8:a6:08:9a:fe:71 , -71
1737643991900 , 74:03:bd:ef:8a:00 , -71
1737643991900 , c8:a6:08:9a:fc:90 , -79
1737643991900 , c8:a6:08:9a:fe:70 , -71
1737643991900 , d2:c0:bf:1d:b5:64 , -75
1737643991900 , c8:a6:08:9a:fc:91 , -79
1737643991900 , c8:a6:08:9a:fc:94 , -79
1737643991900 , c8:a6:08:9a:fe:74 , -71
1737643991900 , 84:af:ec:86:f0:70 , -78
1737643991900 , ac:44:f2:8c:e8:a8 , -87
1737643991900 , c8:a6:08:9a:bb:c4 , -74
1737643991900 , c8:a6:08:9a:bb:c1 , -73
1737643991900 , c8:a6:08:5a:fe:74 , -69
1737643991900 , c8:a6:08:5a:fe:70 , -69
1737643991900 , c8:a6:08:5a:bb:c1 , -78
1737643991900 , c8:a6:08:9a:bb:c0 , -73
1737643991900 , c8:a6:08:9b:16:04 , -58
1737643991900 , 74:03:bd:ef:8a:10 , -81
1737643991900 , c8:a6:08:9a:bf:30 , -84
1737643991900 , c8:a6:08:9a:bf:34 , -84
1737643991900 , c8:a6:08:9b:16:01 , -53
1737643991900 , c8:a6:08:5b:16:01 , -54
1737643991900 , c8:a6:08:9b:16:00 , -53
1737643991900 , c8:a6:08:5b:16:00 , -54
1737643991900 , c8:a6:08:9a:bf:31 , -82
1737643991900 , c8:a6:08:9a:bb:d4 , -92
1737643991900 , 96:f8:4a:36:a6:a7 , -85
1737643991900 , 3c:64:cf:5c:de:09 , -83
1737643991900 , c8:a6:08:9a:b5:91 , -91
1737643991900 , 3c:64:cf:5c:de:08 , -80
1737643991900 , c8:a6:08:9a:bb:d0 , -91
1737643991900 , c8:a6:08:9a:bb:d1 , -91
1737643991900 , 50:d4:f7:a6:80:f4 , -74
1737643991900 , 50:d4:f7:a6:80:f3 , -83
1737643991900 , c8:a6:08:9a:bc:10 , -69
1737643991900 , c8:a6:08:9a:bc:11 , -69
1737643991900 , c8:a6:08:9a:bc:14 , -70
1737643991900 , c8:a6:08:5a:bc:11 , -68
1737643991900 , c8:a6:08:9a:bb:80 , -74
1737643991900 , c8:a6:08:9a:bb:81 , -74
1737643991900 , 60:84:bd:de:7c:67 , -57
1737643991900 , c8:a6:08:9a:bb:84 , -74
1737643991900 , ac:44:f2:8c:e9:20 , -76
1737643991900 , c8:a6:08:9a:fd:01 , -86
1737643991900 , c8:a6:08:9a:fd:00 , -86
1737643991900 , c0:25:a2:a7:2e:2b , -47
1737643991900 , c0:25:a2:a7:2e:2a , -50
1737643991900 , 60:84:bd:de:7c:60 , -52
1737643991900 , c8:a6:08:5a:fd:80 , -86
1737643991900 , 60:f4:94:f1:84:d2 , -86
1737643991900 , c8:a6:08:9a:b7:01 , -74
1737643991900 , c8:a6:08:9b:16:24 , -44
1737643991900 , c8:a6:08:5b:15:50 , -63
1737643991900 , c8:a6:08:9a:b7:00 , -75
1737643991900 , c0:25:a2:a7:2e:27 , -53
1737643991900 , 74:03:bd:8b:7c:b7 , -77
1737643991900 , c0:25:a2:a7:2e:26 , -55
1737643991900 , c0:25:a2:a9:b1:4f , -47
1737643991900 , c8:a6:08:9b:15:51 , -66
1737643991900 , c8:a6:08:9b:15:50 , -66
1737643991900 , c8:a6:08:9b:16:21 , -43
1737643991900 , c8:a6:08:5b:16:21 , -59
1737643991900 , 84:af:ec:86:f0:60 , -75
1737643991900 , c8:a6:08:9b:16:20 , -43
1737643991900 , c8:a6:08:5b:16:20 , -59
1737643991900 , c8:a6:08:9b:15:54 , -66
1737643991900 , c8:a6:08:9a:b7:04 , -74
1737643991900 , c8:a6:08:5a:fd:01 , -81
1737643991900 , f8:b7:97:9b:d6:fe , -81
1737643991900 , c8:a6:08:9a:bb:b0 , -85
1737643991900 , c8:a6:08:9a:bb:b1 , -83
1737643991900 , c8:a6:08:9a:fd:04 , -86
1737643991900 , c8:a6:08:9a:bb:b4 , -85
1737643991900 , c8:a6:08:9a:bb:f0 , -91
1737643991900 , c8:a6:08:9a:bb:f1 , -92
1737643993039 , c8:a6:08:9a:b4:21 , -91
1737643993039 , c8:a6:08:9a:fe:71 , -71
1737643993039 , 74:03:bd:ef:8a:00 , -71
1737643993039 , c8:a6:08:9a:fc:90 , -79
1737643993039 , c8:a6:08:9a:fe:70 , -71
1737643993039 , d2:c0:bf:1d:b5:64 , -75
1737643993039 , c8:a6:08:9a:fc:91 , -79
1737643993039 , c8:a6:08:9a:fc:94 , -79
1737643993039 , c8:a6:08:9a:fe:74 , -71
1737643993039 , 84:af:ec:86:f0:70 , -78
1737643993039 , ac:44:f2:8c:e8:a8 , -87
1737643993039 , c8:a6:08:9a:bb:c4 , -74
1737643993039 , c8:a6:08:9a:bb:c1 , -73
1737643993039 , c8:a6:08:5a:fe:74 , -69
1737643993039 , c8:a6:08:5a:fe:70 , -69
1737643993039 , c8:a6:08:5a:bb:c1 , -78
1737643993039 , c8:a6:08:9a:bb:c0 , -73
1737643993039 , c8:a6:08:9b:16:04 , -58
1737643993039 , 74:03:bd:ef:8a:10 , -81
1737643993039 , c8:a6:08:9a:bf:30 , -84
1737643993039 , c8:a6:08:9a:bf:34 , -84
1737643993039 , c8:a6:08:9b:16:01 , -53
1737643993039 , c8:a6:08:5b:16:01 , -54
1737643993039 , c8:a6:08:9b:16:00 , -53
1737643993039 , c8:a6:08:5b:16:00 , -54
1737643993039 , c8:a6:08:9a:bf:31 , -82
1737643993039 , c8:a6:08:9a:bb:d4 , -92
1737643993039 , 96:f8:4a:36:a6:a7 , -85
1737643993039 , 3c:64:cf:5c:de:09 , -83
1737643993039 , c8:a6:08:9a:b5:91 , -91
1737643993039 , 3c:64:cf:5c:de:08 , -80
1737643993039 , c8:a6:08:9a:bb:d0 , -91
1737643993039 , c8:a6:08:9a:bb:d1 , -91
1737643993039 , 50:d4:f7:a6:80:f4 , -74
1737643993039 , 50:d4:f7:a6:80:f3 , -83
1737643993039 , c8:a6:08:9a:bc:10 , -69
1737643993039 , c8:a6:08:9a:bc:11 , -69
1737643993039 , c8:a6:08:9a:bc:14 , -70
1737643993039 , c8:a6:08:5a:bc:11 , -68
1737643993039 , c8:a6:08:9a:bb:80 , -74
1737643993039 , c8:a6:08:9a:bb:81 , -74
1737643993039 , 60:84:bd:de:7c:67 , -57
1737643993039 , c8:a6:08:9a:bb:84 , -74
1737643993039 , ac:44:f2:8c:e9:20 , -76
1737643993039 , c8:a6:08:9a:fd:01 , -86
1737643993039 , c8:a6:08:9a:fd:00 , -86
1737643993039 , c0:25:a2:a7:2e:2b , -47
1737643993039 , c0:25:a2:a7:2e:2a , -50
1737643993039 , 60:84:bd:de:7c:60 , -52
1737643993039 , c8:a6:08:5a:fd:80 , -86
1737643993039 , 60:f4:94:f1:84:d2 , -86
1737643993039 , c8:a6:08:9a:b7:01 , -74
1737643993039 , c8:a6:08:9b:16:24 , -44
1737643993039 , c8:a6:08:5b:15:50 , -63
1737643993039 , c8:a6:08:9a:b7:00 , -75
1737643993039 , c0:25:a2:a7:2e:27 , -53
1737643993039 , 74:03:bd:8b:7c:b7 , -77
1737643993039 , c0:25:a2:a7:2e:26 , -55
1737643993039 , c0:25:a2:a9:b1:4f , -47
1737643993039 , c8:a6:08:9b:15:51 , -66
1737643993039 , c8:a6:08:9b:15:50 , -66
1737643993039 , c8:a6:08:9b:16:21 , -43
1737643993039 , c8:a6:08:5b:16:21 , -59
1737643993039 , 84:af:ec:86:f0:60 , -75
1737643993039 , c8:a6:08:9b:16:20 , -43
1737643993039 , c8:a6:08:5b:16:20 , -59
1737643993039 , c8:a6:08:9b:15:54 , -66
1737643993039 , c8:a6:08:9a:b7:04 , -74
1737643993039 , c8:a6:08:5a:fd:01 , -81
1737643993039 , f8:b7:97:9b:d6:fe , -81
1737643993039 , c8:a6:08:9a:bb:b0 , -85
1737643993039 , c8:a6:08:9a:bb:b1 , -83
1737643993039 , c8:a6:08:9a:fd:04 , -86
1737643993039 , c8:a6:08:9a:bb:b4 , -85
1737643993039 , c8:a6:08:9a:bb:f0 , -91
1737643993039 , c8:a6:08:9a:bb:f1 , -92
1737643994024 , c8:a6:08:9a:b4:21 , -91
1737643994024 , c8:a6:08:9a:fe:71 , -71
1737643994024 , 74:03:bd:ef:8a:00 , -71
1737643994024 , c8:a6:08:9a:fc:90 , -79
1737643994024 , c8:a6:08:9a:fe:70 , -71
1737643994024 , d2:c0:bf:1d:b5:64 , -75
1737643994024 , c8:a6:08:9a:fc:91 , -79
1737643994024 , c8:a6:08:9a:fc:94 , -79
1737643994024 , c8:a6:08:9a:fe:74 , -71
1737643994024 , 84:af:ec:86:f0:70 , -78
1737643994024 , ac:44:f2:8c:e8:a8 , -87
1737643994024 , c8:a6:08:9a:bb:c4 , -74
1737643994024 , c8:a6:08:9a:bb:c1 , -73
1737643994024 , c8:a6:08:5a:fe:74 , -69
1737643994024 , c8:a6:08:5a:fe:70 , -69
1737643994024 , c8:a6:08:5a:bb:c1 , -78
1737643994024 , c8:a6:08:9a:bb:c0 , -73
1737643994024 , c8:a6:08:9b:16:04 , -58
1737643994024 , 74:03:bd:ef:8a:10 , -81
1737643994024 , c8:a6:08:9a:bf:30 , -84
1737643994024 , c8:a6:08:9a:bf:34 , -84
1737643994024 , c8:a6:08:9b:16:01 , -53
1737643994024 , c8:a6:08:5b:16:01 , -54
1737643994024 , c8:a6:08:9b:16:00 , -53
1737643994024 , c8:a6:08:5b:16:00 , -54
1737643994024 , c8:a6:08:9a:bf:31 , -82
1737643994024 , c8:a6:08:9a:bb:d4 , -92
1737643994024 , 96:f8:4a:36:a6:a7 , -85
1737643994024 , 3c:64:cf:5c:de:09 , -83
1737643994024 , c8:a6:08:9a:b5:91 , -91
1737643994024 , 3c:64:cf:5c:de:08 , -80
1737643994024 , c8:a6:08:9a:bb:d0 , -91
1737643994024 , c8:a6:08:9a:bb:d1 , -91
1737643994024 , 50:d4:f7:a6:80:f4 , -74
1737643994024 , 50:d4:f7:a6:80:f3 , -83
1737643994024 , c8:a6:08:9a:bc:10 , -69
1737643994024 , c8:a6:08:9a:bc:11 , -69
1737643994024 , c8:a6:08:9a:bc:14 , -70
1737643994024 , c8:a6:08:5a:bc:11 , -68
1737643994024 , c8:a6:08:9a:bb:80 , -74
1737643994024 , c8:a6:08:9a:bb:81 , -74
1737643994024 , 60:84:bd:de:7c:67 , -57
1737643994024 , c8:a6:08:9a:bb:84 , -74
1737643994024 , ac:44:f2:8c:e9:20 , -76
1737643994024 , c8:a6:08:9a:fd:01 , -86
1737643994024 , c8:a6:08:9a:fd:00 , -86
1737643994024 , c0:25:a2:a7:2e:2b , -47
1737643994024 , c0:25:a2:a7:2e:2a , -50
1737643994024 , 60:84:bd:de:7c:60 , -52
1737643994024 , c8:a6:08:5a:fd:80 , -86
1737643994024 , 60:f4:94:f1:84:d2 , -86
1737643994024 , c8:a6:08:9a:b7:01 , -74
1737643994024 , c8:a6:08:9b:16:24 , -44
1737643994024 , c8:a6:08:5b:15:50 , -63
1737643994024 , c8:a6:08:9a:b7:00 , -75
1737643994024 , c0:25:a2:a7:2e:27 , -53
1737643994024 , 74:03:bd:8b:7c:b7 , -77
1737643994024 , c0:25:a2:a7:2e:26 , -55
1737643994024 , c0:25:a2:a9:b1:4f , -47
1737643994024 , c8:a6:08:9b:15:51 , -66
1737643994024 , c8:a6:08:9b:15:50 , -66
1737643994024 , c8:a6:08:9b:16:21 , -43
1737643994024 , c8:a6:08:5b:16:21 , -59
1737643994024 , 84:af:ec:86:f0:60 , -75
1737643994024 , c8:a6:08:9b:16:20 , -43
1737643994024 , c8:a6:08:5b:16:20 , -59
1737643994024 , c8:a6:08:9b:15:54 , -66
1737643994024 , c8:a6:08:9a:b7:04 , -74
1737643994024 , c8:a6:08:5a:fd:01 , -81
1737643994024 , f8:b7:97:9b:d6:fe , -81
1737643994024 , c8:a6:08:9a:bb:b0 , -85
1737643994024 , c8:a6:08:9a:bb:b1 , -83
1737643994024 , c8:a6:08:9a:fd:04 , -86
1737643994024 , c8:a6:08:9a:bb:b4 , -85
1737643994024 , c8:a6:08:9a:bb:f0 , -91
1737643994024 , c8:a6:08:9a:bb:f1 , -92
1737643995034 , c8:a6:08:9a:b4:21 , -91
1737643995034 , c8:a6:08:9a:fe:71 , -71
1737643995034 , 74:03:bd:ef:8a:00 , -71
1737643995034 , c8:a6:08:9a:fc:90 , -79
1737643995034 , c8:a6:08:9a:fe:70 , -71
1737643995034 , d2:c0:bf:1d:b5:64 , -75
1737643995034 , c8:a6:08:9a:fc:91 , -79
1737643995034 , c8:a6:08:9a:fc:94 , -79
1737643995034 , c8:a6:08:9a:fe:74 , -71
1737643995034 , 84:af:ec:86:f0:70 , -78
1737643995034 , ac:44:f2:8c:e8:a8 , -87
1737643995034 , c8:a6:08:9a:bb:c4 , -74
1737643995034 , c8:a6:08:9a:bb:c1 , -73
1737643995034 , c8:a6:08:5a:fe:74 , -69
1737643995034 , c8:a6:08:5a:fe:70 , -69
1737643995034 , c8:a6:08:5a:bb:c1 , -78
1737643995034 , c8:a6:08:9a:bb:c0 , -73
1737643995034 , c8:a6:08:9b:16:04 , -58
1737643995034 , 74:03:bd:ef:8a:10 , -81
1737643995034 , c8:a6:08:9a:bf:30 , -84
1737643995034 , c8:a6:08:9a:bf:34 , -84
1737643995034 , c8:a6:08:9b:16:01 , -53
1737643995034 , c8:a6:08:5b:16:01 , -54
1737643995034 , c8:a6:08:9b:16:00 , -53
1737643995034 , c8:a6:08:5b:16:00 , -54
1737643995034 , c8:a6:08:9a:bf:31 , -82
1737643995034 , c8:a6:08:9a:bb:d4 , -92
1737643995034 , 96:f8:4a:36:a6:a7 , -85
1737643995034 , 3c:64:cf:5c:de:09 , -83
1737643995034 , c8:a6:08:9a:b5:91 , -91
1737643995034 , 3c:64:cf:5c:de:08 , -80
1737643995034 , c8:a6:08:9a:bb:d0 , -91
1737643995034 , c8:a6:08:9a:bb:d1 , -91
1737643995034 , 50:d4:f7:a6:80:f4 , -74
1737643995034 , 50:d4:f7:a6:80:f3 , -83
1737643995034 , c8:a6:08:9a:bc:10 , -69
1737643995034 , c8:a6:08:9a:bc:11 , -69
1737643995034 , c8:a6:08:9a:bc:14 , -70
1737643995034 , c8:a6:08:5a:bc:11 , -68
1737643995034 , c8:a6:08:9a:bb:80 , -74
1737643995034 , c8:a6:08:9a:bb:81 , -74
1737643995034 , 60:84:bd:de:7c:67 , -57
1737643995034 , c8:a6:08:9a:bb:84 , -74
1737643995034 , ac:44:f2:8c:e9:20 , -76
1737643995034 , c8:a6:08:9a:fd:01 , -86
1737643995034 , c8:a6:08:9a:fd:00 , -86
1737643995034 , c0:25:a2:a7:2e:2b , -47
1737643995034 , c0:25:a2:a7:2e:2a , -50
1737643995034 , 60:84:bd:de:7c:60 , -52
1737643995034 , c8:a6:08:5a:fd:80 , -86
1737643995034 , 60:f4:94:f1:84:d2 , -86
1737643995034 , c8:a6:08:9a:b7:01 , -74
1737643995034 , c8:a6:08:9b:16:24 , -44
1737643995034 , c8:a6:08:5b:15:50 , -63
1737643995034 , c8:a6:08:9a:b7:00 , -75
1737643995034 , c0:25:a2:a7:2e:27 , -53
1737643995034 , 74:03:bd:8b:7c:b7 , -77
1737643995034 , c0:25:a2:a7:2e:26 , -55
1737643995034 , c0:25:a2:a9:b1:4f , -47
1737643995034 , c8:a6:08:9b:15:51 , -66
1737643995034 , c8:a6:08:9b:15:50 , -66
1737643995034 , c8:a6:08:9b:16:21 , -43
1737643995034 , c8:a6:08:5b:16:21 , -59
1737643995034 , 84:af:ec:86:f0:60 , -75
1737643995034 , c8:a6:08:9b:16:20 , -43
1737643995034 , c8:a6:08:5b:16:20 , -59
1737643995034 , c8:a6:08:9b:15:54 , -66
1737643995034 , c8:a6:08:9a:b7:04 , -74
1737643995034 , c8:a6:08:5a:fd:01 , -81
1737643995034 , f8:b7:97:9b:d6:fe , -81
1737643995034 , c8:a6:08:9a:bb:b0 , -85
1737643995034 , c8:a6:08:9a:bb:b1 , -83
1737643995034 , c8:a6:08:9a:fd:04 , -86
1737643995034 , c8:a6:08:9a:bb:b4 , -85
1737643995034 , c8:a6:08:9a:bb:f0 , -91
1737643995034 , c8:a6:08:9a:bb:f1 , -92
1737643996146 , c8:a6:08:9a:b4:21 , -91
1737643996146 , c8:a6:08:9a:fe:71 , -71
1737643996146 , 74:03:bd:ef:8a:00 , -71
1737643996146 , c8:a6:08:9a:fc:90 , -79
1737643996146 , c8:a6:08:9a:fe:70 , -71
1737643996146 , d2:c0:bf:1d:b5:64 , -75
1737643996146 , c8:a6:08:9a:fc:91 , -79
1737643996146 , c8:a6:08:9a:fc:94 , -79
1737643996146 , c8:a6:08:9a:fe:74 , -71
1737643996146 , 84:af:ec:86:f0:70 , -78
1737643996146 , ac:44:f2:8c:e8:a8 , -87
1737643996146 , c8:a6:08:9a:bb:c4 , -74
1737643996146 , c8:a6:08:9a:bb:c1 , -73
1737643996146 , c8:a6:08:5a:fe:74 , -69
1737643996146 , c8:a6:08:5a:fe:70 , -69
1737643996146 , c8:a6:08:5a:bb:c1 , -78
1737643996146 , c8:a6:08:9a:bb:c0 , -73
1737643996146 , c8:a6:08:9b:16:04 , -58
1737643996146 , 74:03:bd:ef:8a:10 , -81
1737643996146 , c8:a6:08:9a:bf:30 , -84
1737643996146 , c8:a6:08:9a:bf:34 , -84
1737643996146 , c8:a6:08:9b:16:01 , -53
1737643996146 , c8:a6:08:5b:16:01 , -54
1737643996146 , c8:a6:08:9b:16:00 , -53
1737643996146 , c8:a6:08:5b:16:00 , -54
1737643996146 , c8:a6:08:9a:bf:31 , -82
1737643996146 , c8:a6:08:9a:bb:d4 , -92
1737643996146 , 96:f8:4a:36:a6:a7 , -85
1737643996146 , 3c:64:cf:5c:de:09 , -83
1737643996146 , c8:a6:08:9a:b5:91 , -91
1737643996146 , 3c:64:cf:5c:de:08 , -80
1737643996146 , c8:a6:08:9a:bb:d0 , -91
1737643996146 , c8:a6:08:9a:bb:d1 , -91
1737643996146 , 50:d4:f7:a6:80:f4 , -74
1737643996146 , 50:d4:f7:a6:80:f3 , -83
1737643996146 , c8:a6:08:9a:bc:10 , -69
1737643996146 , c8:a6:08:9a:bc:11 , -69
1737643996146 , c8:a6:08:9a:bc:14 , -70
1737643996146 , c8:a6:08:5a:bc:11 , -68
1737643996146 , c8:a6:08:9a:bb:80 , -74
1737643996146 , c8:a6:08:9a:bb:81 , -74
1737643996146 , 60:84:bd:de:7c:67 , -57
1737643996146 , c8:a6:08:9a:bb:84 , -74
1737643996146 , ac:44:f2:8c:e9:20 , -76
1737643996146 , c8:a6:08:9a:fd:01 , -86
1737643996146 , c8:a6:08:9a:fd:00 , -86
1737643996146 , c0:25:a2:a7:2e:2b , -47
1737643996146 , c0:25:a2:a7:2e:2a , -50
1737643996146 , 60:84:bd:de:7c:60 , -52
1737643996146 , c8:a6:08:5a:fd:80 , -86
1737643996146 , 60:f4:94:f1:84:d2 , -86
1737643996146 , c8:a6:08:9a:b7:01 , -74
1737643996146 , c8:a6:08:9b:16:24 , -44
1737643996146 , c8:a6:08:5b:15:50 , -63
1737643996146 , c8:a6:08:9a:b7:00 , -75
1737643996146 , c0:25:a2:a7:2e:27 , -53
1737643996146 , 74:03:bd:8b:7c:b7 , -77
1737643996146 , c0:25:a2:a7:2e:26 , -55
1737643996146 , c0:25:a2:a9:b1:4f , -47
1737643996146 , c8:a6:08:9b:15:51 , -66
1737643996146 , c8:a6:08:9b:15:50 , -66
1737643996146 , c8:a6:08:9b:16:21 , -43
1737643996146 , c8:a6:08:5b:16:21 , -59
1737643996146 , 84:af:ec:86:f0:60 , -75
1737643996146 , c8:a6:08:9b:16:20 , -43
1737643996146 , c8:a6:08:5b:16:20 , -59
1737643996146 , c8:a6:08:9b:15:54 , -66
1737643996146 , c8:a6:08:9a:b7:04 , -74
1737643996146 , c8:a6:08:5a:fd:01 , -81
1737643996146 , f8:b7:97:9b:d6:fe , -81
1737643996146 , c8:a6:08:9a:bb:b0 , -85
1737643996146 , c8:a6:08:9a:bb:b1 , -83
1737643996146 , c8:a6:08:9a:fd:04 , -86
1737643996146 , c8:a6:08:9a:bb:b4 , -85
1737643996146 , c8:a6:08:9a:bb:f0 , -91
1737643996146 , c8:a6:08:9a:bb:f1 , -92
1737643997162 , c8:a6:08:9a:b4:21 , -91
1737643997162 , c8:a6:08:9a:fe:71 , -71
1737643997162 , 74:03:bd:ef:8a:00 , -71
1737643997162 , c8:a6:08:9a:fc:90 , -79
1737643997162 , c8:a6:08:9a:fe:70 , -71
1737643997162 , d2:c0:bf:1d:b5:64 , -75
1737643997162 , c8:a6:08:9a:fc:91 , -79
1737643997162 , c8:a6:08:9a:fc:94 , -79
1737643997162 , c8:a6:08:9a:fe:74 , -71
1737643997162 , 84:af:ec:86:f0:70 , -78
1737643997162 , ac:44:f2:8c:e8:a8 , -87
1737643997162 , c8:a6:08:9a:bb:c4 , -74
1737643997162 , c8:a6:08:9a:bb:c1 , -73
1737643997162 , c8:a6:08:5a:fe:74 , -69
1737643997162 , c8:a6:08:5a:fe:70 , -69
1737643997162 , c8:a6:08:5a:bb:c1 , -78
1737643997162 , c8:a6:08:9a:bb:c0 , -73
1737643997162 , c8:a6:08:9b:16:04 , -58
1737643997162 , 74:03:bd:ef:8a:10 , -81
1737643997162 , c8:a6:08:9a:bf:30 , -84
1737643997162 , c8:a6:08:9a:bf:34 , -84
1737643997162 , c8:a6:08:9b:16:01 , -53
1737643997162 , c8:a6:08:5b:16:01 , -54
1737643997162 , c8:a6:08:9b:16:00 , -53
1737643997162 , c8:a6:08:5b:16:00 , -54
1737643997162 , c8:a6:08:9a:bf:31 , -82
1737643997162 , c8:a6:08:9a:bb:d4 , -92
1737643997162 , 96:f8:4a:36:a6:a7 , -85
1737643997162 , 3c:64:cf:5c:de:09 , -83
1737643997162 , c8:a6:08:9a:b5:91 , -91
1737643997162 , 3c:64:cf:5c:de:08 , -80
1737643997162 , c8:a6:08:9a:bb:d0 , -91
1737643997162 , c8:a6:08:9a:bb:d1 , -91
1737643997162 , 50:d4:f7:a6:80:f4 , -74
1737643997162 , 50:d4:f7:a6:80:f3 , -83
1737643997162 , c8:a6:08:9a:bc:10 , -69
1737643997162 , c8:a6:08:9a:bc:11 , -69
1737643997162 , c8:a6:08:9a:bc:14 , -70
1737643997162 , c8:a6:08:5a:bc:11 , -68
1737643997162 , c8:a6:08:9a:bb:80 , -74
1737643997162 , c8:a6:08:9a:bb:81 , -74
1737643997162 , 60:84:bd:de:7c:67 , -57
1737643997162 , c8:a6:08:9a:bb:84 , -74
1737643997162 , ac:44:f2:8c:e9:20 , -76
1737643997162 , c8:a6:08:9a:fd:01 , -86
1737643997162 , c8:a6:08:9a:fd:00 , -86
1737643997162 , c0:25:a2:a7:2e:2b , -47
1737643997162 , c0:25:a2:a7:2e:2a , -50
1737643997162 , 60:84:bd:de:7c:60 , -52
1737643997162 , c8:a6:08:5a:fd:80 , -86
1737643997162 , 60:f4:94:f1:84:d2 , -86
1737643997162 , c8:a6:08:9a:b7:01 , -74
1737643997162 , c8:a6:08:9b:16:24 , -44
1737643997162 , c8:a6:08:5b:15:50 , -63
1737643997162 , c8:a6:08:9a:b7:00 , -75
1737643997162 , c0:25:a2:a7:2e:27 , -53
1737643997162 , 74:03:bd:8b:7c:b7 , -77
1737643997162 , c0:25:a2:a7:2e:26 , -55
1737643997162 , c0:25:a2:a9:b1:4f , -47
1737643997162 , c8:a6:08:9b:15:51 , -66
1737643997162 , c8:a6:08:9b:15:50 , -66
1737643997162 , c8:a6:08:9b:16:21 , -43
1737643997162 , c8:a6:08:5b:16:21 , -59
1737643997162 , 84:af:ec:86:f0:60 , -75
1737643997162 , c8:a6:08:9b:16:20 , -43
1737643997162 , c8:a6:08:5b:16:20 , -59
1737643997162 , c8:a6:08:9b:15:54 , -66
1737643997162 , c8:a6:08:9a:b7:04 , -74
1737643997162 , c8:a6:08:5a:fd:01 , -81
1737643997162 , f8:b7:97:9b:d6:fe , -81
1737643997162 , c8:a6:08:9a:bb:b0 , -85
1737643997162 , c8:a6:08:9a:bb:b1 , -83
1737643997162 , c8:a6:08:9a:fd:04 , -86
1737643997162 , c8:a6:08:9a:bb:b4 , -85
1737643997162 , c8:a6:08:9a:bb:f0 , -91
1737643997162 , c8:a6:08:9a:bb:f1 , -92
1737643998195 , c8:a6:08:9a:b4:21 , -91
1737643998195 , c8:a6:08:9a:fe:71 , -71
1737643998195 , 74:03:bd:ef:8a:00 , -71
1737643998195 , c8:a6:08:9a:fc:90 , -79
1737643998195 , c8:a6:08:9a:fe:70 , -71
1737643998195 , d2:c0:bf:1d:b5:64 , -75
1737643998195 , c8:a6:08:9a:fc:91 , -79
1737643998195 , c8:a6:08:9a:fc:94 , -79
1737643998195 , c8:a6:08:9a:fe:74 , -71
1737643998195 , 84:af:ec:86:f0:70 , -78
1737643998195 , ac:44:f2:8c:e8:a8 , -87
1737643998195 , c8:a6:08:9a:bb:c4 , -74
1737643998195 , c8:a6:08:9a:bb:c1 , -73
1737643998195 , c8:a6:08:5a:fe:74 , -69
1737643998195 , c8:a6:08:5a:fe:70 , -69
1737643998195 , c8:a6:08:5a:bb:c1 , -78
1737643998195 , c8:a6:08:9a:bb:c0 , -73
1737643998195 , c8:a6:08:9b:16:04 , -58
1737643998195 , 74:03:bd:ef:8a:10 , -81
1737643998195 , c8:a6:08:9a:bf:30 , -84
1737643998195 , c8:a6:08:9a:bf:34 , -84
1737643998195 , c8:a6:08:9b:16:01 , -53
1737643998195 , c8:a6:08:5b:16:01 , -54
1737643998195 , c8:a6:08:9b:16:00 , -53
1737643998195 , c8:a6:08:5b:16:00 , -54
1737643998195 , c8:a6:08:9a:bf:31 , -82
1737643998195 , c8:a6:08:9a:bb:d4 , -92
1737643998195 , 96:f8:4a:36:a6:a7 , -85
1737643998195 , 3c:64:cf:5c:de:09 , -83
1737643998195 , c8:a6:08:9a:b5:91 , -91
1737643998195 , 3c:64:cf:5c:de:08 , -80
1737643998195 , c8:a6:08:9a:bb:d0 , -91
1737643998195 , c8:a6:08:9a:bb:d1 , -91
1737643998195 , 50:d4:f7:a6:80:f4 , -74
1737643998195 , 50:d4:f7:a6:80:f3 , -83
1737643998195 , c8:a6:08:9a:bc:10 , -69
1737643998195 , c8:a6:08:9a:bc:11 , -69
1737643998195 , c8:a6:08:9a:bc:14 , -70
1737643998195 , c8:a6:08:5a:bc:11 , -68
1737643998195 , c8:a6:08:9a:bb:80 , -74
1737643998195 , c8:a6:08:9a:bb:81 , -74
1737643998195 , 60:84:bd:de:7c:67 , -57
1737643998195 , c8:a6:08:9a:bb:84 , -74
1737643998195 , ac:44:f2:8c:e9:20 , -76
1737643998195 , c8:a6:08:9a:fd:01 , -86
1737643998195 , c8:a6:08:9a:fd:00 , -86
1737643998195 , c0:25:a2:a7:2e:2b , -47
1737643998195 , c0:25:a2:a7:2e:2a , -50
1737643998195 , 60:84:bd:de:7c:60 , -52
1737643998195 , c8:a6:08:5a:fd:80 , -86
1737643998195 , 60:f4:94:f1:84:d2 , -86
1737643998195 , c8:a6:08:9a:b7:01 , -74
1737643998195 , c8:a6:08:9b:16:24 , -44
1737643998195 , c8:a6:08:5b:15:50 , -63
1737643998195 , c8:a6:08:9a:b7:00 , -75
1737643998195 , c0:25:a2:a7:2e:27 , -53
1737643998195 , 74:03:bd:8b:7c:b7 , -77
1737643998195 , c0:25:a2:a7:2e:26 , -55
1737643998195 , c0:25:a2:a9:b1:4f , -47
1737643998195 , c8:a6:08:9b:15:51 , -66
1737643998195 , c8:a6:08:9b:15:50 , -66
1737643998195 , c8:a6:08:9b:16:21 , -43
1737643998195 , c8:a6:08:5b:16:21 , -59
1737643998195 , 84:af:ec:86:f0:60 , -75
1737643998195 , c8:a6:08:9b:16:20 , -43
1737643998195 , c8:a6:08:5b:16:20 , -59
1737643998195 , c8:a6:08:9b:15:54 , -66
1737643998195 , c8:a6:08:9a:b7:04 , -74
1737643998195 , c8:a6:08:5a:fd:01 , -81
1737643998195 , f8:b7:97:9b:d6:fe , -81
1737643998195 , c8:a6:08:9a:bb:b0 , -85
1737643998195 , c8:a6:08:9a:bb:b1 , -83
1737643998195 , c8:a6:08:9a:fd:04 , -86
1737643998195 , c8:a6:08:9a:bb:b4 , -85
1737643998195 , c8:a6:08:9a:bb:f0 , -91
1737643998195 , c8:a6:08:9a:bb:f1 , -92
1737643999280 , c8:a6:08:9a:b4:21 , -91
1737643999280 , c8:a6:08:9a:fe:71 , -71
1737643999280 , 74:03:bd:ef:8a:00 , -71
1737643999280 , c8:a6:08:9a:fc:90 , -79
1737643999280 , c8:a6:08:9a:fe:70 , -71
1737643999280 , d2:c0:bf:1d:b5:64 , -75
1737643999280 , c8:a6:08:9a:fc:91 , -79
1737643999280 , c8:a6:08:9a:fc:94 , -79
1737643999280 , c8:a6:08:9a:fe:74 , -71
1737643999280 , 84:af:ec:86:f0:70 , -78
1737643999280 , ac:44:f2:8c:e8:a8 , -87
1737643999280 , c8:a6:08:9a:bb:c4 , -74
1737643999280 , c8:a6:08:9a:bb:c1 , -73
1737643999280 , c8:a6:08:5a:fe:74 , -69
1737643999280 , c8:a6:08:5a:fe:70 , -69
1737643999280 , c8:a6:08:5a:bb:c1 , -78
1737643999280 , c8:a6:08:9a:bb:c0 , -73
1737643999280 , c8:a6:08:9b:16:04 , -58
1737643999280 , 74:03:bd:ef:8a:10 , -81
1737643999280 , c8:a6:08:9a:bf:30 , -84
1737643999280 , c8:a6:08:9a:bf:34 , -84
1737643999280 , c8:a6:08:9b:16:01 , -53
1737643999280 , c8:a6:08:5b:16:01 , -54
1737643999280 , c8:a6:08:9b:16:00 , -53
1737643999280 , c8:a6:08:5b:16:00 , -54
1737643999280 , c8:a6:08:9a:bf:31 , -82
1737643999280 , c8:a6:08:9a:bb:d4 , -92
1737643999280 , 96:f8:4a:36:a6:a7 , -85
1737643999280 , 3c:64:cf:5c:de:09 , -83
1737643999280 , c8:a6:08:9a:b5:91 , -91
1737643999280 , 3c:64:cf:5c:de:08 , -80
1737643999280 , c8:a6:08:9a:bb:d0 , -91
1737643999280 , c8:a6:08:9a:bb:d1 , -91
1737643999280 , 50:d4:f7:a6:80:f4 , -74
1737643999280 , 50:d4:f7:a6:80:f3 , -83
1737643999280 , c8:a6:08:9a:bc:10 , -69
1737643999280 , c8:a6:08:9a:bc:11 , -69
1737643999280 , c8:a6:08:9a:bc:14 , -70
1737643999280 , c8:a6:08:5a:bc:11 , -68
1737643999280 , c8:a6:08:9a:bb:80 , -74
1737643999280 , c8:a6:08:9a:bb:81 , -74
1737643999280 , 60:84:bd:de:7c:67 , -57
1737643999280 , c8:a6:08:9a:bb:84 , -74
1737643999280 , ac:44:f2:8c:e9:20 , -76
1737643999280 , c8:a6:08:9a:fd:01 , -86
1737643999280 , c8:a6:08:9a:fd:00 , -86
1737643999280 , c0:25:a2:a7:2e:2b , -47
1737643999280 , c0:25:a2:a7:2e:2a , -50
1737643999280 , 60:84:bd:de:7c:60 , -52
1737643999280 , c8:a6:08:5a:fd:80 , -86
1737643999280 , 60:f4:94:f1:84:d2 , -86
1737643999280 , c8:a6:08:9a:b7:01 , -74
1737643999280 , c8:a6:08:9b:16:24 , -44
1737643999280 , c8:a6:08:5b:15:50 , -63
1737643999280 , c8:a6:08:9a:b7:00 , -75
1737643999280 , c0:25:a2:a7:2e:27 , -53
1737643999280 , 74:03:bd:8b:7c:b7 , -77
1737643999280 , c0:25:a2:a7:2e:26 , -55
1737643999280 , c0:25:a2:a9:b1:4f , -47
1737643999280 , c8:a6:08:9b:15:51 , -66
1737643999280 , c8:a6:08:9b:15:50 , -66
1737643999280 , c8:a6:08:9b:16:21 , -43
1737643999280 , c8:a6:08:5b:16:21 , -59
1737643999280 , 84:af:ec:86:f0:60 , -75
1737643999280 , c8:a6:08:9b:16:20 , -43
1737643999280 , c8:a6:08:5b:16:20 , -59
1737643999280 , c8:a6:08:9b:15:54 , -66
1737643999280 , c8:a6:08:9a:b7:04 , -74
1737643999280 , c8:a6:08:5a:fd:01 , -81
1737643999280 , f8:b7:97:9b:d6:fe , -81
1737643999280 , c8:a6:08:9a:bb:b0 , -85
1737643999280 , c8:a6:08:9a:bb:b1 , -83
1737643999280 , c8:a6:08:9a:fd:04 , -86
1737643999280 , c8:a6:08:9a:bb:b4 , -85
1737643999280 , c8:a6:08:9a:bb:f0 , -91
1737643999280 , c8:a6:08:9a:bb:f1 , -92
