1737084976391 , c8:a6:08:9a:fe:71 , -88
1737084976391 , c8:a6:08:9a:fe:70 , -88
1737084976391 , c8:a6:08:9a:fe:74 , -89
1737084976391 , 84:af:ec:86:f0:70 , -85
1737084976391 , ac:44:f2:8c:e8:a8 , -86
1737084976391 , c8:a6:08:9a:bb:c4 , -79
1737084976391 , c8:a6:08:9a:bb:c1 , -79
1737084976391 , c8:a6:08:5a:fe:71 , -87
1737084976391 , c8:a6:08:5a:fe:70 , -86
1737084976391 , c8:a6:08:5a:fc:91 , -87
1737084976391 , c8:a6:08:5a:bb:c1 , -77
1737084976391 , c8:a6:08:5a:bb:c4 , -76
1737084976391 , c8:a6:08:9a:bb:c0 , -79
1737084976391 , c8:a6:08:5a:bb:c0 , -76
1737084976391 , c8:a6:08:9b:16:04 , -61
1737084976391 , 74:03:bd:ef:8a:10 , -90
1737084976391 , c8:a6:08:9b:16:01 , -61
1737084976391 , c8:a6:08:5b:16:00 , -60
1737084976391 , c8:a6:08:9b:16:00 , -61
1737084976391 , 96:f8:4a:36:a6:a8 , -93
1737084976391 , c8:a6:08:5a:bb:81 , -82
1737084976391 , c8:a6:08:9a:bc:10 , -69
1737084976391 , c8:a6:08:5a:bb:80 , -82
1737084976391 , c8:a6:08:9a:bc:11 , -69
1737084976391 , c8:a6:08:9a:bc:14 , -72
1737084976391 , c8:a6:08:9a:bb:80 , -75
1737084976391 , c8:a6:08:5a:bc:11 , -74
1737084976391 , c8:a6:08:9a:bb:81 , -75
1737084976391 , c8:a6:08:5a:bc:10 , -74
1737084976391 , c8:a6:08:9a:bb:84 , -75
1737084976391 , 60:84:bd:de:7c:67 , -60
1737084976391 , c8:a6:08:5a:bb:84 , -84
1737084976391 , c0:25:a2:a7:2e:2b , -47
1737084976391 , c0:25:a2:a7:2e:2a , -58
1737084976391 , 60:84:bd:de:7c:60 , -52
1737084976391 , c8:a6:08:9a:b7:01 , -93
1737084976391 , c8:a6:08:9b:16:24 , -47
1737084976391 , c0:25:a2:a7:2e:27 , -70
1737084976391 , 74:03:bd:8b:7c:b7 , -90
1737084976391 , c0:25:a2:a7:2e:26 , -65
1737084976391 , c0:25:a2:a9:b1:4f , -53
1737084976391 , c8:a6:08:5b:16:24 , -59
1737084976391 , c8:a6:08:9b:15:51 , -80
1737084976391 , c8:a6:08:9b:15:50 , -80
1737084976391 , 84:af:ec:86:f0:60 , -78
1737084976391 , c8:a6:08:9b:16:21 , -47
1737084976391 , c8:a6:08:5b:16:21 , -58
1737084976391 , c8:a6:08:9b:16:20 , -47
1737084976391 , c8:a6:08:5b:16:20 , -59
1737084976391 , c8:a6:08:9b:15:54 , -80
1737084976391 , c8:a6:08:9a:bb:b0 , -94
1737084976391 , c8:a6:08:5a:bc:14 , -73
1737084977387 , c8:a6:08:9a:fe:71 , -88
1737084977387 , c8:a6:08:9a:fe:70 , -88
1737084977387 , c8:a6:08:9a:fe:74 , -89
1737084977387 , 84:af:ec:86:f0:70 , -85
1737084977387 , ac:44:f2:8c:e8:a8 , -86
1737084977387 , c8:a6:08:9a:bb:c4 , -79
1737084977387 , c8:a6:08:9a:bb:c1 , -79
1737084977387 , c8:a6:08:5a:fe:71 , -87
1737084977387 , c8:a6:08:5a:fe:70 , -86
1737084977387 , c8:a6:08:5a:fc:91 , -87
1737084977387 , c8:a6:08:5a:bb:c1 , -77
1737084977387 , c8:a6:08:5a:bb:c4 , -76
1737084977387 , c8:a6:08:9a:bb:c0 , -79
1737084977387 , c8:a6:08:5a:bb:c0 , -76
1737084977387 , c8:a6:08:9b:16:04 , -61
1737084977387 , 74:03:bd:ef:8a:10 , -90
1737084977387 , c8:a6:08:9b:16:01 , -61
1737084977387 , c8:a6:08:5b:16:00 , -60
1737084977387 , c8:a6:08:9b:16:00 , -61
1737084977387 , 96:f8:4a:36:a6:a8 , -93
1737084977387 , c8:a6:08:5a:bb:81 , -82
1737084977387 , c8:a6:08:9a:bc:10 , -69
1737084977387 , c8:a6:08:5a:bb:80 , -82
1737084977387 , c8:a6:08:9a:bc:11 , -69
1737084977387 , c8:a6:08:9a:bc:14 , -72
1737084977387 , c8:a6:08:9a:bb:80 , -75
1737084977387 , c8:a6:08:5a:bc:11 , -74
1737084977387 , c8:a6:08:9a:bb:81 , -75
1737084977387 , c8:a6:08:5a:bc:10 , -74
1737084977387 , c8:a6:08:9a:bb:84 , -75
1737084977387 , 60:84:bd:de:7c:67 , -60
1737084977387 , c8:a6:08:5a:bb:84 , -84
1737084977387 , c0:25:a2:a7:2e:2b , -47
1737084977387 , c0:25:a2:a7:2e:2a , -58
1737084977387 , 60:84:bd:de:7c:60 , -52
1737084977387 , c8:a6:08:9a:b7:01 , -93
1737084977387 , c8:a6:08:9b:16:24 , -47
1737084977387 , c0:25:a2:a7:2e:27 , -70
1737084977387 , 74:03:bd:8b:7c:b7 , -90
1737084977387 , c0:25:a2:a7:2e:26 , -65
1737084977387 , c0:25:a2:a9:b1:4f , -53
1737084977387 , c8:a6:08:5b:16:24 , -59
1737084977387 , c8:a6:08:9b:15:51 , -80
1737084977387 , c8:a6:08:9b:15:50 , -80
1737084977387 , 84:af:ec:86:f0:60 , -78
1737084977387 , c8:a6:08:9b:16:21 , -47
1737084977387 , c8:a6:08:5b:16:21 , -58
1737084977387 , c8:a6:08:9b:16:20 , -47
1737084977387 , c8:a6:08:5b:16:20 , -59
1737084977387 , c8:a6:08:9b:15:54 , -80
1737084977387 , c8:a6:08:9a:bb:b0 , -94
1737084977387 , c8:a6:08:5a:bc:14 , -73
1737084978390 , c8:a6:08:9a:fe:71 , -88
1737084978390 , c8:a6:08:9a:fe:70 , -88
1737084978390 , c8:a6:08:9a:fe:74 , -89
1737084978390 , 84:af:ec:86:f0:70 , -85
1737084978390 , ac:44:f2:8c:e8:a8 , -86
1737084978390 , c8:a6:08:9a:bb:c4 , -79
1737084978390 , c8:a6:08:9a:bb:c1 , -79
1737084978390 , c8:a6:08:5a:fe:71 , -87
1737084978390 , c8:a6:08:5a:fe:70 , -86
1737084978390 , c8:a6:08:5a:fc:91 , -87
1737084978390 , c8:a6:08:5a:bb:c1 , -77
1737084978390 , c8:a6:08:5a:bb:c4 , -76
1737084978390 , c8:a6:08:9a:bb:c0 , -79
1737084978390 , c8:a6:08:5a:bb:c0 , -76
1737084978390 , c8:a6:08:9b:16:04 , -61
1737084978390 , 74:03:bd:ef:8a:10 , -90
1737084978390 , c8:a6:08:9b:16:01 , -61
1737084978390 , c8:a6:08:5b:16:00 , -60
1737084978390 , c8:a6:08:9b:16:00 , -61
1737084978390 , 96:f8:4a:36:a6:a8 , -93
1737084978390 , c8:a6:08:5a:bb:81 , -82
1737084978390 , c8:a6:08:9a:bc:10 , -69
1737084978390 , c8:a6:08:5a:bb:80 , -82
1737084978390 , c8:a6:08:9a:bc:11 , -69
1737084978390 , c8:a6:08:9a:bc:14 , -72
1737084978390 , c8:a6:08:9a:bb:80 , -75
1737084978390 , c8:a6:08:5a:bc:11 , -74
1737084978390 , c8:a6:08:9a:bb:81 , -75
1737084978390 , c8:a6:08:5a:bc:10 , -74
1737084978390 , c8:a6:08:9a:bb:84 , -75
1737084978390 , 60:84:bd:de:7c:67 , -60
1737084978390 , c8:a6:08:5a:bb:84 , -84
1737084978390 , c0:25:a2:a7:2e:2b , -47
1737084978390 , c0:25:a2:a7:2e:2a , -58
1737084978390 , 60:84:bd:de:7c:60 , -52
1737084978390 , c8:a6:08:9a:b7:01 , -93
1737084978390 , c8:a6:08:9b:16:24 , -47
1737084978390 , c0:25:a2:a7:2e:27 , -70
1737084978390 , 74:03:bd:8b:7c:b7 , -90
1737084978390 , c0:25:a2:a7:2e:26 , -65
1737084978390 , c0:25:a2:a9:b1:4f , -53
1737084978390 , c8:a6:08:5b:16:24 , -59
1737084978390 , c8:a6:08:9b:15:51 , -80
1737084978390 , c8:a6:08:9b:15:50 , -80
1737084978390 , 84:af:ec:86:f0:60 , -78
1737084978390 , c8:a6:08:9b:16:21 , -47
1737084978390 , c8:a6:08:5b:16:21 , -58
1737084978390 , c8:a6:08:9b:16:20 , -47
1737084978390 , c8:a6:08:5b:16:20 , -59
1737084978390 , c8:a6:08:9b:15:54 , -80
1737084978390 , c8:a6:08:9a:bb:b0 , -94
1737084978390 , c8:a6:08:5a:bc:14 , -73
1737084979396 , c8:a6:08:9a:fe:71 , -88
1737084979396 , c8:a6:08:9a:fe:70 , -88
1737084979396 , c8:a6:08:9a:fe:74 , -89
1737084979396 , 84:af:ec:86:f0:70 , -85
1737084979396 , ac:44:f2:8c:e8:a8 , -86
1737084979396 , c8:a6:08:9a:bb:c4 , -79
1737084979396 , c8:a6:08:9a:bb:c1 , -79
1737084979396 , c8:a6:08:5a:fe:71 , -87
1737084979396 , c8:a6:08:5a:fe:70 , -86
1737084979396 , c8:a6:08:5a:fc:91 , -87
1737084979396 , c8:a6:08:5a:bb:c1 , -77
1737084979396 , c8:a6:08:5a:bb:c4 , -76
1737084979396 , c8:a6:08:9a:bb:c0 , -79
1737084979396 , c8:a6:08:5a:bb:c0 , -76
1737084979396 , c8:a6:08:9b:16:04 , -61
1737084979396 , 74:03:bd:ef:8a:10 , -90
1737084979396 , c8:a6:08:9b:16:01 , -61
1737084979396 , c8:a6:08:5b:16:00 , -60
1737084979396 , c8:a6:08:9b:16:00 , -61
1737084979396 , 96:f8:4a:36:a6:a8 , -93
1737084979396 , c8:a6:08:5a:bb:81 , -82
1737084979396 , c8:a6:08:9a:bc:10 , -69
1737084979396 , c8:a6:08:5a:bb:80 , -82
1737084979396 , c8:a6:08:9a:bc:11 , -69
1737084979396 , c8:a6:08:9a:bc:14 , -72
1737084979396 , c8:a6:08:9a:bb:80 , -75
1737084979396 , c8:a6:08:5a:bc:11 , -74
1737084979396 , c8:a6:08:9a:bb:81 , -75
1737084979396 , c8:a6:08:5a:bc:10 , -74
1737084979396 , c8:a6:08:9a:bb:84 , -75
1737084979396 , 60:84:bd:de:7c:67 , -60
1737084979396 , c8:a6:08:5a:bb:84 , -84
1737084979396 , c0:25:a2:a7:2e:2b , -47
1737084979396 , c0:25:a2:a7:2e:2a , -58
1737084979396 , 60:84:bd:de:7c:60 , -52
1737084979396 , c8:a6:08:9a:b7:01 , -93
1737084979396 , c8:a6:08:9b:16:24 , -47
1737084979396 , c0:25:a2:a7:2e:27 , -70
1737084979396 , 74:03:bd:8b:7c:b7 , -90
1737084979396 , c0:25:a2:a7:2e:26 , -65
1737084979396 , c0:25:a2:a9:b1:4f , -53
1737084979396 , c8:a6:08:5b:16:24 , -59
1737084979396 , c8:a6:08:9b:15:51 , -80
1737084979396 , c8:a6:08:9b:15:50 , -80
1737084979396 , 84:af:ec:86:f0:60 , -78
1737084979396 , c8:a6:08:9b:16:21 , -47
1737084979396 , c8:a6:08:5b:16:21 , -58
1737084979396 , c8:a6:08:9b:16:20 , -47
1737084979396 , c8:a6:08:5b:16:20 , -59
1737084979396 , c8:a6:08:9b:15:54 , -80
1737084979396 , c8:a6:08:9a:bb:b0 , -94
1737084979396 , c8:a6:08:5a:bc:14 , -73
1737084980432 , c8:a6:08:9a:fe:71 , -88
1737084980432 , c8:a6:08:9a:fe:70 , -88
1737084980432 , c8:a6:08:9a:fe:74 , -89
1737084980432 , 84:af:ec:86:f0:70 , -85
1737084980432 , ac:44:f2:8c:e8:a8 , -86
1737084980432 , c8:a6:08:9a:bb:c4 , -79
1737084980432 , c8:a6:08:9a:bb:c1 , -79
1737084980432 , c8:a6:08:5a:fe:71 , -87
1737084980432 , c8:a6:08:5a:fe:70 , -86
1737084980432 , c8:a6:08:5a:fc:91 , -87
1737084980432 , c8:a6:08:5a:bb:c1 , -77
1737084980432 , c8:a6:08:5a:bb:c4 , -76
1737084980432 , c8:a6:08:9a:bb:c0 , -79
1737084980432 , c8:a6:08:5a:bb:c0 , -76
1737084980432 , c8:a6:08:9b:16:04 , -61
1737084980432 , 74:03:bd:ef:8a:10 , -90
1737084980432 , c8:a6:08:9b:16:01 , -61
1737084980432 , c8:a6:08:5b:16:00 , -60
1737084980432 , c8:a6:08:9b:16:00 , -61
1737084980432 , 96:f8:4a:36:a6:a8 , -93
1737084980432 , c8:a6:08:5a:bb:81 , -82
1737084980432 , c8:a6:08:9a:bc:10 , -69
1737084980432 , c8:a6:08:5a:bb:80 , -82
1737084980432 , c8:a6:08:9a:bc:11 , -69
1737084980432 , c8:a6:08:9a:bc:14 , -72
1737084980432 , c8:a6:08:9a:bb:80 , -75
1737084980432 , c8:a6:08:5a:bc:11 , -74
1737084980432 , c8:a6:08:9a:bb:81 , -75
1737084980432 , c8:a6:08:5a:bc:10 , -74
1737084980432 , c8:a6:08:9a:bb:84 , -75
1737084980432 , 60:84:bd:de:7c:67 , -60
1737084980432 , c8:a6:08:5a:bb:84 , -84
1737084980432 , c0:25:a2:a7:2e:2b , -47
1737084980432 , c0:25:a2:a7:2e:2a , -58
1737084980432 , 60:84:bd:de:7c:60 , -52
1737084980432 , c8:a6:08:9a:b7:01 , -93
1737084980432 , c8:a6:08:9b:16:24 , -47
1737084980432 , c0:25:a2:a7:2e:27 , -70
1737084980432 , 74:03:bd:8b:7c:b7 , -90
1737084980432 , c0:25:a2:a7:2e:26 , -65
1737084980432 , c0:25:a2:a9:b1:4f , -53
1737084980432 , c8:a6:08:5b:16:24 , -59
1737084980432 , c8:a6:08:9b:15:51 , -80
1737084980432 , c8:a6:08:9b:15:50 , -80
1737084980432 , 84:af:ec:86:f0:60 , -78
1737084980432 , c8:a6:08:9b:16:21 , -47
1737084980432 , c8:a6:08:5b:16:21 , -58
1737084980432 , c8:a6:08:9b:16:20 , -47
1737084980432 , c8:a6:08:5b:16:20 , -59
1737084980432 , c8:a6:08:9b:15:54 , -80
1737084980432 , c8:a6:08:9a:bb:b0 , -94
1737084980432 , c8:a6:08:5a:bc:14 , -73
1737084981434 , c8:a6:08:9a:fe:71 , -88
1737084981434 , c8:a6:08:9a:fe:70 , -88
1737084981434 , c8:a6:08:9a:fe:74 , -89
1737084981434 , 84:af:ec:86:f0:70 , -85
1737084981434 , ac:44:f2:8c:e8:a8 , -86
1737084981434 , c8:a6:08:9a:bb:c4 , -79
1737084981434 , c8:a6:08:9a:bb:c1 , -79
1737084981434 , c8:a6:08:5a:fe:71 , -87
1737084981434 , c8:a6:08:5a:fe:70 , -86
1737084981434 , c8:a6:08:5a:fc:91 , -87
1737084981434 , c8:a6:08:5a:bb:c1 , -77
1737084981434 , c8:a6:08:5a:bb:c4 , -76
1737084981434 , c8:a6:08:9a:bb:c0 , -79
1737084981434 , c8:a6:08:5a:bb:c0 , -76
1737084981434 , c8:a6:08:9b:16:04 , -61
1737084981434 , 74:03:bd:ef:8a:10 , -90
1737084981434 , c8:a6:08:9b:16:01 , -61
1737084981434 , c8:a6:08:5b:16:00 , -60
1737084981434 , c8:a6:08:9b:16:00 , -61
1737084981434 , 96:f8:4a:36:a6:a8 , -93
1737084981434 , c8:a6:08:5a:bb:81 , -82
1737084981434 , c8:a6:08:9a:bc:10 , -69
1737084981434 , c8:a6:08:5a:bb:80 , -82
1737084981434 , c8:a6:08:9a:bc:11 , -69
1737084981434 , c8:a6:08:9a:bc:14 , -72
1737084981434 , c8:a6:08:9a:bb:80 , -75
1737084981434 , c8:a6:08:5a:bc:11 , -74
1737084981434 , c8:a6:08:9a:bb:81 , -75
1737084981434 , c8:a6:08:5a:bc:10 , -74
1737084981434 , c8:a6:08:9a:bb:84 , -75
1737084981434 , 60:84:bd:de:7c:67 , -60
1737084981434 , c8:a6:08:5a:bb:84 , -84
1737084981434 , c0:25:a2:a7:2e:2b , -47
1737084981434 , c0:25:a2:a7:2e:2a , -58
1737084981434 , 60:84:bd:de:7c:60 , -52
1737084981434 , c8:a6:08:9a:b7:01 , -93
1737084981434 , c8:a6:08:9b:16:24 , -47
1737084981434 , c0:25:a2:a7:2e:27 , -70
1737084981434 , 74:03:bd:8b:7c:b7 , -90
1737084981434 , c0:25:a2:a7:2e:26 , -65
1737084981434 , c0:25:a2:a9:b1:4f , -53
1737084981434 , c8:a6:08:5b:16:24 , -59
1737084981434 , c8:a6:08:9b:15:51 , -80
1737084981434 , c8:a6:08:9b:15:50 , -80
1737084981434 , 84:af:ec:86:f0:60 , -78
1737084981434 , c8:a6:08:9b:16:21 , -47
1737084981434 , c8:a6:08:5b:16:21 , -58
1737084981434 , c8:a6:08:9b:16:20 , -47
1737084981434 , c8:a6:08:5b:16:20 , -59
1737084981434 , c8:a6:08:9b:15:54 , -80
1737084981434 , c8:a6:08:9a:bb:b0 , -94
1737084981434 , c8:a6:08:5a:bc:14 , -73
1737084982434 , c8:a6:08:9a:fe:71 , -88
1737084982434 , c8:a6:08:9a:fe:70 , -88
1737084982434 , c8:a6:08:9a:fe:74 , -89
1737084982434 , 84:af:ec:86:f0:70 , -85
1737084982434 , ac:44:f2:8c:e8:a8 , -86
1737084982434 , c8:a6:08:9a:bb:c4 , -79
1737084982434 , c8:a6:08:9a:bb:c1 , -79
1737084982434 , c8:a6:08:5a:fe:71 , -87
1737084982434 , c8:a6:08:5a:fe:70 , -86
1737084982434 , c8:a6:08:5a:fc:91 , -87
1737084982434 , c8:a6:08:5a:bb:c1 , -77
1737084982434 , c8:a6:08:5a:bb:c4 , -76
1737084982434 , c8:a6:08:9a:bb:c0 , -79
1737084982434 , c8:a6:08:5a:bb:c0 , -76
1737084982434 , c8:a6:08:9b:16:04 , -61
1737084982434 , 74:03:bd:ef:8a:10 , -90
1737084982434 , c8:a6:08:9b:16:01 , -61
1737084982434 , c8:a6:08:5b:16:00 , -60
1737084982434 , c8:a6:08:9b:16:00 , -61
1737084982434 , 96:f8:4a:36:a6:a8 , -93
1737084982434 , c8:a6:08:5a:bb:81 , -82
1737084982434 , c8:a6:08:9a:bc:10 , -69
1737084982434 , c8:a6:08:5a:bb:80 , -82
1737084982434 , c8:a6:08:9a:bc:11 , -69
1737084982434 , c8:a6:08:9a:bc:14 , -72
1737084982434 , c8:a6:08:9a:bb:80 , -75
1737084982434 , c8:a6:08:5a:bc:11 , -74
1737084982434 , c8:a6:08:9a:bb:81 , -75
1737084982434 , c8:a6:08:5a:bc:10 , -74
1737084982434 , c8:a6:08:9a:bb:84 , -75
1737084982434 , 60:84:bd:de:7c:67 , -60
1737084982434 , c8:a6:08:5a:bb:84 , -84
1737084982434 , c0:25:a2:a7:2e:2b , -47
1737084982434 , c0:25:a2:a7:2e:2a , -58
1737084982434 , 60:84:bd:de:7c:60 , -52
1737084982434 , c8:a6:08:9a:b7:01 , -93
1737084982434 , c8:a6:08:9b:16:24 , -47
1737084982434 , c0:25:a2:a7:2e:27 , -70
1737084982434 , 74:03:bd:8b:7c:b7 , -90
1737084982434 , c0:25:a2:a7:2e:26 , -65
1737084982434 , c0:25:a2:a9:b1:4f , -53
1737084982434 , c8:a6:08:5b:16:24 , -59
1737084982434 , c8:a6:08:9b:15:51 , -80
1737084982434 , c8:a6:08:9b:15:50 , -80
1737084982434 , 84:af:ec:86:f0:60 , -78
1737084982434 , c8:a6:08:9b:16:21 , -47
1737084982434 , c8:a6:08:5b:16:21 , -58
1737084982434 , c8:a6:08:9b:16:20 , -47
1737084982434 , c8:a6:08:5b:16:20 , -59
1737084982434 , c8:a6:08:9b:15:54 , -80
1737084982434 , c8:a6:08:9a:bb:b0 , -94
1737084982434 , c8:a6:08:5a:bc:14 , -73
1737084983446 , c8:a6:08:9a:fe:71 , -88
1737084983446 , c8:a6:08:9a:fe:70 , -88
1737084983446 , c8:a6:08:9a:fe:74 , -89
1737084983446 , 84:af:ec:86:f0:70 , -85
1737084983446 , ac:44:f2:8c:e8:a8 , -86
1737084983446 , c8:a6:08:9a:bb:c4 , -79
1737084983446 , c8:a6:08:9a:bb:c1 , -79
1737084983446 , c8:a6:08:5a:fe:71 , -87
1737084983446 , c8:a6:08:5a:fe:70 , -86
1737084983446 , c8:a6:08:5a:fc:91 , -87
1737084983446 , c8:a6:08:5a:bb:c1 , -77
1737084983446 , c8:a6:08:5a:bb:c4 , -76
1737084983446 , c8:a6:08:9a:bb:c0 , -79
1737084983446 , c8:a6:08:5a:bb:c0 , -76
1737084983446 , c8:a6:08:9b:16:04 , -61
1737084983446 , 74:03:bd:ef:8a:10 , -90
1737084983446 , c8:a6:08:9b:16:01 , -61
1737084983446 , c8:a6:08:5b:16:00 , -60
1737084983446 , c8:a6:08:9b:16:00 , -61
1737084983446 , 96:f8:4a:36:a6:a8 , -93
1737084983446 , c8:a6:08:5a:bb:81 , -82
1737084983446 , c8:a6:08:9a:bc:10 , -69
1737084983446 , c8:a6:08:5a:bb:80 , -82
1737084983446 , c8:a6:08:9a:bc:11 , -69
1737084983446 , c8:a6:08:9a:bc:14 , -72
1737084983446 , c8:a6:08:9a:bb:80 , -75
1737084983446 , c8:a6:08:5a:bc:11 , -74
1737084983446 , c8:a6:08:9a:bb:81 , -75
1737084983446 , c8:a6:08:5a:bc:10 , -74
1737084983446 , c8:a6:08:9a:bb:84 , -75
1737084983446 , 60:84:bd:de:7c:67 , -60
1737084983446 , c8:a6:08:5a:bb:84 , -84
1737084983446 , c0:25:a2:a7:2e:2b , -47
1737084983446 , c0:25:a2:a7:2e:2a , -58
1737084983446 , 60:84:bd:de:7c:60 , -52
1737084983446 , c8:a6:08:9a:b7:01 , -93
1737084983446 , c8:a6:08:9b:16:24 , -47
1737084983446 , c0:25:a2:a7:2e:27 , -70
1737084983446 , 74:03:bd:8b:7c:b7 , -90
1737084983446 , c0:25:a2:a7:2e:26 , -65
1737084983446 , c0:25:a2:a9:b1:4f , -53
1737084983446 , c8:a6:08:5b:16:24 , -59
1737084983446 , c8:a6:08:9b:15:51 , -80
1737084983446 , c8:a6:08:9b:15:50 , -80
1737084983446 , 84:af:ec:86:f0:60 , -78
1737084983446 , c8:a6:08:9b:16:21 , -47
1737084983446 , c8:a6:08:5b:16:21 , -58
1737084983446 , c8:a6:08:9b:16:20 , -47
1737084983446 , c8:a6:08:5b:16:20 , -59
1737084983446 , c8:a6:08:9b:15:54 , -80
1737084983446 , c8:a6:08:9a:bb:b0 , -94
1737084983446 , c8:a6:08:5a:bc:14 , -73
1737084984455 , c8:a6:08:9a:fe:71 , -88
1737084984455 , c8:a6:08:9a:fe:70 , -88
1737084984455 , c8:a6:08:9a:fe:74 , -89
1737084984455 , 84:af:ec:86:f0:70 , -85
1737084984455 , ac:44:f2:8c:e8:a8 , -86
1737084984455 , c8:a6:08:9a:bb:c4 , -79
1737084984455 , c8:a6:08:9a:bb:c1 , -79
1737084984455 , c8:a6:08:5a:fe:71 , -87
1737084984455 , c8:a6:08:5a:fe:70 , -86
1737084984455 , c8:a6:08:5a:fc:91 , -87
1737084984455 , c8:a6:08:5a:bb:c1 , -77
1737084984455 , c8:a6:08:5a:bb:c4 , -76
1737084984455 , c8:a6:08:9a:bb:c0 , -79
1737084984455 , c8:a6:08:5a:bb:c0 , -76
1737084984455 , c8:a6:08:9b:16:04 , -61
1737084984455 , 74:03:bd:ef:8a:10 , -90
1737084984455 , c8:a6:08:9b:16:01 , -61
1737084984455 , c8:a6:08:5b:16:00 , -60
1737084984455 , c8:a6:08:9b:16:00 , -61
1737084984455 , 96:f8:4a:36:a6:a8 , -93
1737084984455 , c8:a6:08:5a:bb:81 , -82
1737084984455 , c8:a6:08:9a:bc:10 , -69
1737084984455 , c8:a6:08:5a:bb:80 , -82
1737084984455 , c8:a6:08:9a:bc:11 , -69
1737084984455 , c8:a6:08:9a:bc:14 , -72
1737084984455 , c8:a6:08:9a:bb:80 , -75
1737084984455 , c8:a6:08:5a:bc:11 , -74
1737084984455 , c8:a6:08:9a:bb:81 , -75
1737084984455 , c8:a6:08:5a:bc:10 , -74
1737084984455 , c8:a6:08:9a:bb:84 , -75
1737084984455 , 60:84:bd:de:7c:67 , -60
1737084984455 , c8:a6:08:5a:bb:84 , -84
1737084984455 , c0:25:a2:a7:2e:2b , -47
1737084984455 , c0:25:a2:a7:2e:2a , -58
1737084984455 , 60:84:bd:de:7c:60 , -52
1737084984455 , c8:a6:08:9a:b7:01 , -93
1737084984455 , c8:a6:08:9b:16:24 , -47
1737084984455 , c0:25:a2:a7:2e:27 , -70
1737084984455 , 74:03:bd:8b:7c:b7 , -90
1737084984455 , c0:25:a2:a7:2e:26 , -65
1737084984455 , c0:25:a2:a9:b1:4f , -53
1737084984455 , c8:a6:08:5b:16:24 , -59
1737084984455 , c8:a6:08:9b:15:51 , -80
1737084984455 , c8:a6:08:9b:15:50 , -80
1737084984455 , 84:af:ec:86:f0:60 , -78
1737084984455 , c8:a6:08:9b:16:21 , -47
1737084984455 , c8:a6:08:5b:16:21 , -58
1737084984455 , c8:a6:08:9b:16:20 , -47
1737084984455 , c8:a6:08:5b:16:20 , -59
1737084984455 , c8:a6:08:9b:15:54 , -80
1737084984455 , c8:a6:08:9a:bb:b0 , -94
1737084984455 , c8:a6:08:5a:bc:14 , -73
1737084985457 , c8:a6:08:9a:fe:71 , -88
1737084985457 , c8:a6:08:9a:fe:70 , -88
1737084985457 , c8:a6:08:9a:fe:74 , -89
1737084985457 , 84:af:ec:86:f0:70 , -85
1737084985457 , ac:44:f2:8c:e8:a8 , -86
1737084985457 , c8:a6:08:9a:bb:c4 , -79
1737084985457 , c8:a6:08:9a:bb:c1 , -79
1737084985457 , c8:a6:08:5a:fe:71 , -87
1737084985457 , c8:a6:08:5a:fe:70 , -86
1737084985457 , c8:a6:08:5a:fc:91 , -87
1737084985457 , c8:a6:08:5a:bb:c1 , -77
1737084985457 , c8:a6:08:5a:bb:c4 , -76
1737084985457 , c8:a6:08:9a:bb:c0 , -79
1737084985457 , c8:a6:08:5a:bb:c0 , -76
1737084985457 , c8:a6:08:9b:16:04 , -61
1737084985457 , 74:03:bd:ef:8a:10 , -90
1737084985457 , c8:a6:08:9b:16:01 , -61
1737084985457 , c8:a6:08:5b:16:00 , -60
1737084985457 , c8:a6:08:9b:16:00 , -61
1737084985457 , 96:f8:4a:36:a6:a8 , -93
1737084985457 , c8:a6:08:5a:bb:81 , -82
1737084985457 , c8:a6:08:9a:bc:10 , -69
1737084985457 , c8:a6:08:5a:bb:80 , -82
1737084985457 , c8:a6:08:9a:bc:11 , -69
1737084985457 , c8:a6:08:9a:bc:14 , -72
1737084985457 , c8:a6:08:9a:bb:80 , -75
1737084985457 , c8:a6:08:5a:bc:11 , -74
1737084985457 , c8:a6:08:9a:bb:81 , -75
1737084985457 , c8:a6:08:5a:bc:10 , -74
1737084985457 , c8:a6:08:9a:bb:84 , -75
1737084985457 , 60:84:bd:de:7c:67 , -60
1737084985457 , c8:a6:08:5a:bb:84 , -84
1737084985457 , c0:25:a2:a7:2e:2b , -47
1737084985457 , c0:25:a2:a7:2e:2a , -58
1737084985457 , 60:84:bd:de:7c:60 , -52
1737084985457 , c8:a6:08:9a:b7:01 , -93
1737084985457 , c8:a6:08:9b:16:24 , -47
1737084985457 , c0:25:a2:a7:2e:27 , -70
1737084985457 , 74:03:bd:8b:7c:b7 , -90
1737084985457 , c0:25:a2:a7:2e:26 , -65
1737084985457 , c0:25:a2:a9:b1:4f , -53
1737084985457 , c8:a6:08:5b:16:24 , -59
1737084985457 , c8:a6:08:9b:15:51 , -80
1737084985457 , c8:a6:08:9b:15:50 , -80
1737084985457 , 84:af:ec:86:f0:60 , -78
1737084985457 , c8:a6:08:9b:16:21 , -47
1737084985457 , c8:a6:08:5b:16:21 , -58
1737084985457 , c8:a6:08:9b:16:20 , -47
1737084985457 , c8:a6:08:5b:16:20 , -59
1737084985457 , c8:a6:08:9b:15:54 , -80
1737084985457 , c8:a6:08:9a:bb:b0 , -94
1737084985457 , c8:a6:08:5a:bc:14 , -73
1737084986484 , c8:a6:08:9a:fe:71 , -88
1737084986484 , c8:a6:08:9a:fe:70 , -88
1737084986484 , c8:a6:08:9a:fe:74 , -89
1737084986484 , 84:af:ec:86:f0:70 , -85
1737084986484 , ac:44:f2:8c:e8:a8 , -86
1737084986484 , c8:a6:08:9a:bb:c4 , -79
1737084986484 , c8:a6:08:9a:bb:c1 , -79
1737084986484 , c8:a6:08:5a:fe:71 , -87
1737084986484 , c8:a6:08:5a:fe:70 , -86
1737084986484 , c8:a6:08:5a:fc:91 , -87
1737084986484 , c8:a6:08:5a:bb:c1 , -77
1737084986484 , c8:a6:08:5a:bb:c4 , -76
1737084986484 , c8:a6:08:9a:bb:c0 , -79
1737084986484 , c8:a6:08:5a:bb:c0 , -76
1737084986484 , c8:a6:08:9b:16:04 , -61
1737084986484 , 74:03:bd:ef:8a:10 , -90
1737084986484 , c8:a6:08:9b:16:01 , -61
1737084986484 , c8:a6:08:5b:16:00 , -60
1737084986484 , c8:a6:08:9b:16:00 , -61
1737084986484 , 96:f8:4a:36:a6:a8 , -93
1737084986484 , c8:a6:08:5a:bb:81 , -82
1737084986484 , c8:a6:08:9a:bc:10 , -69
1737084986484 , c8:a6:08:5a:bb:80 , -82
1737084986484 , c8:a6:08:9a:bc:11 , -69
1737084986484 , c8:a6:08:9a:bc:14 , -72
1737084986484 , c8:a6:08:9a:bb:80 , -75
1737084986484 , c8:a6:08:5a:bc:11 , -74
1737084986484 , c8:a6:08:9a:bb:81 , -75
1737084986484 , c8:a6:08:5a:bc:10 , -74
1737084986484 , c8:a6:08:9a:bb:84 , -75
1737084986484 , 60:84:bd:de:7c:67 , -60
1737084986484 , c8:a6:08:5a:bb:84 , -84
1737084986484 , c0:25:a2:a7:2e:2b , -47
1737084986484 , c0:25:a2:a7:2e:2a , -58
1737084986484 , 60:84:bd:de:7c:60 , -52
1737084986484 , c8:a6:08:9a:b7:01 , -93
1737084986484 , c8:a6:08:9b:16:24 , -47
1737084986484 , c0:25:a2:a7:2e:27 , -70
1737084986484 , 74:03:bd:8b:7c:b7 , -90
1737084986484 , c0:25:a2:a7:2e:26 , -65
1737084986484 , c0:25:a2:a9:b1:4f , -53
1737084986484 , c8:a6:08:5b:16:24 , -59
1737084986484 , c8:a6:08:9b:15:51 , -80
1737084986484 , c8:a6:08:9b:15:50 , -80
1737084986484 , 84:af:ec:86:f0:60 , -78
1737084986484 , c8:a6:08:9b:16:21 , -47
1737084986484 , c8:a6:08:5b:16:21 , -58
1737084986484 , c8:a6:08:9b:16:20 , -47
1737084986484 , c8:a6:08:5b:16:20 , -59
1737084986484 , c8:a6:08:9b:15:54 , -80
1737084986484 , c8:a6:08:9a:bb:b0 , -94
1737084986484 , c8:a6:08:5a:bc:14 , -73
1737084987485 , c8:a6:08:9a:fe:71 , -88
1737084987485 , c8:a6:08:9a:fe:70 , -88
1737084987485 , c8:a6:08:9a:fe:74 , -89
1737084987485 , 84:af:ec:86:f0:70 , -85
1737084987485 , ac:44:f2:8c:e8:a8 , -86
1737084987485 , c8:a6:08:9a:bb:c4 , -79
1737084987485 , c8:a6:08:9a:bb:c1 , -79
1737084987485 , c8:a6:08:5a:fe:71 , -87
1737084987485 , c8:a6:08:5a:fe:70 , -86
1737084987485 , c8:a6:08:5a:fc:91 , -87
1737084987485 , c8:a6:08:5a:bb:c1 , -77
1737084987485 , c8:a6:08:5a:bb:c4 , -76
1737084987485 , c8:a6:08:9a:bb:c0 , -79
1737084987485 , c8:a6:08:5a:bb:c0 , -76
1737084987485 , c8:a6:08:9b:16:04 , -61
1737084987485 , 74:03:bd:ef:8a:10 , -90
1737084987485 , c8:a6:08:9b:16:01 , -61
1737084987485 , c8:a6:08:5b:16:00 , -60
1737084987485 , c8:a6:08:9b:16:00 , -61
1737084987485 , 96:f8:4a:36:a6:a8 , -93
1737084987485 , c8:a6:08:5a:bb:81 , -82
1737084987485 , c8:a6:08:9a:bc:10 , -69
1737084987485 , c8:a6:08:5a:bb:80 , -82
1737084987485 , c8:a6:08:9a:bc:11 , -69
1737084987485 , c8:a6:08:9a:bc:14 , -72
1737084987485 , c8:a6:08:9a:bb:80 , -75
1737084987485 , c8:a6:08:5a:bc:11 , -74
1737084987485 , c8:a6:08:9a:bb:81 , -75
1737084987485 , c8:a6:08:5a:bc:10 , -74
1737084987485 , c8:a6:08:9a:bb:84 , -75
1737084987485 , 60:84:bd:de:7c:67 , -60
1737084987485 , c8:a6:08:5a:bb:84 , -84
1737084987485 , c0:25:a2:a7:2e:2b , -47
1737084987485 , c0:25:a2:a7:2e:2a , -58
1737084987485 , 60:84:bd:de:7c:60 , -52
1737084987485 , c8:a6:08:9a:b7:01 , -93
1737084987485 , c8:a6:08:9b:16:24 , -47
1737084987485 , c0:25:a2:a7:2e:27 , -70
1737084987485 , 74:03:bd:8b:7c:b7 , -90
1737084987485 , c0:25:a2:a7:2e:26 , -65
1737084987485 , c0:25:a2:a9:b1:4f , -53
1737084987485 , c8:a6:08:5b:16:24 , -59
1737084987485 , c8:a6:08:9b:15:51 , -80
1737084987485 , c8:a6:08:9b:15:50 , -80
1737084987485 , 84:af:ec:86:f0:60 , -78
1737084987485 , c8:a6:08:9b:16:21 , -47
1737084987485 , c8:a6:08:5b:16:21 , -58
1737084987485 , c8:a6:08:9b:16:20 , -47
1737084987485 , c8:a6:08:5b:16:20 , -59
1737084987485 , c8:a6:08:9b:15:54 , -80
1737084987485 , c8:a6:08:9a:bb:b0 , -94
1737084987485 , c8:a6:08:5a:bc:14 , -73
1737084988492 , c8:a6:08:9a:fe:71 , -88
1737084988492 , c8:a6:08:9a:fe:70 , -88
1737084988492 , c8:a6:08:9a:fe:74 , -89
1737084988492 , 84:af:ec:86:f0:70 , -85
1737084988492 , ac:44:f2:8c:e8:a8 , -86
1737084988492 , c8:a6:08:9a:bb:c4 , -79
1737084988492 , c8:a6:08:9a:bb:c1 , -79
1737084988492 , c8:a6:08:5a:fe:71 , -87
1737084988492 , c8:a6:08:5a:fe:70 , -86
1737084988492 , c8:a6:08:5a:fc:91 , -87
1737084988492 , c8:a6:08:5a:bb:c1 , -77
1737084988492 , c8:a6:08:5a:bb:c4 , -76
1737084988492 , c8:a6:08:9a:bb:c0 , -79
1737084988492 , c8:a6:08:5a:bb:c0 , -76
1737084988492 , c8:a6:08:9b:16:04 , -61
1737084988492 , 74:03:bd:ef:8a:10 , -90
1737084988492 , c8:a6:08:9b:16:01 , -61
1737084988492 , c8:a6:08:5b:16:00 , -60
1737084988492 , c8:a6:08:9b:16:00 , -61
1737084988492 , 96:f8:4a:36:a6:a8 , -93
1737084988492 , c8:a6:08:5a:bb:81 , -82
1737084988492 , c8:a6:08:9a:bc:10 , -69
1737084988492 , c8:a6:08:5a:bb:80 , -82
1737084988492 , c8:a6:08:9a:bc:11 , -69
1737084988492 , c8:a6:08:9a:bc:14 , -72
1737084988492 , c8:a6:08:9a:bb:80 , -75
1737084988492 , c8:a6:08:5a:bc:11 , -74
1737084988492 , c8:a6:08:9a:bb:81 , -75
1737084988492 , c8:a6:08:5a:bc:10 , -74
1737084988492 , c8:a6:08:9a:bb:84 , -75
1737084988492 , 60:84:bd:de:7c:67 , -60
1737084988492 , c8:a6:08:5a:bb:84 , -84
1737084988492 , c0:25:a2:a7:2e:2b , -47
1737084988492 , c0:25:a2:a7:2e:2a , -58
1737084988492 , 60:84:bd:de:7c:60 , -52
1737084988492 , c8:a6:08:9a:b7:01 , -93
1737084988492 , c8:a6:08:9b:16:24 , -47
1737084988492 , c0:25:a2:a7:2e:27 , -70
1737084988492 , 74:03:bd:8b:7c:b7 , -90
1737084988492 , c0:25:a2:a7:2e:26 , -65
1737084988492 , c0:25:a2:a9:b1:4f , -53
1737084988492 , c8:a6:08:5b:16:24 , -59
1737084988492 , c8:a6:08:9b:15:51 , -80
1737084988492 , c8:a6:08:9b:15:50 , -80
1737084988492 , 84:af:ec:86:f0:60 , -78
1737084988492 , c8:a6:08:9b:16:21 , -47
1737084988492 , c8:a6:08:5b:16:21 , -58
1737084988492 , c8:a6:08:9b:16:20 , -47
1737084988492 , c8:a6:08:5b:16:20 , -59
1737084988492 , c8:a6:08:9b:15:54 , -80
1737084988492 , c8:a6:08:9a:bb:b0 , -94
1737084988492 , c8:a6:08:5a:bc:14 , -73
1737084989503 , c8:a6:08:9a:fe:71 , -88
1737084989503 , c8:a6:08:9a:fe:70 , -88
1737084989503 , c8:a6:08:9a:fe:74 , -89
1737084989503 , 84:af:ec:86:f0:70 , -85
1737084989503 , ac:44:f2:8c:e8:a8 , -86
1737084989503 , c8:a6:08:9a:bb:c4 , -79
1737084989503 , c8:a6:08:9a:bb:c1 , -79
1737084989503 , c8:a6:08:5a:fe:71 , -87
1737084989503 , c8:a6:08:5a:fe:70 , -86
1737084989503 , c8:a6:08:5a:fc:91 , -87
1737084989503 , c8:a6:08:5a:bb:c1 , -77
1737084989503 , c8:a6:08:5a:bb:c4 , -76
1737084989503 , c8:a6:08:9a:bb:c0 , -79
1737084989503 , c8:a6:08:5a:bb:c0 , -76
1737084989503 , c8:a6:08:9b:16:04 , -61
1737084989503 , 74:03:bd:ef:8a:10 , -90
1737084989503 , c8:a6:08:9b:16:01 , -61
1737084989503 , c8:a6:08:5b:16:00 , -60
1737084989503 , c8:a6:08:9b:16:00 , -61
1737084989503 , 96:f8:4a:36:a6:a8 , -93
1737084989503 , c8:a6:08:5a:bb:81 , -82
1737084989503 , c8:a6:08:9a:bc:10 , -69
1737084989503 , c8:a6:08:5a:bb:80 , -82
1737084989503 , c8:a6:08:9a:bc:11 , -69
1737084989503 , c8:a6:08:9a:bc:14 , -72
1737084989503 , c8:a6:08:9a:bb:80 , -75
1737084989503 , c8:a6:08:5a:bc:11 , -74
1737084989503 , c8:a6:08:9a:bb:81 , -75
1737084989503 , c8:a6:08:5a:bc:10 , -74
1737084989503 , c8:a6:08:9a:bb:84 , -75
1737084989503 , 60:84:bd:de:7c:67 , -60
1737084989503 , c8:a6:08:5a:bb:84 , -84
1737084989503 , c0:25:a2:a7:2e:2b , -47
1737084989503 , c0:25:a2:a7:2e:2a , -58
1737084989503 , 60:84:bd:de:7c:60 , -52
1737084989503 , c8:a6:08:9a:b7:01 , -93
1737084989503 , c8:a6:08:9b:16:24 , -47
1737084989503 , c0:25:a2:a7:2e:27 , -70
1737084989503 , 74:03:bd:8b:7c:b7 , -90
1737084989503 , c0:25:a2:a7:2e:26 , -65
1737084989503 , c0:25:a2:a9:b1:4f , -53
1737084989503 , c8:a6:08:5b:16:24 , -59
1737084989503 , c8:a6:08:9b:15:51 , -80
1737084989503 , c8:a6:08:9b:15:50 , -80
1737084989503 , 84:af:ec:86:f0:60 , -78
1737084989503 , c8:a6:08:9b:16:21 , -47
1737084989503 , c8:a6:08:5b:16:21 , -58
1737084989503 , c8:a6:08:9b:16:20 , -47
1737084989503 , c8:a6:08:5b:16:20 , -59
1737084989503 , c8:a6:08:9b:15:54 , -80
1737084989503 , c8:a6:08:9a:bb:b0 , -94
1737084989503 , c8:a6:08:5a:bc:14 , -73
1737084990526 , c8:a6:08:9a:fe:71 , -88
1737084990526 , c8:a6:08:9a:fe:70 , -88
1737084990526 , c8:a6:08:9a:fe:74 , -89
1737084990526 , 84:af:ec:86:f0:70 , -85
1737084990526 , ac:44:f2:8c:e8:a8 , -86
1737084990526 , c8:a6:08:9a:bb:c4 , -79
1737084990526 , c8:a6:08:9a:bb:c1 , -79
1737084990526 , c8:a6:08:5a:fe:71 , -87
1737084990526 , c8:a6:08:5a:fe:70 , -86
1737084990526 , c8:a6:08:5a:fc:91 , -87
1737084990526 , c8:a6:08:5a:bb:c1 , -77
1737084990526 , c8:a6:08:5a:bb:c4 , -76
1737084990526 , c8:a6:08:9a:bb:c0 , -79
1737084990526 , c8:a6:08:5a:bb:c0 , -76
1737084990526 , c8:a6:08:9b:16:04 , -61
1737084990526 , 74:03:bd:ef:8a:10 , -90
1737084990526 , c8:a6:08:9b:16:01 , -61
1737084990526 , c8:a6:08:5b:16:00 , -60
1737084990526 , c8:a6:08:9b:16:00 , -61
1737084990526 , 96:f8:4a:36:a6:a8 , -93
1737084990526 , c8:a6:08:5a:bb:81 , -82
1737084990526 , c8:a6:08:9a:bc:10 , -69
1737084990526 , c8:a6:08:5a:bb:80 , -82
1737084990526 , c8:a6:08:9a:bc:11 , -69
1737084990526 , c8:a6:08:9a:bc:14 , -72
1737084990526 , c8:a6:08:9a:bb:80 , -75
1737084990526 , c8:a6:08:5a:bc:11 , -74
1737084990526 , c8:a6:08:9a:bb:81 , -75
1737084990526 , c8:a6:08:5a:bc:10 , -74
1737084990526 , c8:a6:08:9a:bb:84 , -75
1737084990526 , 60:84:bd:de:7c:67 , -60
1737084990526 , c8:a6:08:5a:bb:84 , -84
1737084990526 , c0:25:a2:a7:2e:2b , -47
1737084990526 , c0:25:a2:a7:2e:2a , -58
1737084990526 , 60:84:bd:de:7c:60 , -52
1737084990526 , c8:a6:08:9a:b7:01 , -93
1737084990526 , c8:a6:08:9b:16:24 , -47
1737084990526 , c0:25:a2:a7:2e:27 , -70
1737084990526 , 74:03:bd:8b:7c:b7 , -90
1737084990526 , c0:25:a2:a7:2e:26 , -65
1737084990526 , c0:25:a2:a9:b1:4f , -53
1737084990526 , c8:a6:08:5b:16:24 , -59
1737084990526 , c8:a6:08:9b:15:51 , -80
1737084990526 , c8:a6:08:9b:15:50 , -80
1737084990526 , 84:af:ec:86:f0:60 , -78
1737084990526 , c8:a6:08:9b:16:21 , -47
1737084990526 , c8:a6:08:5b:16:21 , -58
1737084990526 , c8:a6:08:9b:16:20 , -47
1737084990526 , c8:a6:08:5b:16:20 , -59
1737084990526 , c8:a6:08:9b:15:54 , -80
1737084990526 , c8:a6:08:9a:bb:b0 , -94
1737084990526 , c8:a6:08:5a:bc:14 , -73
1737084991539 , c8:a6:08:9a:fe:71 , -88
1737084991539 , c8:a6:08:9a:fe:70 , -88
1737084991539 , c8:a6:08:9a:fe:74 , -89
1737084991539 , 84:af:ec:86:f0:70 , -85
1737084991539 , ac:44:f2:8c:e8:a8 , -86
1737084991539 , c8:a6:08:9a:bb:c4 , -79
1737084991539 , c8:a6:08:9a:bb:c1 , -79
1737084991539 , c8:a6:08:5a:fe:71 , -87
1737084991539 , c8:a6:08:5a:fe:70 , -86
1737084991539 , c8:a6:08:5a:fc:91 , -87
1737084991539 , c8:a6:08:5a:bb:c1 , -77
1737084991539 , c8:a6:08:5a:bb:c4 , -76
1737084991539 , c8:a6:08:9a:bb:c0 , -79
1737084991539 , c8:a6:08:5a:bb:c0 , -76
1737084991539 , c8:a6:08:9b:16:04 , -61
1737084991539 , 74:03:bd:ef:8a:10 , -90
1737084991539 , c8:a6:08:9b:16:01 , -61
1737084991539 , c8:a6:08:5b:16:00 , -60
1737084991539 , c8:a6:08:9b:16:00 , -61
1737084991539 , 96:f8:4a:36:a6:a8 , -93
1737084991539 , c8:a6:08:5a:bb:81 , -82
1737084991539 , c8:a6:08:9a:bc:10 , -69
1737084991539 , c8:a6:08:5a:bb:80 , -82
1737084991539 , c8:a6:08:9a:bc:11 , -69
1737084991539 , c8:a6:08:9a:bc:14 , -72
1737084991539 , c8:a6:08:9a:bb:80 , -75
1737084991539 , c8:a6:08:5a:bc:11 , -74
1737084991539 , c8:a6:08:9a:bb:81 , -75
1737084991539 , c8:a6:08:5a:bc:10 , -74
1737084991539 , c8:a6:08:9a:bb:84 , -75
1737084991539 , 60:84:bd:de:7c:67 , -60
1737084991539 , c8:a6:08:5a:bb:84 , -84
1737084991539 , c0:25:a2:a7:2e:2b , -47
1737084991539 , c0:25:a2:a7:2e:2a , -58
1737084991539 , 60:84:bd:de:7c:60 , -52
1737084991539 , c8:a6:08:9a:b7:01 , -93
1737084991539 , c8:a6:08:9b:16:24 , -47
1737084991539 , c0:25:a2:a7:2e:27 , -70
1737084991539 , 74:03:bd:8b:7c:b7 , -90
1737084991539 , c0:25:a2:a7:2e:26 , -65
1737084991539 , c0:25:a2:a9:b1:4f , -53
1737084991539 , c8:a6:08:5b:16:24 , -59
1737084991539 , c8:a6:08:9b:15:51 , -80
1737084991539 , c8:a6:08:9b:15:50 , -80
1737084991539 , 84:af:ec:86:f0:60 , -78
1737084991539 , c8:a6:08:9b:16:21 , -47
1737084991539 , c8:a6:08:5b:16:21 , -58
1737084991539 , c8:a6:08:9b:16:20 , -47
1737084991539 , c8:a6:08:5b:16:20 , -59
1737084991539 , c8:a6:08:9b:15:54 , -80
1737084991539 , c8:a6:08:9a:bb:b0 , -94
1737084991539 , c8:a6:08:5a:bc:14 , -73
1737084992539 , c8:a6:08:9a:fe:71 , -88
1737084992539 , c8:a6:08:9a:fe:70 , -88
1737084992539 , c8:a6:08:9a:fe:74 , -89
1737084992539 , 84:af:ec:86:f0:70 , -85
1737084992539 , ac:44:f2:8c:e8:a8 , -86
1737084992539 , c8:a6:08:9a:bb:c4 , -79
1737084992539 , c8:a6:08:9a:bb:c1 , -79
1737084992539 , c8:a6:08:5a:fe:71 , -87
1737084992539 , c8:a6:08:5a:fe:70 , -86
1737084992539 , c8:a6:08:5a:fc:91 , -87
1737084992539 , c8:a6:08:5a:bb:c1 , -77
1737084992539 , c8:a6:08:5a:bb:c4 , -76
1737084992539 , c8:a6:08:9a:bb:c0 , -79
1737084992539 , c8:a6:08:5a:bb:c0 , -76
1737084992539 , c8:a6:08:9b:16:04 , -61
1737084992539 , 74:03:bd:ef:8a:10 , -90
1737084992539 , c8:a6:08:9b:16:01 , -61
1737084992539 , c8:a6:08:5b:16:00 , -60
1737084992539 , c8:a6:08:9b:16:00 , -61
1737084992539 , 96:f8:4a:36:a6:a8 , -93
1737084992539 , c8:a6:08:5a:bb:81 , -82
1737084992539 , c8:a6:08:9a:bc:10 , -69
1737084992539 , c8:a6:08:5a:bb:80 , -82
1737084992539 , c8:a6:08:9a:bc:11 , -69
1737084992539 , c8:a6:08:9a:bc:14 , -72
1737084992539 , c8:a6:08:9a:bb:80 , -75
1737084992539 , c8:a6:08:5a:bc:11 , -74
1737084992539 , c8:a6:08:9a:bb:81 , -75
1737084992539 , c8:a6:08:5a:bc:10 , -74
1737084992539 , c8:a6:08:9a:bb:84 , -75
1737084992539 , 60:84:bd:de:7c:67 , -60
1737084992539 , c8:a6:08:5a:bb:84 , -84
1737084992539 , c0:25:a2:a7:2e:2b , -47
1737084992539 , c0:25:a2:a7:2e:2a , -58
1737084992539 , 60:84:bd:de:7c:60 , -52
1737084992539 , c8:a6:08:9a:b7:01 , -93
1737084992539 , c8:a6:08:9b:16:24 , -47
1737084992539 , c0:25:a2:a7:2e:27 , -70
1737084992539 , 74:03:bd:8b:7c:b7 , -90
1737084992539 , c0:25:a2:a7:2e:26 , -65
1737084992539 , c0:25:a2:a9:b1:4f , -53
1737084992539 , c8:a6:08:5b:16:24 , -59
1737084992539 , c8:a6:08:9b:15:51 , -80
1737084992539 , c8:a6:08:9b:15:50 , -80
1737084992539 , 84:af:ec:86:f0:60 , -78
1737084992539 , c8:a6:08:9b:16:21 , -47
1737084992539 , c8:a6:08:5b:16:21 , -58
1737084992539 , c8:a6:08:9b:16:20 , -47
1737084992539 , c8:a6:08:5b:16:20 , -59
1737084992539 , c8:a6:08:9b:15:54 , -80
1737084992539 , c8:a6:08:9a:bb:b0 , -94
1737084992539 , c8:a6:08:5a:bc:14 , -73
1737084993541 , c8:a6:08:9a:fe:71 , -88
1737084993541 , c8:a6:08:9a:fe:70 , -88
1737084993541 , c8:a6:08:9a:fe:74 , -89
1737084993541 , 84:af:ec:86:f0:70 , -85
1737084993541 , ac:44:f2:8c:e8:a8 , -86
1737084993541 , c8:a6:08:9a:bb:c4 , -79
1737084993541 , c8:a6:08:9a:bb:c1 , -79
1737084993541 , c8:a6:08:5a:fe:71 , -87
1737084993541 , c8:a6:08:5a:fe:70 , -86
1737084993541 , c8:a6:08:5a:fc:91 , -87
1737084993541 , c8:a6:08:5a:bb:c1 , -77
1737084993541 , c8:a6:08:5a:bb:c4 , -76
1737084993541 , c8:a6:08:9a:bb:c0 , -79
1737084993541 , c8:a6:08:5a:bb:c0 , -76
1737084993541 , c8:a6:08:9b:16:04 , -61
1737084993541 , 74:03:bd:ef:8a:10 , -90
1737084993541 , c8:a6:08:9b:16:01 , -61
1737084993541 , c8:a6:08:5b:16:00 , -60
1737084993541 , c8:a6:08:9b:16:00 , -61
1737084993541 , 96:f8:4a:36:a6:a8 , -93
1737084993541 , c8:a6:08:5a:bb:81 , -82
1737084993541 , c8:a6:08:9a:bc:10 , -69
1737084993541 , c8:a6:08:5a:bb:80 , -82
1737084993541 , c8:a6:08:9a:bc:11 , -69
1737084993541 , c8:a6:08:9a:bc:14 , -72
1737084993541 , c8:a6:08:9a:bb:80 , -75
1737084993541 , c8:a6:08:5a:bc:11 , -74
1737084993541 , c8:a6:08:9a:bb:81 , -75
1737084993541 , c8:a6:08:5a:bc:10 , -74
1737084993541 , c8:a6:08:9a:bb:84 , -75
1737084993541 , 60:84:bd:de:7c:67 , -60
1737084993541 , c8:a6:08:5a:bb:84 , -84
1737084993541 , c0:25:a2:a7:2e:2b , -47
1737084993541 , c0:25:a2:a7:2e:2a , -58
1737084993541 , 60:84:bd:de:7c:60 , -52
1737084993541 , c8:a6:08:9a:b7:01 , -93
1737084993541 , c8:a6:08:9b:16:24 , -47
1737084993541 , c0:25:a2:a7:2e:27 , -70
1737084993541 , 74:03:bd:8b:7c:b7 , -90
1737084993541 , c0:25:a2:a7:2e:26 , -65
1737084993541 , c0:25:a2:a9:b1:4f , -53
1737084993541 , c8:a6:08:5b:16:24 , -59
1737084993541 , c8:a6:08:9b:15:51 , -80
1737084993541 , c8:a6:08:9b:15:50 , -80
1737084993541 , 84:af:ec:86:f0:60 , -78
1737084993541 , c8:a6:08:9b:16:21 , -47
1737084993541 , c8:a6:08:5b:16:21 , -58
1737084993541 , c8:a6:08:9b:16:20 , -47
1737084993541 , c8:a6:08:5b:16:20 , -59
1737084993541 , c8:a6:08:9b:15:54 , -80
1737084993541 , c8:a6:08:9a:bb:b0 , -94
1737084993541 , c8:a6:08:5a:bc:14 , -73
1737084994551 , c8:a6:08:9a:fe:71 , -88
1737084994551 , c8:a6:08:9a:fe:70 , -88
1737084994551 , c8:a6:08:9a:fe:74 , -89
1737084994551 , 84:af:ec:86:f0:70 , -85
1737084994551 , ac:44:f2:8c:e8:a8 , -86
1737084994551 , c8:a6:08:9a:bb:c4 , -79
1737084994551 , c8:a6:08:9a:bb:c1 , -79
1737084994551 , c8:a6:08:5a:fe:71 , -87
1737084994551 , c8:a6:08:5a:fe:70 , -86
1737084994551 , c8:a6:08:5a:fc:91 , -87
1737084994551 , c8:a6:08:5a:bb:c1 , -77
1737084994551 , c8:a6:08:5a:bb:c4 , -76
1737084994551 , c8:a6:08:9a:bb:c0 , -79
1737084994551 , c8:a6:08:5a:bb:c0 , -76
1737084994551 , c8:a6:08:9b:16:04 , -61
1737084994551 , 74:03:bd:ef:8a:10 , -90
1737084994551 , c8:a6:08:9b:16:01 , -61
1737084994551 , c8:a6:08:5b:16:00 , -60
1737084994551 , c8:a6:08:9b:16:00 , -61
1737084994551 , 96:f8:4a:36:a6:a8 , -93
1737084994551 , c8:a6:08:5a:bb:81 , -82
1737084994551 , c8:a6:08:9a:bc:10 , -69
1737084994551 , c8:a6:08:5a:bb:80 , -82
1737084994551 , c8:a6:08:9a:bc:11 , -69
1737084994551 , c8:a6:08:9a:bc:14 , -72
1737084994551 , c8:a6:08:9a:bb:80 , -75
1737084994551 , c8:a6:08:5a:bc:11 , -74
1737084994551 , c8:a6:08:9a:bb:81 , -75
1737084994551 , c8:a6:08:5a:bc:10 , -74
1737084994551 , c8:a6:08:9a:bb:84 , -75
1737084994551 , 60:84:bd:de:7c:67 , -60
1737084994551 , c8:a6:08:5a:bb:84 , -84
1737084994551 , c0:25:a2:a7:2e:2b , -47
1737084994551 , c0:25:a2:a7:2e:2a , -58
1737084994551 , 60:84:bd:de:7c:60 , -52
1737084994551 , c8:a6:08:9a:b7:01 , -93
1737084994551 , c8:a6:08:9b:16:24 , -47
1737084994551 , c0:25:a2:a7:2e:27 , -70
1737084994551 , 74:03:bd:8b:7c:b7 , -90
1737084994551 , c0:25:a2:a7:2e:26 , -65
1737084994551 , c0:25:a2:a9:b1:4f , -53
1737084994551 , c8:a6:08:5b:16:24 , -59
1737084994551 , c8:a6:08:9b:15:51 , -80
1737084994551 , c8:a6:08:9b:15:50 , -80
1737084994551 , 84:af:ec:86:f0:60 , -78
1737084994551 , c8:a6:08:9b:16:21 , -47
1737084994551 , c8:a6:08:5b:16:21 , -58
1737084994551 , c8:a6:08:9b:16:20 , -47
1737084994551 , c8:a6:08:5b:16:20 , -59
1737084994551 , c8:a6:08:9b:15:54 , -80
1737084994551 , c8:a6:08:9a:bb:b0 , -94
1737084994551 , c8:a6:08:5a:bc:14 , -73
1737084995567 , c8:a6:08:9a:fe:71 , -88
1737084995567 , c8:a6:08:9a:fe:70 , -88
1737084995567 , c8:a6:08:9a:fe:74 , -89
1737084995567 , 84:af:ec:86:f0:70 , -85
1737084995567 , ac:44:f2:8c:e8:a8 , -86
1737084995567 , c8:a6:08:9a:bb:c4 , -79
1737084995567 , c8:a6:08:9a:bb:c1 , -79
1737084995567 , c8:a6:08:5a:fe:71 , -87
1737084995567 , c8:a6:08:5a:fe:70 , -86
1737084995567 , c8:a6:08:5a:fc:91 , -87
1737084995567 , c8:a6:08:5a:bb:c1 , -77
1737084995567 , c8:a6:08:5a:bb:c4 , -76
1737084995567 , c8:a6:08:9a:bb:c0 , -79
1737084995567 , c8:a6:08:5a:bb:c0 , -76
1737084995567 , c8:a6:08:9b:16:04 , -61
1737084995567 , 74:03:bd:ef:8a:10 , -90
1737084995567 , c8:a6:08:9b:16:01 , -61
1737084995567 , c8:a6:08:5b:16:00 , -60
1737084995567 , c8:a6:08:9b:16:00 , -61
1737084995567 , 96:f8:4a:36:a6:a8 , -93
1737084995567 , c8:a6:08:5a:bb:81 , -82
1737084995567 , c8:a6:08:9a:bc:10 , -69
1737084995567 , c8:a6:08:5a:bb:80 , -82
1737084995567 , c8:a6:08:9a:bc:11 , -69
1737084995567 , c8:a6:08:9a:bc:14 , -72
1737084995567 , c8:a6:08:9a:bb:80 , -75
1737084995567 , c8:a6:08:5a:bc:11 , -74
1737084995567 , c8:a6:08:9a:bb:81 , -75
1737084995567 , c8:a6:08:5a:bc:10 , -74
1737084995567 , c8:a6:08:9a:bb:84 , -75
1737084995567 , 60:84:bd:de:7c:67 , -60
1737084995567 , c8:a6:08:5a:bb:84 , -84
1737084995567 , c0:25:a2:a7:2e:2b , -47
1737084995567 , c0:25:a2:a7:2e:2a , -58
1737084995567 , 60:84:bd:de:7c:60 , -52
1737084995567 , c8:a6:08:9a:b7:01 , -93
1737084995567 , c8:a6:08:9b:16:24 , -47
1737084995567 , c0:25:a2:a7:2e:27 , -70
1737084995567 , 74:03:bd:8b:7c:b7 , -90
1737084995567 , c0:25:a2:a7:2e:26 , -65
1737084995567 , c0:25:a2:a9:b1:4f , -53
1737084995567 , c8:a6:08:5b:16:24 , -59
1737084995567 , c8:a6:08:9b:15:51 , -80
1737084995567 , c8:a6:08:9b:15:50 , -80
1737084995567 , 84:af:ec:86:f0:60 , -78
1737084995567 , c8:a6:08:9b:16:21 , -47
1737084995567 , c8:a6:08:5b:16:21 , -58
1737084995567 , c8:a6:08:9b:16:20 , -47
1737084995567 , c8:a6:08:5b:16:20 , -59
1737084995567 , c8:a6:08:9b:15:54 , -80
1737084995567 , c8:a6:08:9a:bb:b0 , -94
1737084995567 , c8:a6:08:5a:bc:14 , -73
1737084996582 , c8:a6:08:9a:fe:71 , -88
1737084996582 , c8:a6:08:9a:fe:70 , -88
1737084996582 , c8:a6:08:9a:fe:74 , -89
1737084996582 , 84:af:ec:86:f0:70 , -85
1737084996582 , ac:44:f2:8c:e8:a8 , -86
1737084996582 , c8:a6:08:9a:bb:c4 , -79
1737084996582 , c8:a6:08:9a:bb:c1 , -79
1737084996582 , c8:a6:08:5a:fe:71 , -87
1737084996582 , c8:a6:08:5a:fe:70 , -86
1737084996582 , c8:a6:08:5a:fc:91 , -87
1737084996582 , c8:a6:08:5a:bb:c1 , -77
1737084996582 , c8:a6:08:5a:bb:c4 , -76
1737084996582 , c8:a6:08:9a:bb:c0 , -79
1737084996582 , c8:a6:08:5a:bb:c0 , -76
1737084996582 , c8:a6:08:9b:16:04 , -61
1737084996582 , 74:03:bd:ef:8a:10 , -90
1737084996582 , c8:a6:08:9b:16:01 , -61
1737084996582 , c8:a6:08:5b:16:00 , -60
1737084996582 , c8:a6:08:9b:16:00 , -61
1737084996582 , 96:f8:4a:36:a6:a8 , -93
1737084996582 , c8:a6:08:5a:bb:81 , -82
1737084996582 , c8:a6:08:9a:bc:10 , -69
1737084996582 , c8:a6:08:5a:bb:80 , -82
1737084996582 , c8:a6:08:9a:bc:11 , -69
1737084996582 , c8:a6:08:9a:bc:14 , -72
1737084996582 , c8:a6:08:9a:bb:80 , -75
1737084996582 , c8:a6:08:5a:bc:11 , -74
1737084996582 , c8:a6:08:9a:bb:81 , -75
1737084996582 , c8:a6:08:5a:bc:10 , -74
1737084996582 , c8:a6:08:9a:bb:84 , -75
1737084996582 , 60:84:bd:de:7c:67 , -60
1737084996582 , c8:a6:08:5a:bb:84 , -84
1737084996582 , c0:25:a2:a7:2e:2b , -47
1737084996582 , c0:25:a2:a7:2e:2a , -58
1737084996582 , 60:84:bd:de:7c:60 , -52
1737084996582 , c8:a6:08:9a:b7:01 , -93
1737084996582 , c8:a6:08:9b:16:24 , -47
1737084996582 , c0:25:a2:a7:2e:27 , -70
1737084996582 , 74:03:bd:8b:7c:b7 , -90
1737084996582 , c0:25:a2:a7:2e:26 , -65
1737084996582 , c0:25:a2:a9:b1:4f , -53
1737084996582 , c8:a6:08:5b:16:24 , -59
1737084996582 , c8:a6:08:9b:15:51 , -80
1737084996582 , c8:a6:08:9b:15:50 , -80
1737084996582 , 84:af:ec:86:f0:60 , -78
1737084996582 , c8:a6:08:9b:16:21 , -47
1737084996582 , c8:a6:08:5b:16:21 , -58
1737084996582 , c8:a6:08:9b:16:20 , -47
1737084996582 , c8:a6:08:5b:16:20 , -59
1737084996582 , c8:a6:08:9b:15:54 , -80
1737084996582 , c8:a6:08:9a:bb:b0 , -94
1737084996582 , c8:a6:08:5a:bc:14 , -73
1737084997593 , c8:a6:08:9a:fe:71 , -88
1737084997593 , c8:a6:08:9a:fe:70 , -88
1737084997593 , c8:a6:08:9a:fe:74 , -89
1737084997593 , 84:af:ec:86:f0:70 , -85
1737084997593 , ac:44:f2:8c:e8:a8 , -86
1737084997593 , c8:a6:08:9a:bb:c4 , -79
1737084997593 , c8:a6:08:9a:bb:c1 , -79
1737084997593 , c8:a6:08:5a:fe:71 , -87
1737084997593 , c8:a6:08:5a:fe:70 , -86
1737084997593 , c8:a6:08:5a:fc:91 , -87
1737084997593 , c8:a6:08:5a:bb:c1 , -77
1737084997593 , c8:a6:08:5a:bb:c4 , -76
1737084997593 , c8:a6:08:9a:bb:c0 , -79
1737084997593 , c8:a6:08:5a:bb:c0 , -76
1737084997593 , c8:a6:08:9b:16:04 , -61
1737084997593 , 74:03:bd:ef:8a:10 , -90
1737084997593 , c8:a6:08:9b:16:01 , -61
1737084997593 , c8:a6:08:5b:16:00 , -60
1737084997593 , c8:a6:08:9b:16:00 , -61
1737084997593 , 96:f8:4a:36:a6:a8 , -93
1737084997593 , c8:a6:08:5a:bb:81 , -82
1737084997593 , c8:a6:08:9a:bc:10 , -69
1737084997593 , c8:a6:08:5a:bb:80 , -82
1737084997593 , c8:a6:08:9a:bc:11 , -69
1737084997593 , c8:a6:08:9a:bc:14 , -72
1737084997593 , c8:a6:08:9a:bb:80 , -75
1737084997593 , c8:a6:08:5a:bc:11 , -74
1737084997593 , c8:a6:08:9a:bb:81 , -75
1737084997593 , c8:a6:08:5a:bc:10 , -74
1737084997593 , c8:a6:08:9a:bb:84 , -75
1737084997593 , 60:84:bd:de:7c:67 , -60
1737084997593 , c8:a6:08:5a:bb:84 , -84
1737084997593 , c0:25:a2:a7:2e:2b , -47
1737084997593 , c0:25:a2:a7:2e:2a , -58
1737084997593 , 60:84:bd:de:7c:60 , -52
1737084997593 , c8:a6:08:9a:b7:01 , -93
1737084997593 , c8:a6:08:9b:16:24 , -47
1737084997593 , c0:25:a2:a7:2e:27 , -70
1737084997593 , 74:03:bd:8b:7c:b7 , -90
1737084997593 , c0:25:a2:a7:2e:26 , -65
1737084997593 , c0:25:a2:a9:b1:4f , -53
1737084997593 , c8:a6:08:5b:16:24 , -59
1737084997593 , c8:a6:08:9b:15:51 , -80
1737084997593 , c8:a6:08:9b:15:50 , -80
1737084997593 , 84:af:ec:86:f0:60 , -78
1737084997593 , c8:a6:08:9b:16:21 , -47
1737084997593 , c8:a6:08:5b:16:21 , -58
1737084997593 , c8:a6:08:9b:16:20 , -47
1737084997593 , c8:a6:08:5b:16:20 , -59
1737084997593 , c8:a6:08:9b:15:54 , -80
1737084997593 , c8:a6:08:9a:bb:b0 , -94
1737084997593 , c8:a6:08:5a:bc:14 , -73
1737084998614 , c8:a6:08:9a:fe:71 , -88
1737084998614 , c8:a6:08:9a:fe:70 , -88
1737084998614 , c8:a6:08:9a:fe:74 , -89
1737084998614 , 84:af:ec:86:f0:70 , -85
1737084998614 , ac:44:f2:8c:e8:a8 , -86
1737084998614 , c8:a6:08:9a:bb:c4 , -79
1737084998614 , c8:a6:08:9a:bb:c1 , -79
1737084998614 , c8:a6:08:5a:fe:71 , -87
1737084998614 , c8:a6:08:5a:fe:70 , -86
1737084998614 , c8:a6:08:5a:fc:91 , -87
1737084998614 , c8:a6:08:5a:bb:c1 , -77
1737084998614 , c8:a6:08:5a:bb:c4 , -76
1737084998614 , c8:a6:08:9a:bb:c0 , -79
1737084998614 , c8:a6:08:5a:bb:c0 , -76
1737084998614 , c8:a6:08:9b:16:04 , -61
1737084998614 , 74:03:bd:ef:8a:10 , -90
1737084998614 , c8:a6:08:9b:16:01 , -61
1737084998614 , c8:a6:08:5b:16:00 , -60
1737084998614 , c8:a6:08:9b:16:00 , -61
1737084998614 , 96:f8:4a:36:a6:a8 , -93
1737084998614 , c8:a6:08:5a:bb:81 , -82
1737084998614 , c8:a6:08:9a:bc:10 , -69
1737084998614 , c8:a6:08:5a:bb:80 , -82
1737084998614 , c8:a6:08:9a:bc:11 , -69
1737084998614 , c8:a6:08:9a:bc:14 , -72
1737084998614 , c8:a6:08:9a:bb:80 , -75
1737084998614 , c8:a6:08:5a:bc:11 , -74
1737084998614 , c8:a6:08:9a:bb:81 , -75
1737084998614 , c8:a6:08:5a:bc:10 , -74
1737084998614 , c8:a6:08:9a:bb:84 , -75
1737084998614 , 60:84:bd:de:7c:67 , -60
1737084998614 , c8:a6:08:5a:bb:84 , -84
1737084998614 , c0:25:a2:a7:2e:2b , -47
1737084998614 , c0:25:a2:a7:2e:2a , -58
1737084998614 , 60:84:bd:de:7c:60 , -52
1737084998614 , c8:a6:08:9a:b7:01 , -93
1737084998614 , c8:a6:08:9b:16:24 , -47
1737084998614 , c0:25:a2:a7:2e:27 , -70
1737084998614 , 74:03:bd:8b:7c:b7 , -90
1737084998614 , c0:25:a2:a7:2e:26 , -65
1737084998614 , c0:25:a2:a9:b1:4f , -53
1737084998614 , c8:a6:08:5b:16:24 , -59
1737084998614 , c8:a6:08:9b:15:51 , -80
1737084998614 , c8:a6:08:9b:15:50 , -80
1737084998614 , 84:af:ec:86:f0:60 , -78
1737084998614 , c8:a6:08:9b:16:21 , -47
1737084998614 , c8:a6:08:5b:16:21 , -58
1737084998614 , c8:a6:08:9b:16:20 , -47
1737084998614 , c8:a6:08:5b:16:20 , -59
1737084998614 , c8:a6:08:9b:15:54 , -80
1737084998614 , c8:a6:08:9a:bb:b0 , -94
1737084998614 , c8:a6:08:5a:bc:14 , -73
1737084999613 , c8:a6:08:9a:fe:71 , -88
1737084999613 , c8:a6:08:9a:fe:70 , -88
1737084999613 , c8:a6:08:9a:fe:74 , -89
1737084999613 , 84:af:ec:86:f0:70 , -85
1737084999613 , ac:44:f2:8c:e8:a8 , -86
1737084999613 , c8:a6:08:9a:bb:c4 , -79
1737084999613 , c8:a6:08:9a:bb:c1 , -79
1737084999613 , c8:a6:08:5a:fe:71 , -87
1737084999613 , c8:a6:08:5a:fe:70 , -86
1737084999613 , c8:a6:08:5a:fc:91 , -87
1737084999613 , c8:a6:08:5a:bb:c1 , -77
1737084999613 , c8:a6:08:5a:bb:c4 , -76
1737084999613 , c8:a6:08:9a:bb:c0 , -79
1737084999613 , c8:a6:08:5a:bb:c0 , -76
1737084999613 , c8:a6:08:9b:16:04 , -61
1737084999613 , 74:03:bd:ef:8a:10 , -90
1737084999613 , c8:a6:08:9b:16:01 , -61
1737084999613 , c8:a6:08:5b:16:00 , -60
1737084999613 , c8:a6:08:9b:16:00 , -61
1737084999613 , 96:f8:4a:36:a6:a8 , -93
1737084999613 , c8:a6:08:5a:bb:81 , -82
1737084999613 , c8:a6:08:9a:bc:10 , -69
1737084999613 , c8:a6:08:5a:bb:80 , -82
1737084999613 , c8:a6:08:9a:bc:11 , -69
1737084999613 , c8:a6:08:9a:bc:14 , -72
1737084999613 , c8:a6:08:9a:bb:80 , -75
1737084999613 , c8:a6:08:5a:bc:11 , -74
1737084999613 , c8:a6:08:9a:bb:81 , -75
1737084999613 , c8:a6:08:5a:bc:10 , -74
1737084999613 , c8:a6:08:9a:bb:84 , -75
1737084999613 , 60:84:bd:de:7c:67 , -60
1737084999613 , c8:a6:08:5a:bb:84 , -84
1737084999613 , c0:25:a2:a7:2e:2b , -47
1737084999613 , c0:25:a2:a7:2e:2a , -58
1737084999613 , 60:84:bd:de:7c:60 , -52
1737084999613 , c8:a6:08:9a:b7:01 , -93
1737084999613 , c8:a6:08:9b:16:24 , -47
1737084999613 , c0:25:a2:a7:2e:27 , -70
1737084999613 , 74:03:bd:8b:7c:b7 , -90
1737084999613 , c0:25:a2:a7:2e:26 , -65
1737084999613 , c0:25:a2:a9:b1:4f , -53
1737084999613 , c8:a6:08:5b:16:24 , -59
1737084999613 , c8:a6:08:9b:15:51 , -80
1737084999613 , c8:a6:08:9b:15:50 , -80
1737084999613 , 84:af:ec:86:f0:60 , -78
1737084999613 , c8:a6:08:9b:16:21 , -47
1737084999613 , c8:a6:08:5b:16:21 , -58
1737084999613 , c8:a6:08:9b:16:20 , -47
1737084999613 , c8:a6:08:5b:16:20 , -59
1737084999613 , c8:a6:08:9b:15:54 , -80
1737084999613 , c8:a6:08:9a:bb:b0 , -94
1737084999613 , c8:a6:08:5a:bc:14 , -73
1737085000629 , c8:a6:08:9a:fe:71 , -88
1737085000629 , c8:a6:08:9a:fe:70 , -88
1737085000629 , c8:a6:08:9a:fe:74 , -89
1737085000629 , 84:af:ec:86:f0:70 , -85
1737085000629 , ac:44:f2:8c:e8:a8 , -86
1737085000629 , c8:a6:08:9a:bb:c4 , -79
1737085000629 , c8:a6:08:9a:bb:c1 , -79
1737085000629 , c8:a6:08:5a:fe:71 , -87
1737085000629 , c8:a6:08:5a:fe:70 , -86
1737085000629 , c8:a6:08:5a:fc:91 , -87
1737085000629 , c8:a6:08:5a:bb:c1 , -77
1737085000629 , c8:a6:08:5a:bb:c4 , -76
1737085000629 , c8:a6:08:9a:bb:c0 , -79
1737085000629 , c8:a6:08:5a:bb:c0 , -76
1737085000629 , c8:a6:08:9b:16:04 , -61
1737085000629 , 74:03:bd:ef:8a:10 , -90
1737085000629 , c8:a6:08:9b:16:01 , -61
1737085000629 , c8:a6:08:5b:16:00 , -60
1737085000629 , c8:a6:08:9b:16:00 , -61
1737085000629 , 96:f8:4a:36:a6:a8 , -93
1737085000629 , c8:a6:08:5a:bb:81 , -82
1737085000629 , c8:a6:08:9a:bc:10 , -69
1737085000629 , c8:a6:08:5a:bb:80 , -82
1737085000629 , c8:a6:08:9a:bc:11 , -69
1737085000629 , c8:a6:08:9a:bc:14 , -72
1737085000629 , c8:a6:08:9a:bb:80 , -75
1737085000629 , c8:a6:08:5a:bc:11 , -74
1737085000629 , c8:a6:08:9a:bb:81 , -75
1737085000629 , c8:a6:08:5a:bc:10 , -74
1737085000629 , c8:a6:08:9a:bb:84 , -75
1737085000629 , 60:84:bd:de:7c:67 , -60
1737085000629 , c8:a6:08:5a:bb:84 , -84
1737085000629 , c0:25:a2:a7:2e:2b , -47
1737085000629 , c0:25:a2:a7:2e:2a , -58
1737085000629 , 60:84:bd:de:7c:60 , -52
1737085000629 , c8:a6:08:9a:b7:01 , -93
1737085000629 , c8:a6:08:9b:16:24 , -47
1737085000629 , c0:25:a2:a7:2e:27 , -70
1737085000629 , 74:03:bd:8b:7c:b7 , -90
1737085000629 , c0:25:a2:a7:2e:26 , -65
1737085000629 , c0:25:a2:a9:b1:4f , -53
1737085000629 , c8:a6:08:5b:16:24 , -59
1737085000629 , c8:a6:08:9b:15:51 , -80
1737085000629 , c8:a6:08:9b:15:50 , -80
1737085000629 , 84:af:ec:86:f0:60 , -78
1737085000629 , c8:a6:08:9b:16:21 , -47
1737085000629 , c8:a6:08:5b:16:21 , -58
1737085000629 , c8:a6:08:9b:16:20 , -47
1737085000629 , c8:a6:08:5b:16:20 , -59
1737085000629 , c8:a6:08:9b:15:54 , -80
1737085000629 , c8:a6:08:9a:bb:b0 , -94
1737085000629 , c8:a6:08:5a:bc:14 , -73
1737085001647 , c8:a6:08:9a:fe:71 , -88
1737085001647 , c8:a6:08:9a:fe:70 , -88
1737085001647 , c8:a6:08:9a:fe:74 , -89
1737085001647 , 84:af:ec:86:f0:70 , -85
1737085001647 , ac:44:f2:8c:e8:a8 , -86
1737085001647 , c8:a6:08:9a:bb:c4 , -79
1737085001647 , c8:a6:08:9a:bb:c1 , -79
1737085001647 , c8:a6:08:5a:fe:71 , -87
1737085001647 , c8:a6:08:5a:fe:70 , -86
1737085001647 , c8:a6:08:5a:fc:91 , -87
1737085001647 , c8:a6:08:5a:bb:c1 , -77
1737085001647 , c8:a6:08:5a:bb:c4 , -76
1737085001647 , c8:a6:08:9a:bb:c0 , -79
1737085001647 , c8:a6:08:5a:bb:c0 , -76
1737085001647 , c8:a6:08:9b:16:04 , -61
1737085001647 , 74:03:bd:ef:8a:10 , -90
1737085001647 , c8:a6:08:9b:16:01 , -61
1737085001647 , c8:a6:08:5b:16:00 , -60
1737085001647 , c8:a6:08:9b:16:00 , -61
1737085001647 , 96:f8:4a:36:a6:a8 , -93
1737085001647 , c8:a6:08:5a:bb:81 , -82
1737085001647 , c8:a6:08:9a:bc:10 , -69
1737085001647 , c8:a6:08:5a:bb:80 , -82
1737085001647 , c8:a6:08:9a:bc:11 , -69
1737085001647 , c8:a6:08:9a:bc:14 , -72
1737085001647 , c8:a6:08:9a:bb:80 , -75
1737085001647 , c8:a6:08:5a:bc:11 , -74
1737085001647 , c8:a6:08:9a:bb:81 , -75
1737085001647 , c8:a6:08:5a:bc:10 , -74
1737085001647 , c8:a6:08:9a:bb:84 , -75
1737085001647 , 60:84:bd:de:7c:67 , -60
1737085001647 , c8:a6:08:5a:bb:84 , -84
1737085001647 , c0:25:a2:a7:2e:2b , -47
1737085001647 , c0:25:a2:a7:2e:2a , -58
1737085001647 , 60:84:bd:de:7c:60 , -52
1737085001647 , c8:a6:08:9a:b7:01 , -93
1737085001647 , c8:a6:08:9b:16:24 , -47
1737085001647 , c0:25:a2:a7:2e:27 , -70
1737085001647 , 74:03:bd:8b:7c:b7 , -90
1737085001647 , c0:25:a2:a7:2e:26 , -65
1737085001647 , c0:25:a2:a9:b1:4f , -53
1737085001647 , c8:a6:08:5b:16:24 , -59
1737085001647 , c8:a6:08:9b:15:51 , -80
1737085001647 , c8:a6:08:9b:15:50 , -80
1737085001647 , 84:af:ec:86:f0:60 , -78
1737085001647 , c8:a6:08:9b:16:21 , -47
1737085001647 , c8:a6:08:5b:16:21 , -58
1737085001647 , c8:a6:08:9b:16:20 , -47
1737085001647 , c8:a6:08:5b:16:20 , -59
1737085001647 , c8:a6:08:9b:15:54 , -80
1737085001647 , c8:a6:08:9a:bb:b0 , -94
1737085001647 , c8:a6:08:5a:bc:14 , -73
1737085002660 , c8:a6:08:9a:fe:71 , -88
1737085002660 , c8:a6:08:9a:fe:70 , -88
1737085002660 , c8:a6:08:9a:fe:74 , -89
1737085002660 , 84:af:ec:86:f0:70 , -85
1737085002660 , ac:44:f2:8c:e8:a8 , -86
1737085002660 , c8:a6:08:9a:bb:c4 , -79
1737085002660 , c8:a6:08:9a:bb:c1 , -79
1737085002660 , c8:a6:08:5a:fe:71 , -87
1737085002660 , c8:a6:08:5a:fe:70 , -86
1737085002660 , c8:a6:08:5a:fc:91 , -87
1737085002660 , c8:a6:08:5a:bb:c1 , -77
1737085002660 , c8:a6:08:5a:bb:c4 , -76
1737085002660 , c8:a6:08:9a:bb:c0 , -79
1737085002660 , c8:a6:08:5a:bb:c0 , -76
1737085002660 , c8:a6:08:9b:16:04 , -61
1737085002660 , 74:03:bd:ef:8a:10 , -90
1737085002660 , c8:a6:08:9b:16:01 , -61
1737085002660 , c8:a6:08:5b:16:00 , -60
1737085002660 , c8:a6:08:9b:16:00 , -61
1737085002660 , 96:f8:4a:36:a6:a8 , -93
1737085002660 , c8:a6:08:5a:bb:81 , -82
1737085002660 , c8:a6:08:9a:bc:10 , -69
1737085002660 , c8:a6:08:5a:bb:80 , -82
1737085002660 , c8:a6:08:9a:bc:11 , -69
1737085002660 , c8:a6:08:9a:bc:14 , -72
1737085002660 , c8:a6:08:9a:bb:80 , -75
1737085002660 , c8:a6:08:5a:bc:11 , -74
1737085002660 , c8:a6:08:9a:bb:81 , -75
1737085002660 , c8:a6:08:5a:bc:10 , -74
1737085002660 , c8:a6:08:9a:bb:84 , -75
1737085002660 , 60:84:bd:de:7c:67 , -60
1737085002660 , c8:a6:08:5a:bb:84 , -84
1737085002660 , c0:25:a2:a7:2e:2b , -47
1737085002660 , c0:25:a2:a7:2e:2a , -58
1737085002660 , 60:84:bd:de:7c:60 , -52
1737085002660 , c8:a6:08:9a:b7:01 , -93
1737085002660 , c8:a6:08:9b:16:24 , -47
1737085002660 , c0:25:a2:a7:2e:27 , -70
1737085002660 , 74:03:bd:8b:7c:b7 , -90
1737085002660 , c0:25:a2:a7:2e:26 , -65
1737085002660 , c0:25:a2:a9:b1:4f , -53
1737085002660 , c8:a6:08:5b:16:24 , -59
1737085002660 , c8:a6:08:9b:15:51 , -80
1737085002660 , c8:a6:08:9b:15:50 , -80
1737085002660 , 84:af:ec:86:f0:60 , -78
1737085002660 , c8:a6:08:9b:16:21 , -47
1737085002660 , c8:a6:08:5b:16:21 , -58
1737085002660 , c8:a6:08:9b:16:20 , -47
1737085002660 , c8:a6:08:5b:16:20 , -59
1737085002660 , c8:a6:08:9b:15:54 , -80
1737085002660 , c8:a6:08:9a:bb:b0 , -94
1737085002660 , c8:a6:08:5a:bc:14 , -73
1737085003672 , c8:a6:08:9a:fe:71 , -88
1737085003672 , c8:a6:08:9a:fe:70 , -88
1737085003672 , c8:a6:08:9a:fe:74 , -89
1737085003672 , 84:af:ec:86:f0:70 , -85
1737085003672 , ac:44:f2:8c:e8:a8 , -86
1737085003672 , c8:a6:08:9a:bb:c4 , -79
1737085003672 , c8:a6:08:9a:bb:c1 , -79
1737085003672 , c8:a6:08:5a:fe:71 , -87
1737085003672 , c8:a6:08:5a:fe:70 , -86
1737085003672 , c8:a6:08:5a:fc:91 , -87
1737085003672 , c8:a6:08:5a:bb:c1 , -77
1737085003672 , c8:a6:08:5a:bb:c4 , -76
1737085003672 , c8:a6:08:9a:bb:c0 , -79
1737085003672 , c8:a6:08:5a:bb:c0 , -76
1737085003672 , c8:a6:08:9b:16:04 , -61
1737085003672 , 74:03:bd:ef:8a:10 , -90
1737085003672 , c8:a6:08:9b:16:01 , -61
1737085003672 , c8:a6:08:5b:16:00 , -60
1737085003672 , c8:a6:08:9b:16:00 , -61
1737085003672 , 96:f8:4a:36:a6:a8 , -93
1737085003672 , c8:a6:08:5a:bb:81 , -82
1737085003672 , c8:a6:08:9a:bc:10 , -69
1737085003672 , c8:a6:08:5a:bb:80 , -82
1737085003672 , c8:a6:08:9a:bc:11 , -69
1737085003672 , c8:a6:08:9a:bc:14 , -72
1737085003672 , c8:a6:08:9a:bb:80 , -75
1737085003672 , c8:a6:08:5a:bc:11 , -74
1737085003672 , c8:a6:08:9a:bb:81 , -75
1737085003672 , c8:a6:08:5a:bc:10 , -74
1737085003672 , c8:a6:08:9a:bb:84 , -75
1737085003672 , 60:84:bd:de:7c:67 , -60
1737085003672 , c8:a6:08:5a:bb:84 , -84
1737085003672 , c0:25:a2:a7:2e:2b , -47
1737085003672 , c0:25:a2:a7:2e:2a , -58
1737085003672 , 60:84:bd:de:7c:60 , -52
1737085003672 , c8:a6:08:9a:b7:01 , -93
1737085003672 , c8:a6:08:9b:16:24 , -47
1737085003672 , c0:25:a2:a7:2e:27 , -70
1737085003672 , 74:03:bd:8b:7c:b7 , -90
1737085003672 , c0:25:a2:a7:2e:26 , -65
1737085003672 , c0:25:a2:a9:b1:4f , -53
1737085003672 , c8:a6:08:5b:16:24 , -59
1737085003672 , c8:a6:08:9b:15:51 , -80
1737085003672 , c8:a6:08:9b:15:50 , -80
1737085003672 , 84:af:ec:86:f0:60 , -78
1737085003672 , c8:a6:08:9b:16:21 , -47
1737085003672 , c8:a6:08:5b:16:21 , -58
1737085003672 , c8:a6:08:9b:16:20 , -47
1737085003672 , c8:a6:08:5b:16:20 , -59
1737085003672 , c8:a6:08:9b:15:54 , -80
1737085003672 , c8:a6:08:9a:bb:b0 , -94
1737085003672 , c8:a6:08:5a:bc:14 , -73
1737085004680 , c8:a6:08:9a:fe:71 , -88
1737085004680 , c8:a6:08:9a:fe:70 , -88
1737085004680 , c8:a6:08:9a:fe:74 , -89
1737085004680 , 84:af:ec:86:f0:70 , -85
1737085004680 , ac:44:f2:8c:e8:a8 , -86
1737085004680 , c8:a6:08:9a:bb:c4 , -79
1737085004680 , c8:a6:08:9a:bb:c1 , -79
1737085004680 , c8:a6:08:5a:fe:71 , -87
1737085004680 , c8:a6:08:5a:fe:70 , -86
1737085004680 , c8:a6:08:5a:fc:91 , -87
1737085004680 , c8:a6:08:5a:bb:c1 , -77
1737085004680 , c8:a6:08:5a:bb:c4 , -76
1737085004680 , c8:a6:08:9a:bb:c0 , -79
1737085004680 , c8:a6:08:5a:bb:c0 , -76
1737085004680 , c8:a6:08:9b:16:04 , -61
1737085004680 , 74:03:bd:ef:8a:10 , -90
1737085004680 , c8:a6:08:9b:16:01 , -61
1737085004680 , c8:a6:08:5b:16:00 , -60
1737085004680 , c8:a6:08:9b:16:00 , -61
1737085004680 , 96:f8:4a:36:a6:a8 , -93
1737085004680 , c8:a6:08:5a:bb:81 , -82
1737085004680 , c8:a6:08:9a:bc:10 , -69
1737085004680 , c8:a6:08:5a:bb:80 , -82
1737085004680 , c8:a6:08:9a:bc:11 , -69
1737085004680 , c8:a6:08:9a:bc:14 , -72
1737085004680 , c8:a6:08:9a:bb:80 , -75
1737085004680 , c8:a6:08:5a:bc:11 , -74
1737085004680 , c8:a6:08:9a:bb:81 , -75
1737085004680 , c8:a6:08:5a:bc:10 , -74
1737085004680 , c8:a6:08:9a:bb:84 , -75
1737085004680 , 60:84:bd:de:7c:67 , -60
1737085004680 , c8:a6:08:5a:bb:84 , -84
1737085004680 , c0:25:a2:a7:2e:2b , -47
1737085004680 , c0:25:a2:a7:2e:2a , -58
1737085004680 , 60:84:bd:de:7c:60 , -52
1737085004680 , c8:a6:08:9a:b7:01 , -93
1737085004680 , c8:a6:08:9b:16:24 , -47
1737085004680 , c0:25:a2:a7:2e:27 , -70
1737085004680 , 74:03:bd:8b:7c:b7 , -90
1737085004680 , c0:25:a2:a7:2e:26 , -65
1737085004680 , c0:25:a2:a9:b1:4f , -53
1737085004680 , c8:a6:08:5b:16:24 , -59
1737085004680 , c8:a6:08:9b:15:51 , -80
1737085004680 , c8:a6:08:9b:15:50 , -80
1737085004680 , 84:af:ec:86:f0:60 , -78
1737085004680 , c8:a6:08:9b:16:21 , -47
1737085004680 , c8:a6:08:5b:16:21 , -58
1737085004680 , c8:a6:08:9b:16:20 , -47
1737085004680 , c8:a6:08:5b:16:20 , -59
1737085004680 , c8:a6:08:9b:15:54 , -80
1737085004680 , c8:a6:08:9a:bb:b0 , -94
1737085004680 , c8:a6:08:5a:bc:14 , -73
1737085005700 , c8:a6:08:9a:fe:71 , -88
1737085005700 , c8:a6:08:9a:fe:70 , -88
1737085005700 , c8:a6:08:9a:fe:74 , -89
1737085005700 , 84:af:ec:86:f0:70 , -85
1737085005700 , ac:44:f2:8c:e8:a8 , -86
1737085005700 , c8:a6:08:9a:bb:c4 , -79
1737085005700 , c8:a6:08:9a:bb:c1 , -79
1737085005700 , c8:a6:08:5a:fe:71 , -87
1737085005700 , c8:a6:08:5a:fe:70 , -86
1737085005700 , c8:a6:08:5a:fc:91 , -87
1737085005700 , c8:a6:08:5a:bb:c1 , -77
1737085005700 , c8:a6:08:5a:bb:c4 , -76
1737085005700 , c8:a6:08:9a:bb:c0 , -79
1737085005700 , c8:a6:08:5a:bb:c0 , -76
1737085005700 , c8:a6:08:9b:16:04 , -61
1737085005700 , 74:03:bd:ef:8a:10 , -90
1737085005700 , c8:a6:08:9b:16:01 , -61
1737085005700 , c8:a6:08:5b:16:00 , -60
1737085005700 , c8:a6:08:9b:16:00 , -61
1737085005700 , 96:f8:4a:36:a6:a8 , -93
1737085005700 , c8:a6:08:5a:bb:81 , -82
1737085005700 , c8:a6:08:9a:bc:10 , -69
1737085005700 , c8:a6:08:5a:bb:80 , -82
1737085005700 , c8:a6:08:9a:bc:11 , -69
1737085005700 , c8:a6:08:9a:bc:14 , -72
1737085005700 , c8:a6:08:9a:bb:80 , -75
1737085005700 , c8:a6:08:5a:bc:11 , -74
1737085005700 , c8:a6:08:9a:bb:81 , -75
1737085005700 , c8:a6:08:5a:bc:10 , -74
1737085005700 , c8:a6:08:9a:bb:84 , -75
1737085005700 , 60:84:bd:de:7c:67 , -60
1737085005700 , c8:a6:08:5a:bb:84 , -84
1737085005700 , c0:25:a2:a7:2e:2b , -47
1737085005700 , c0:25:a2:a7:2e:2a , -58
1737085005700 , 60:84:bd:de:7c:60 , -52
1737085005700 , c8:a6:08:9a:b7:01 , -93
1737085005700 , c8:a6:08:9b:16:24 , -47
1737085005700 , c0:25:a2:a7:2e:27 , -70
1737085005700 , 74:03:bd:8b:7c:b7 , -90
1737085005700 , c0:25:a2:a7:2e:26 , -65
1737085005700 , c0:25:a2:a9:b1:4f , -53
1737085005700 , c8:a6:08:5b:16:24 , -59
1737085005700 , c8:a6:08:9b:15:51 , -80
1737085005700 , c8:a6:08:9b:15:50 , -80
1737085005700 , 84:af:ec:86:f0:60 , -78
1737085005700 , c8:a6:08:9b:16:21 , -47
1737085005700 , c8:a6:08:5b:16:21 , -58
1737085005700 , c8:a6:08:9b:16:20 , -47
1737085005700 , c8:a6:08:5b:16:20 , -59
1737085005700 , c8:a6:08:9b:15:54 , -80
1737085005700 , c8:a6:08:9a:bb:b0 , -94
1737085005700 , c8:a6:08:5a:bc:14 , -73
