1732237424870 , 74:03:bd:ef:8a:00 , -61
1732237424870 , c8:a6:08:9a:fe:71 , -64
1732237424870 , c8:a6:08:9a:fc:90 , -85
1732237424870 , c8:a6:08:9a:fe:70 , -64
1732237424870 , c8:a6:08:9a:fc:91 , -85
1732237424870 , c8:a6:08:9a:fc:94 , -86
1732237424870 , 84:af:ec:86:f0:70 , -68
1732237424870 , ac:44:f2:8c:e8:a8 , -86
1732237424870 , c8:a6:08:9a:bb:c1 , -74
1732237424870 , c8:a6:08:5a:fe:74 , -63
1732237424870 , c8:a6:08:5a:fe:71 , -63
1732237424870 , c8:a6:08:5a:fe:70 , -63
1732237424870 , c8:a6:08:9a:bb:c0 , -74
1732237424870 , c8:a6:08:5a:bb:c0 , -73
1732237424870 , c8:a6:08:9a:b4:74 , -94
1732237424870 , d0:40:ef:f9:ef:75 , -50
1732237424870 , c8:a6:08:9a:b4:70 , -94
1732237424870 , 74:03:bd:ef:8a:10 , -70
1732237424870 , 16:27:f5:e3:50:97 , -92
1732237424870 , c8:a6:08:9a:b4:71 , -93
1732237424870 , c8:a6:08:9a:bf:30 , -82
1732237424870 , c8:a6:08:5a:bf:34 , -82
1732237424870 , c8:a6:08:9b:16:01 , -47
1732237424870 , c8:a6:08:5b:16:01 , -51
1732237424870 , c8:a6:08:9a:bf:31 , -83
1732237424870 , c8:a6:08:9b:16:00 , -45
1732237424870 , c8:a6:08:5b:16:00 , -50
1732237424870 , 80:ea:96:f2:cc:76 , -71
1732237424870 , 80:ea:96:f2:cc:77 , -84
1732237424870 , 50:d4:f7:a6:80:f3 , -88
1732237424870 , c8:a6:08:5a:bb:81 , -78
1732237424870 , c8:a6:08:9a:bc:10 , -69
1732237424870 , c8:a6:08:9a:bc:11 , -69
1732237424870 , c8:a6:08:9a:bb:80 , -82
1732237424870 , c8:a6:08:5a:bc:11 , -62
1732237424870 , c8:a6:08:9a:bb:81 , -81
1732237424870 , c8:a6:08:5a:bc:10 , -63
1732237424870 , ac:44:f2:8c:b0:e0 , -85
1732237424870 , c8:a6:08:9a:bb:84 , -81
1732237424870 , 60:84:bd:de:7c:67 , -73
1732237424870 , ac:44:f2:8c:e9:20 , -78
1732237424870 , c8:a6:08:9a:fd:01 , -78
1732237424870 , c8:a6:08:5a:bb:84 , -76
1732237424870 , c8:a6:08:9a:fd:00 , -78
1732237424870 , c0:25:a2:a7:2e:2b , -70
1732237424870 , c0:25:a2:a7:2e:2a , -71
1732237424870 , 60:84:bd:de:7c:60 , -65
1732237424870 , 16:27:f5:e3:4c:c5 , -93
1732237424870 , c8:a6:08:9a:b7:01 , -76
1732237424870 , c8:a6:08:5b:15:50 , -62
1732237424870 , c8:a6:08:9a:b7:00 , -76
1732237424870 , c8:a6:08:5b:15:51 , -62
1732237424870 , 74:03:bd:8b:7c:b7 , -87
1732237424870 , c0:25:a2:a9:b1:4f , -71
1732237424870 , c8:a6:08:9b:15:51 , -60
1732237424870 , c8:a6:08:9b:15:50 , -60
1732237424870 , 84:af:ec:86:f0:60 , -59
1732237424870 , c8:a6:08:5b:16:21 , -56
1732237424870 , c8:a6:08:9b:16:21 , -60
1732237424870 , c8:a6:08:5b:16:20 , -54
1732237424870 , c8:a6:08:9b:16:20 , -59
1732237424870 , c8:a6:08:5b:15:54 , -62
1732237424870 , c8:a6:08:9a:b7:04 , -79
1732237424870 , c8:a6:08:5a:fd:01 , -80
1732237424870 , c8:a6:08:9b:15:54 , -62
1732237424870 , c0:25:a2:a7:2e:1a , -57
1732237424870 , f8:b7:97:9b:d6:ff , -80
1732237424870 , c8:a6:08:9a:bb:f4 , -78
1732237424870 , c8:a6:08:9a:bb:b1 , -84
1732237424870 , c8:a6:08:5a:bc:14 , -63
1732237424870 , c8:a6:08:5a:bb:f4 , -78
1732237424870 , c8:a6:08:9a:bb:f0 , -74
1732237424870 , c8:a6:08:9a:bb:f1 , -78
1732237425869 , c8:a6:08:9a:fe:71 , -46
1732237425869 , 74:03:bd:ef:8a:00 , -56
1732237425869 , c8:a6:08:9a:fc:90 , -79
1732237425869 , c8:a6:08:9a:fe:70 , -46
1732237425869 , d2:c0:bf:1d:b5:64 , -88
1732237425869 , c8:a6:08:9a:fc:91 , -80
1732237425869 , c8:a6:08:9a:fe:74 , -47
1732237425869 , 84:af:ec:86:f0:70 , -57
1732237425869 , ac:44:f2:8c:e8:a8 , -87
1732237425869 , c8:a6:08:9a:bb:c4 , -73
1732237425869 , c8:a6:08:9a:bb:c1 , -73
1732237425869 , c8:a6:08:5a:fe:71 , -48
1732237425869 , c8:a6:08:5a:fe:70 , -48
1732237425869 , c8:a6:08:9a:bb:c0 , -77
1732237425869 , d0:40:ef:f9:ef:75 , -50
1732237425869 , c8:a6:08:9a:ac:a1 , -93
1732237425869 , 74:03:bd:ef:8a:10 , -66
1732237425869 , 16:27:f5:e3:50:97 , -84
1732237425869 , c8:a6:08:9a:bf:30 , -87
1732237425869 , c8:a6:08:5a:ac:a1 , -80
1732237425869 , c8:a6:08:9a:ac:a0 , -92
1732237425869 , 10:27:f5:e3:50:97 , -85
1732237425869 , c8:a6:08:9a:bf:34 , -87
1732237425869 , c8:a6:08:5b:16:01 , -49
1732237425869 , c8:a6:08:9b:16:01 , -55
1732237425869 , c8:a6:08:9a:bf:31 , -87
1732237425869 , c8:a6:08:5b:16:00 , -49
1732237425869 , c8:a6:08:9b:16:00 , -53
1732237425869 , 96:f8:4a:36:a6:a8 , -93
1732237425869 , 96:f8:4a:36:a6:a7 , -92
1732237425869 , 80:ea:96:f2:cc:76 , -74
1732237425869 , 80:ea:96:f2:cc:77 , -88
1732237425869 , 50:d4:f7:a6:80:f4 , -76
1732237425869 , c8:a6:08:9a:bc:10 , -79
1732237425869 , c8:a6:08:9a:bc:11 , -79
1732237425869 , c8:a6:08:9a:bb:80 , -82
1732237425869 , c8:a6:08:5a:bc:11 , -69
1732237425869 , c8:a6:08:9a:bb:81 , -82
1732237425869 , ac:44:f2:8c:b0:e0 , -87
1732237425869 , c8:a6:08:9a:fd:84 , -94
1732237425869 , c8:a6:08:9a:bb:84 , -82
1732237425869 , 60:84:bd:de:7c:67 , -75
1732237425869 , ac:44:f2:8c:e9:20 , -80
1732237425869 , c8:a6:08:9a:fd:01 , -87
1732237425869 , c8:a6:08:9a:fd:00 , -86
1732237425869 , c0:25:a2:a7:2e:2b , -68
1732237425869 , c0:25:a2:a7:2e:2a , -68
1732237425869 , c8:a6:08:9a:b7:01 , -85
1732237425869 , c8:a6:08:9b:16:24 , -64
1732237425869 , c8:a6:08:5b:15:50 , -56
1732237425869 , 74:03:bd:8b:7c:b7 , -87
1732237425869 , c0:25:a2:a9:b1:4f , -71
1732237425869 , c8:a6:08:5a:b7:00 , -78
1732237425869 , c8:a6:08:9b:15:51 , -54
1732237425869 , c8:a6:08:5a:b7:01 , -77
1732237425869 , c8:a6:08:9b:15:50 , -54
1732237425869 , 84:af:ec:86:f0:60 , -50
1732237425869 , c8:a6:08:9b:16:21 , -62
1732237425869 , c8:a6:08:9b:16:20 , -62
1732237425869 , c0:25:a2:a7:2e:1a , -52
1732237425869 , f8:b7:97:9b:d6:ff , -70
1732237425869 , c8:a6:08:9a:bb:b0 , -93
1732237425869 , f8:b7:97:9b:d6:fe , -67
1732237425869 , c8:a6:08:9a:bb:b1 , -93
1732237425869 , c8:a6:08:9a:bb:b4 , -92
1732237425869 , c8:a6:08:5a:bb:f4 , -59
1732237425869 , c8:a6:08:5a:bb:f1 , -59
1732237425869 , c8:a6:08:5a:bb:f0 , -59
1732237425869 , c8:a6:08:9a:bb:f0 , -56
1732237425869 , c8:a6:08:9a:bb:f1 , -56
1732237425884 , c8:a6:08:9a:fe:71 , -46
1732237425884 , 74:03:bd:ef:8a:00 , -56
1732237425884 , c8:a6:08:9a:fc:90 , -79
1732237425884 , c8:a6:08:9a:fe:70 , -46
1732237425884 , d2:c0:bf:1d:b5:64 , -88
1732237425884 , c8:a6:08:9a:fc:91 , -80
1732237425884 , c8:a6:08:9a:fe:74 , -47
1732237425884 , 84:af:ec:86:f0:70 , -57
1732237425884 , ac:44:f2:8c:e8:a8 , -87
1732237425884 , c8:a6:08:9a:bb:c4 , -73
1732237425884 , c8:a6:08:9a:bb:c1 , -73
1732237425884 , c8:a6:08:5a:fe:71 , -48
1732237425884 , c8:a6:08:5a:fe:70 , -48
1732237425884 , c8:a6:08:9a:bb:c0 , -77
1732237425884 , d0:40:ef:f9:ef:75 , -50
1732237425884 , c8:a6:08:9a:ac:a1 , -93
1732237425884 , 74:03:bd:ef:8a:10 , -66
1732237425884 , 16:27:f5:e3:50:97 , -84
1732237425884 , c8:a6:08:9a:bf:30 , -87
1732237425884 , c8:a6:08:5a:ac:a1 , -80
1732237425884 , c8:a6:08:9a:ac:a0 , -92
1732237425884 , 10:27:f5:e3:50:97 , -85
1732237425884 , c8:a6:08:9a:bf:34 , -87
1732237425884 , c8:a6:08:5b:16:01 , -49
1732237425884 , c8:a6:08:9b:16:01 , -55
1732237425884 , c8:a6:08:9a:bf:31 , -87
1732237425884 , c8:a6:08:5b:16:00 , -49
1732237425884 , c8:a6:08:9b:16:00 , -53
1732237425884 , 96:f8:4a:36:a6:a8 , -93
1732237425884 , 96:f8:4a:36:a6:a7 , -92
1732237425884 , 80:ea:96:f2:cc:76 , -74
1732237425884 , 80:ea:96:f2:cc:77 , -88
1732237425884 , 50:d4:f7:a6:80:f4 , -76
1732237425884 , c8:a6:08:9a:bc:10 , -79
1732237425884 , c8:a6:08:9a:bc:11 , -79
1732237425884 , c8:a6:08:9a:bb:80 , -82
1732237425884 , c8:a6:08:5a:bc:11 , -69
1732237425884 , c8:a6:08:9a:bb:81 , -82
1732237425884 , ac:44:f2:8c:b0:e0 , -87
1732237425884 , c8:a6:08:9a:fd:84 , -94
1732237425884 , c8:a6:08:9a:bb:84 , -82
1732237425884 , 60:84:bd:de:7c:67 , -75
1732237425884 , ac:44:f2:8c:e9:20 , -80
1732237425884 , c8:a6:08:9a:fd:01 , -87
1732237425884 , c8:a6:08:9a:fd:00 , -86
1732237425884 , c0:25:a2:a7:2e:2b , -68
1732237425884 , c0:25:a2:a7:2e:2a , -68
1732237425884 , c8:a6:08:9a:b7:01 , -85
1732237425884 , c8:a6:08:9b:16:24 , -64
1732237425884 , c8:a6:08:5b:15:50 , -56
1732237425884 , 74:03:bd:8b:7c:b7 , -87
1732237425884 , c0:25:a2:a9:b1:4f , -71
1732237425884 , c8:a6:08:5a:b7:00 , -78
1732237425884 , c8:a6:08:9b:15:51 , -54
1732237425884 , c8:a6:08:5a:b7:01 , -77
1732237425884 , c8:a6:08:9b:15:50 , -54
1732237425884 , 84:af:ec:86:f0:60 , -50
1732237425884 , c8:a6:08:9b:16:21 , -62
1732237425884 , c8:a6:08:9b:16:20 , -62
1732237425884 , c0:25:a2:a7:2e:1a , -52
1732237425884 , f8:b7:97:9b:d6:ff , -70
1732237425884 , c8:a6:08:9a:bb:b0 , -93
1732237425884 , f8:b7:97:9b:d6:fe , -67
1732237425884 , c8:a6:08:9a:bb:b1 , -93
1732237425884 , c8:a6:08:9a:bb:b4 , -92
1732237425884 , c8:a6:08:5a:bb:f4 , -59
1732237425884 , c8:a6:08:5a:bb:f1 , -59
1732237425884 , c8:a6:08:5a:bb:f0 , -59
1732237425884 , c8:a6:08:9a:bb:f0 , -56
1732237425884 , c8:a6:08:9a:bb:f1 , -56
1732237426894 , c8:a6:08:9a:fe:71 , -46
1732237426894 , 74:03:bd:ef:8a:00 , -56
1732237426894 , c8:a6:08:9a:fc:90 , -79
1732237426894 , c8:a6:08:9a:fe:70 , -46
1732237426894 , d2:c0:bf:1d:b5:64 , -88
1732237426894 , c8:a6:08:9a:fc:91 , -80
1732237426894 , c8:a6:08:9a:fe:74 , -47
1732237426894 , 84:af:ec:86:f0:70 , -57
1732237426894 , ac:44:f2:8c:e8:a8 , -87
1732237426894 , c8:a6:08:9a:bb:c4 , -73
1732237426894 , c8:a6:08:9a:bb:c1 , -73
1732237426894 , c8:a6:08:5a:fe:71 , -48
1732237426894 , c8:a6:08:5a:fe:70 , -48
1732237426894 , c8:a6:08:9a:bb:c0 , -77
1732237426894 , d0:40:ef:f9:ef:75 , -50
1732237426894 , c8:a6:08:9a:ac:a1 , -93
1732237426894 , 74:03:bd:ef:8a:10 , -66
1732237426894 , 16:27:f5:e3:50:97 , -84
1732237426894 , c8:a6:08:9a:bf:30 , -87
1732237426894 , c8:a6:08:5a:ac:a1 , -80
1732237426894 , c8:a6:08:9a:ac:a0 , -92
1732237426894 , 10:27:f5:e3:50:97 , -85
1732237426894 , c8:a6:08:9a:bf:34 , -87
1732237426894 , c8:a6:08:5b:16:01 , -49
1732237426894 , c8:a6:08:9b:16:01 , -55
1732237426894 , c8:a6:08:9a:bf:31 , -87
1732237426894 , c8:a6:08:5b:16:00 , -49
1732237426894 , c8:a6:08:9b:16:00 , -53
1732237426894 , 96:f8:4a:36:a6:a8 , -93
1732237426894 , 96:f8:4a:36:a6:a7 , -92
1732237426894 , 80:ea:96:f2:cc:76 , -74
1732237426894 , 80:ea:96:f2:cc:77 , -88
1732237426894 , 50:d4:f7:a6:80:f4 , -76
1732237426894 , c8:a6:08:9a:bc:10 , -79
1732237426894 , c8:a6:08:9a:bc:11 , -79
1732237426894 , c8:a6:08:9a:bb:80 , -82
1732237426894 , c8:a6:08:5a:bc:11 , -69
1732237426894 , c8:a6:08:9a:bb:81 , -82
1732237426894 , ac:44:f2:8c:b0:e0 , -87
1732237426894 , c8:a6:08:9a:fd:84 , -94
1732237426894 , c8:a6:08:9a:bb:84 , -82
1732237426894 , 60:84:bd:de:7c:67 , -75
1732237426894 , ac:44:f2:8c:e9:20 , -80
1732237426894 , c8:a6:08:9a:fd:01 , -87
1732237426894 , c8:a6:08:9a:fd:00 , -86
1732237426894 , c0:25:a2:a7:2e:2b , -68
1732237426894 , c0:25:a2:a7:2e:2a , -68
1732237426894 , c8:a6:08:9a:b7:01 , -85
1732237426894 , c8:a6:08:9b:16:24 , -64
1732237426894 , c8:a6:08:5b:15:50 , -56
1732237426894 , 74:03:bd:8b:7c:b7 , -87
1732237426894 , c0:25:a2:a9:b1:4f , -71
1732237426894 , c8:a6:08:5a:b7:00 , -78
1732237426894 , c8:a6:08:9b:15:51 , -54
1732237426894 , c8:a6:08:5a:b7:01 , -77
1732237426894 , c8:a6:08:9b:15:50 , -54
1732237426894 , 84:af:ec:86:f0:60 , -50
1732237426894 , c8:a6:08:9b:16:21 , -62
1732237426894 , c8:a6:08:9b:16:20 , -62
1732237426894 , c0:25:a2:a7:2e:1a , -52
1732237426894 , f8:b7:97:9b:d6:ff , -70
1732237426894 , c8:a6:08:9a:bb:b0 , -93
1732237426894 , f8:b7:97:9b:d6:fe , -67
1732237426894 , c8:a6:08:9a:bb:b1 , -93
1732237426894 , c8:a6:08:9a:bb:b4 , -92
1732237426894 , c8:a6:08:5a:bb:f4 , -59
1732237426894 , c8:a6:08:5a:bb:f1 , -59
1732237426894 , c8:a6:08:5a:bb:f0 , -59
1732237426894 , c8:a6:08:9a:bb:f0 , -56
1732237426894 , c8:a6:08:9a:bb:f1 , -56
1732237427922 , c8:a6:08:9a:fe:71 , -46
1732237427922 , 74:03:bd:ef:8a:00 , -56
1732237427922 , c8:a6:08:9a:fc:90 , -79
1732237427922 , c8:a6:08:9a:fe:70 , -46
1732237427922 , d2:c0:bf:1d:b5:64 , -88
1732237427922 , c8:a6:08:9a:fc:91 , -80
1732237427922 , c8:a6:08:9a:fe:74 , -47
1732237427922 , 84:af:ec:86:f0:70 , -57
1732237427922 , ac:44:f2:8c:e8:a8 , -87
1732237427922 , c8:a6:08:9a:bb:c4 , -73
1732237427922 , c8:a6:08:9a:bb:c1 , -73
1732237427922 , c8:a6:08:5a:fe:71 , -48
1732237427922 , c8:a6:08:5a:fe:70 , -48
1732237427922 , c8:a6:08:9a:bb:c0 , -77
1732237427922 , d0:40:ef:f9:ef:75 , -50
1732237427922 , c8:a6:08:9a:ac:a1 , -93
1732237427922 , 74:03:bd:ef:8a:10 , -66
1732237427922 , 16:27:f5:e3:50:97 , -84
1732237427922 , c8:a6:08:9a:bf:30 , -87
1732237427922 , c8:a6:08:5a:ac:a1 , -80
1732237427922 , c8:a6:08:9a:ac:a0 , -92
1732237427922 , 10:27:f5:e3:50:97 , -85
1732237427922 , c8:a6:08:9a:bf:34 , -87
1732237427922 , c8:a6:08:5b:16:01 , -49
1732237427922 , c8:a6:08:9b:16:01 , -55
1732237427922 , c8:a6:08:9a:bf:31 , -87
1732237427922 , c8:a6:08:5b:16:00 , -49
1732237427922 , c8:a6:08:9b:16:00 , -53
1732237427922 , 96:f8:4a:36:a6:a8 , -93
1732237427922 , 96:f8:4a:36:a6:a7 , -92
1732237427922 , 80:ea:96:f2:cc:76 , -74
1732237427922 , 80:ea:96:f2:cc:77 , -88
1732237427922 , 50:d4:f7:a6:80:f4 , -76
1732237427922 , c8:a6:08:9a:bc:10 , -79
1732237427922 , c8:a6:08:9a:bc:11 , -79
1732237427922 , c8:a6:08:9a:bb:80 , -82
1732237427922 , c8:a6:08:5a:bc:11 , -69
1732237427922 , c8:a6:08:9a:bb:81 , -82
1732237427922 , ac:44:f2:8c:b0:e0 , -87
1732237427922 , c8:a6:08:9a:fd:84 , -94
1732237427922 , c8:a6:08:9a:bb:84 , -82
1732237427922 , 60:84:bd:de:7c:67 , -75
1732237427922 , ac:44:f2:8c:e9:20 , -80
1732237427922 , c8:a6:08:9a:fd:01 , -87
1732237427922 , c8:a6:08:9a:fd:00 , -86
1732237427922 , c0:25:a2:a7:2e:2b , -68
1732237427922 , c0:25:a2:a7:2e:2a , -68
1732237427922 , c8:a6:08:9a:b7:01 , -85
1732237427922 , c8:a6:08:9b:16:24 , -64
1732237427922 , c8:a6:08:5b:15:50 , -56
1732237427922 , 74:03:bd:8b:7c:b7 , -87
1732237427922 , c0:25:a2:a9:b1:4f , -71
1732237427922 , c8:a6:08:5a:b7:00 , -78
1732237427922 , c8:a6:08:9b:15:51 , -54
1732237427922 , c8:a6:08:5a:b7:01 , -77
1732237427922 , c8:a6:08:9b:15:50 , -54
1732237427922 , 84:af:ec:86:f0:60 , -50
1732237427922 , c8:a6:08:9b:16:21 , -62
1732237427922 , c8:a6:08:9b:16:20 , -62
1732237427922 , c0:25:a2:a7:2e:1a , -52
1732237427922 , f8:b7:97:9b:d6:ff , -70
1732237427922 , c8:a6:08:9a:bb:b0 , -93
1732237427922 , f8:b7:97:9b:d6:fe , -67
1732237427922 , c8:a6:08:9a:bb:b1 , -93
1732237427922 , c8:a6:08:9a:bb:b4 , -92
1732237427922 , c8:a6:08:5a:bb:f4 , -59
1732237427922 , c8:a6:08:5a:bb:f1 , -59
1732237427922 , c8:a6:08:5a:bb:f0 , -59
1732237427922 , c8:a6:08:9a:bb:f0 , -56
1732237427922 , c8:a6:08:9a:bb:f1 , -56
1732237428945 , c8:a6:08:9a:fe:71 , -46
1732237428945 , 74:03:bd:ef:8a:00 , -56
1732237428945 , c8:a6:08:9a:fc:90 , -79
1732237428945 , c8:a6:08:9a:fe:70 , -46
1732237428945 , d2:c0:bf:1d:b5:64 , -88
1732237428945 , c8:a6:08:9a:fc:91 , -80
1732237428945 , c8:a6:08:9a:fe:74 , -47
1732237428945 , 84:af:ec:86:f0:70 , -57
1732237428945 , ac:44:f2:8c:e8:a8 , -87
1732237428945 , c8:a6:08:9a:bb:c4 , -73
1732237428945 , c8:a6:08:9a:bb:c1 , -73
1732237428945 , c8:a6:08:5a:fe:71 , -48
1732237428945 , c8:a6:08:5a:fe:70 , -48
1732237428945 , c8:a6:08:9a:bb:c0 , -77
1732237428945 , d0:40:ef:f9:ef:75 , -50
1732237428945 , c8:a6:08:9a:ac:a1 , -93
1732237428945 , 74:03:bd:ef:8a:10 , -66
1732237428945 , 16:27:f5:e3:50:97 , -84
1732237428945 , c8:a6:08:9a:bf:30 , -87
1732237428945 , c8:a6:08:5a:ac:a1 , -80
1732237428945 , c8:a6:08:9a:ac:a0 , -92
1732237428945 , 10:27:f5:e3:50:97 , -85
1732237428945 , c8:a6:08:9a:bf:34 , -87
1732237428945 , c8:a6:08:5b:16:01 , -49
1732237428945 , c8:a6:08:9b:16:01 , -55
1732237428945 , c8:a6:08:9a:bf:31 , -87
1732237428945 , c8:a6:08:5b:16:00 , -49
1732237428945 , c8:a6:08:9b:16:00 , -53
1732237428945 , 96:f8:4a:36:a6:a8 , -93
1732237428945 , 96:f8:4a:36:a6:a7 , -92
1732237428945 , 80:ea:96:f2:cc:76 , -74
1732237428945 , 80:ea:96:f2:cc:77 , -88
1732237428945 , 50:d4:f7:a6:80:f4 , -76
1732237428945 , c8:a6:08:9a:bc:10 , -79
1732237428945 , c8:a6:08:9a:bc:11 , -79
1732237428945 , c8:a6:08:9a:bb:80 , -82
1732237428945 , c8:a6:08:5a:bc:11 , -69
1732237428945 , c8:a6:08:9a:bb:81 , -82
1732237428945 , ac:44:f2:8c:b0:e0 , -87
1732237428945 , c8:a6:08:9a:fd:84 , -94
1732237428945 , c8:a6:08:9a:bb:84 , -82
1732237428945 , 60:84:bd:de:7c:67 , -75
1732237428945 , ac:44:f2:8c:e9:20 , -80
1732237428945 , c8:a6:08:9a:fd:01 , -87
1732237428945 , c8:a6:08:9a:fd:00 , -86
1732237428945 , c0:25:a2:a7:2e:2b , -68
1732237428945 , c0:25:a2:a7:2e:2a , -68
1732237428945 , c8:a6:08:9a:b7:01 , -85
1732237428945 , c8:a6:08:9b:16:24 , -64
1732237428945 , c8:a6:08:5b:15:50 , -56
1732237428945 , 74:03:bd:8b:7c:b7 , -87
1732237428945 , c0:25:a2:a9:b1:4f , -71
1732237428945 , c8:a6:08:5a:b7:00 , -78
1732237428945 , c8:a6:08:9b:15:51 , -54
1732237428945 , c8:a6:08:5a:b7:01 , -77
1732237428945 , c8:a6:08:9b:15:50 , -54
1732237428945 , 84:af:ec:86:f0:60 , -50
1732237428945 , c8:a6:08:9b:16:21 , -62
1732237428945 , c8:a6:08:9b:16:20 , -62
1732237428945 , c0:25:a2:a7:2e:1a , -52
1732237428945 , f8:b7:97:9b:d6:ff , -70
1732237428945 , c8:a6:08:9a:bb:b0 , -93
1732237428945 , f8:b7:97:9b:d6:fe , -67
1732237428945 , c8:a6:08:9a:bb:b1 , -93
1732237428945 , c8:a6:08:9a:bb:b4 , -92
1732237428945 , c8:a6:08:5a:bb:f4 , -59
1732237428945 , c8:a6:08:5a:bb:f1 , -59
1732237428945 , c8:a6:08:5a:bb:f0 , -59
1732237428945 , c8:a6:08:9a:bb:f0 , -56
1732237428945 , c8:a6:08:9a:bb:f1 , -56
1732237429939 , c8:a6:08:9a:fe:71 , -46
1732237429939 , 74:03:bd:ef:8a:00 , -56
1732237429939 , c8:a6:08:9a:fc:90 , -79
1732237429939 , c8:a6:08:9a:fe:70 , -46
1732237429939 , d2:c0:bf:1d:b5:64 , -88
1732237429939 , c8:a6:08:9a:fc:91 , -80
1732237429939 , c8:a6:08:9a:fe:74 , -47
1732237429939 , 84:af:ec:86:f0:70 , -57
1732237429939 , ac:44:f2:8c:e8:a8 , -87
1732237429939 , c8:a6:08:9a:bb:c4 , -73
1732237429939 , c8:a6:08:9a:bb:c1 , -73
1732237429939 , c8:a6:08:5a:fe:71 , -48
1732237429939 , c8:a6:08:5a:fe:70 , -48
1732237429939 , c8:a6:08:9a:bb:c0 , -77
1732237429939 , d0:40:ef:f9:ef:75 , -50
1732237429939 , c8:a6:08:9a:ac:a1 , -93
1732237429939 , 74:03:bd:ef:8a:10 , -66
1732237429939 , 16:27:f5:e3:50:97 , -84
1732237429939 , c8:a6:08:9a:bf:30 , -87
1732237429939 , c8:a6:08:5a:ac:a1 , -80
1732237429939 , c8:a6:08:9a:ac:a0 , -92
1732237429939 , 10:27:f5:e3:50:97 , -85
1732237429939 , c8:a6:08:9a:bf:34 , -87
1732237429939 , c8:a6:08:5b:16:01 , -49
1732237429939 , c8:a6:08:9b:16:01 , -55
1732237429939 , c8:a6:08:9a:bf:31 , -87
1732237429939 , c8:a6:08:5b:16:00 , -49
1732237429939 , c8:a6:08:9b:16:00 , -53
1732237429939 , 96:f8:4a:36:a6:a8 , -93
1732237429939 , 96:f8:4a:36:a6:a7 , -92
1732237429939 , 80:ea:96:f2:cc:76 , -74
1732237429939 , 80:ea:96:f2:cc:77 , -88
1732237429939 , 50:d4:f7:a6:80:f4 , -76
1732237429939 , c8:a6:08:9a:bc:10 , -79
1732237429939 , c8:a6:08:9a:bc:11 , -79
1732237429939 , c8:a6:08:9a:bb:80 , -82
1732237429939 , c8:a6:08:5a:bc:11 , -69
1732237429939 , c8:a6:08:9a:bb:81 , -82
1732237429939 , ac:44:f2:8c:b0:e0 , -87
1732237429939 , c8:a6:08:9a:fd:84 , -94
1732237429939 , c8:a6:08:9a:bb:84 , -82
1732237429939 , 60:84:bd:de:7c:67 , -75
1732237429939 , ac:44:f2:8c:e9:20 , -80
1732237429939 , c8:a6:08:9a:fd:01 , -87
1732237429939 , c8:a6:08:9a:fd:00 , -86
1732237429939 , c0:25:a2:a7:2e:2b , -68
1732237429939 , c0:25:a2:a7:2e:2a , -68
1732237429939 , c8:a6:08:9a:b7:01 , -85
1732237429939 , c8:a6:08:9b:16:24 , -64
1732237429939 , c8:a6:08:5b:15:50 , -56
1732237429939 , 74:03:bd:8b:7c:b7 , -87
1732237429939 , c0:25:a2:a9:b1:4f , -71
1732237429939 , c8:a6:08:5a:b7:00 , -78
1732237429939 , c8:a6:08:9b:15:51 , -54
1732237429939 , c8:a6:08:5a:b7:01 , -77
1732237429939 , c8:a6:08:9b:15:50 , -54
1732237429939 , 84:af:ec:86:f0:60 , -50
1732237429939 , c8:a6:08:9b:16:21 , -62
1732237429939 , c8:a6:08:9b:16:20 , -62
1732237429939 , c0:25:a2:a7:2e:1a , -52
1732237429939 , f8:b7:97:9b:d6:ff , -70
1732237429939 , c8:a6:08:9a:bb:b0 , -93
1732237429939 , f8:b7:97:9b:d6:fe , -67
1732237429939 , c8:a6:08:9a:bb:b1 , -93
1732237429939 , c8:a6:08:9a:bb:b4 , -92
1732237429939 , c8:a6:08:5a:bb:f4 , -59
1732237429939 , c8:a6:08:5a:bb:f1 , -59
1732237429939 , c8:a6:08:5a:bb:f0 , -59
1732237429939 , c8:a6:08:9a:bb:f0 , -56
1732237429939 , c8:a6:08:9a:bb:f1 , -56
1732237430937 , c8:a6:08:9a:fe:71 , -46
1732237430937 , 74:03:bd:ef:8a:00 , -56
1732237430937 , c8:a6:08:9a:fc:90 , -79
1732237430937 , c8:a6:08:9a:fe:70 , -46
1732237430937 , d2:c0:bf:1d:b5:64 , -88
1732237430937 , c8:a6:08:9a:fc:91 , -80
1732237430937 , c8:a6:08:9a:fe:74 , -47
1732237430937 , 84:af:ec:86:f0:70 , -57
1732237430937 , ac:44:f2:8c:e8:a8 , -87
1732237430937 , c8:a6:08:9a:bb:c4 , -73
1732237430937 , c8:a6:08:9a:bb:c1 , -73
1732237430937 , c8:a6:08:5a:fe:71 , -48
1732237430937 , c8:a6:08:5a:fe:70 , -48
1732237430937 , c8:a6:08:9a:bb:c0 , -77
1732237430937 , d0:40:ef:f9:ef:75 , -50
1732237430937 , c8:a6:08:9a:ac:a1 , -93
1732237430937 , 74:03:bd:ef:8a:10 , -66
1732237430937 , 16:27:f5:e3:50:97 , -84
1732237430937 , c8:a6:08:9a:bf:30 , -87
1732237430937 , c8:a6:08:5a:ac:a1 , -80
1732237430937 , c8:a6:08:9a:ac:a0 , -92
1732237430937 , 10:27:f5:e3:50:97 , -85
1732237430937 , c8:a6:08:9a:bf:34 , -87
1732237430937 , c8:a6:08:5b:16:01 , -49
1732237430937 , c8:a6:08:9b:16:01 , -55
1732237430937 , c8:a6:08:9a:bf:31 , -87
1732237430937 , c8:a6:08:5b:16:00 , -49
1732237430937 , c8:a6:08:9b:16:00 , -53
1732237430937 , 96:f8:4a:36:a6:a8 , -93
1732237430937 , 96:f8:4a:36:a6:a7 , -92
1732237430937 , 80:ea:96:f2:cc:76 , -74
1732237430937 , 80:ea:96:f2:cc:77 , -88
1732237430937 , 50:d4:f7:a6:80:f4 , -76
1732237430937 , c8:a6:08:9a:bc:10 , -79
1732237430937 , c8:a6:08:9a:bc:11 , -79
1732237430937 , c8:a6:08:9a:bb:80 , -82
1732237430937 , c8:a6:08:5a:bc:11 , -69
1732237430937 , c8:a6:08:9a:bb:81 , -82
1732237430937 , ac:44:f2:8c:b0:e0 , -87
1732237430937 , c8:a6:08:9a:fd:84 , -94
1732237430937 , c8:a6:08:9a:bb:84 , -82
1732237430937 , 60:84:bd:de:7c:67 , -75
1732237430937 , ac:44:f2:8c:e9:20 , -80
1732237430937 , c8:a6:08:9a:fd:01 , -87
1732237430937 , c8:a6:08:9a:fd:00 , -86
1732237430937 , c0:25:a2:a7:2e:2b , -68
1732237430937 , c0:25:a2:a7:2e:2a , -68
1732237430937 , c8:a6:08:9a:b7:01 , -85
1732237430937 , c8:a6:08:9b:16:24 , -64
1732237430937 , c8:a6:08:5b:15:50 , -56
1732237430937 , 74:03:bd:8b:7c:b7 , -87
1732237430937 , c0:25:a2:a9:b1:4f , -71
1732237430937 , c8:a6:08:5a:b7:00 , -78
1732237430937 , c8:a6:08:9b:15:51 , -54
1732237430937 , c8:a6:08:5a:b7:01 , -77
1732237430937 , c8:a6:08:9b:15:50 , -54
1732237430937 , 84:af:ec:86:f0:60 , -50
1732237430937 , c8:a6:08:9b:16:21 , -62
1732237430937 , c8:a6:08:9b:16:20 , -62
1732237430937 , c0:25:a2:a7:2e:1a , -52
1732237430937 , f8:b7:97:9b:d6:ff , -70
1732237430937 , c8:a6:08:9a:bb:b0 , -93
1732237430937 , f8:b7:97:9b:d6:fe , -67
1732237430937 , c8:a6:08:9a:bb:b1 , -93
1732237430937 , c8:a6:08:9a:bb:b4 , -92
1732237430937 , c8:a6:08:5a:bb:f4 , -59
1732237430937 , c8:a6:08:5a:bb:f1 , -59
1732237430937 , c8:a6:08:5a:bb:f0 , -59
1732237430937 , c8:a6:08:9a:bb:f0 , -56
1732237430937 , c8:a6:08:9a:bb:f1 , -56
1732237431959 , c8:a6:08:9a:fe:71 , -46
1732237431959 , 74:03:bd:ef:8a:00 , -56
1732237431959 , c8:a6:08:9a:fc:90 , -79
1732237431959 , c8:a6:08:9a:fe:70 , -46
1732237431959 , d2:c0:bf:1d:b5:64 , -88
1732237431959 , c8:a6:08:9a:fc:91 , -80
1732237431959 , c8:a6:08:9a:fe:74 , -47
1732237431959 , 84:af:ec:86:f0:70 , -57
1732237431959 , ac:44:f2:8c:e8:a8 , -87
1732237431959 , c8:a6:08:9a:bb:c4 , -73
1732237431959 , c8:a6:08:9a:bb:c1 , -73
1732237431959 , c8:a6:08:5a:fe:71 , -48
1732237431959 , c8:a6:08:5a:fe:70 , -48
1732237431959 , c8:a6:08:9a:bb:c0 , -77
1732237431959 , d0:40:ef:f9:ef:75 , -50
1732237431959 , c8:a6:08:9a:ac:a1 , -93
1732237431959 , 74:03:bd:ef:8a:10 , -66
1732237431959 , 16:27:f5:e3:50:97 , -84
1732237431959 , c8:a6:08:9a:bf:30 , -87
1732237431959 , c8:a6:08:5a:ac:a1 , -80
1732237431959 , c8:a6:08:9a:ac:a0 , -92
1732237431959 , 10:27:f5:e3:50:97 , -85
1732237431959 , c8:a6:08:9a:bf:34 , -87
1732237431959 , c8:a6:08:5b:16:01 , -49
1732237431959 , c8:a6:08:9b:16:01 , -55
1732237431959 , c8:a6:08:9a:bf:31 , -87
1732237431959 , c8:a6:08:5b:16:00 , -49
1732237431959 , c8:a6:08:9b:16:00 , -53
1732237431959 , 96:f8:4a:36:a6:a8 , -93
1732237431959 , 96:f8:4a:36:a6:a7 , -92
1732237431959 , 80:ea:96:f2:cc:76 , -74
1732237431959 , 80:ea:96:f2:cc:77 , -88
1732237431959 , 50:d4:f7:a6:80:f4 , -76
1732237431959 , c8:a6:08:9a:bc:10 , -79
1732237431959 , c8:a6:08:9a:bc:11 , -79
1732237431959 , c8:a6:08:9a:bb:80 , -82
1732237431959 , c8:a6:08:5a:bc:11 , -69
1732237431959 , c8:a6:08:9a:bb:81 , -82
1732237431959 , ac:44:f2:8c:b0:e0 , -87
1732237431959 , c8:a6:08:9a:fd:84 , -94
1732237431959 , c8:a6:08:9a:bb:84 , -82
1732237431959 , 60:84:bd:de:7c:67 , -75
1732237431959 , ac:44:f2:8c:e9:20 , -80
1732237431959 , c8:a6:08:9a:fd:01 , -87
1732237431959 , c8:a6:08:9a:fd:00 , -86
1732237431959 , c0:25:a2:a7:2e:2b , -68
1732237431959 , c0:25:a2:a7:2e:2a , -68
1732237431959 , c8:a6:08:9a:b7:01 , -85
1732237431959 , c8:a6:08:9b:16:24 , -64
1732237431959 , c8:a6:08:5b:15:50 , -56
1732237431959 , 74:03:bd:8b:7c:b7 , -87
1732237431959 , c0:25:a2:a9:b1:4f , -71
1732237431959 , c8:a6:08:5a:b7:00 , -78
1732237431959 , c8:a6:08:9b:15:51 , -54
1732237431959 , c8:a6:08:5a:b7:01 , -77
1732237431959 , c8:a6:08:9b:15:50 , -54
1732237431959 , 84:af:ec:86:f0:60 , -50
1732237431959 , c8:a6:08:9b:16:21 , -62
1732237431959 , c8:a6:08:9b:16:20 , -62
1732237431959 , c0:25:a2:a7:2e:1a , -52
1732237431959 , f8:b7:97:9b:d6:ff , -70
1732237431959 , c8:a6:08:9a:bb:b0 , -93
1732237431959 , f8:b7:97:9b:d6:fe , -67
1732237431959 , c8:a6:08:9a:bb:b1 , -93
1732237431959 , c8:a6:08:9a:bb:b4 , -92
1732237431959 , c8:a6:08:5a:bb:f4 , -59
1732237431959 , c8:a6:08:5a:bb:f1 , -59
1732237431959 , c8:a6:08:5a:bb:f0 , -59
1732237431959 , c8:a6:08:9a:bb:f0 , -56
1732237431959 , c8:a6:08:9a:bb:f1 , -56
1732237432973 , c8:a6:08:9a:fe:71 , -46
1732237432973 , 74:03:bd:ef:8a:00 , -56
1732237432973 , c8:a6:08:9a:fc:90 , -79
1732237432973 , c8:a6:08:9a:fe:70 , -46
1732237432973 , d2:c0:bf:1d:b5:64 , -88
1732237432973 , c8:a6:08:9a:fc:91 , -80
1732237432973 , c8:a6:08:9a:fe:74 , -47
1732237432973 , 84:af:ec:86:f0:70 , -57
1732237432973 , ac:44:f2:8c:e8:a8 , -87
1732237432973 , c8:a6:08:9a:bb:c4 , -73
1732237432973 , c8:a6:08:9a:bb:c1 , -73
1732237432973 , c8:a6:08:5a:fe:71 , -48
1732237432973 , c8:a6:08:5a:fe:70 , -48
1732237432973 , c8:a6:08:9a:bb:c0 , -77
1732237432973 , d0:40:ef:f9:ef:75 , -50
1732237432973 , c8:a6:08:9a:ac:a1 , -93
1732237432973 , 74:03:bd:ef:8a:10 , -66
1732237432973 , 16:27:f5:e3:50:97 , -84
1732237432973 , c8:a6:08:9a:bf:30 , -87
1732237432973 , c8:a6:08:5a:ac:a1 , -80
1732237432973 , c8:a6:08:9a:ac:a0 , -92
1732237432973 , 10:27:f5:e3:50:97 , -85
1732237432973 , c8:a6:08:9a:bf:34 , -87
1732237432973 , c8:a6:08:5b:16:01 , -49
1732237432973 , c8:a6:08:9b:16:01 , -55
1732237432973 , c8:a6:08:9a:bf:31 , -87
1732237432973 , c8:a6:08:5b:16:00 , -49
1732237432973 , c8:a6:08:9b:16:00 , -53
1732237432973 , 96:f8:4a:36:a6:a8 , -93
1732237432973 , 96:f8:4a:36:a6:a7 , -92
1732237432973 , 80:ea:96:f2:cc:76 , -74
1732237432973 , 80:ea:96:f2:cc:77 , -88
1732237432973 , 50:d4:f7:a6:80:f4 , -76
1732237432973 , c8:a6:08:9a:bc:10 , -79
1732237432973 , c8:a6:08:9a:bc:11 , -79
1732237432973 , c8:a6:08:9a:bb:80 , -82
1732237432973 , c8:a6:08:5a:bc:11 , -69
1732237432973 , c8:a6:08:9a:bb:81 , -82
1732237432973 , ac:44:f2:8c:b0:e0 , -87
1732237432973 , c8:a6:08:9a:fd:84 , -94
1732237432973 , c8:a6:08:9a:bb:84 , -82
1732237432973 , 60:84:bd:de:7c:67 , -75
1732237432973 , ac:44:f2:8c:e9:20 , -80
1732237432973 , c8:a6:08:9a:fd:01 , -87
1732237432973 , c8:a6:08:9a:fd:00 , -86
1732237432973 , c0:25:a2:a7:2e:2b , -68
1732237432973 , c0:25:a2:a7:2e:2a , -68
1732237432973 , c8:a6:08:9a:b7:01 , -85
1732237432973 , c8:a6:08:9b:16:24 , -64
1732237432973 , c8:a6:08:5b:15:50 , -56
1732237432973 , 74:03:bd:8b:7c:b7 , -87
1732237432973 , c0:25:a2:a9:b1:4f , -71
1732237432973 , c8:a6:08:5a:b7:00 , -78
1732237432973 , c8:a6:08:9b:15:51 , -54
1732237432973 , c8:a6:08:5a:b7:01 , -77
1732237432973 , c8:a6:08:9b:15:50 , -54
1732237432973 , 84:af:ec:86:f0:60 , -50
1732237432973 , c8:a6:08:9b:16:21 , -62
1732237432973 , c8:a6:08:9b:16:20 , -62
1732237432973 , c0:25:a2:a7:2e:1a , -52
1732237432973 , f8:b7:97:9b:d6:ff , -70
1732237432973 , c8:a6:08:9a:bb:b0 , -93
1732237432973 , f8:b7:97:9b:d6:fe , -67
1732237432973 , c8:a6:08:9a:bb:b1 , -93
1732237432973 , c8:a6:08:9a:bb:b4 , -92
1732237432973 , c8:a6:08:5a:bb:f4 , -59
1732237432973 , c8:a6:08:5a:bb:f1 , -59
1732237432973 , c8:a6:08:5a:bb:f0 , -59
1732237432973 , c8:a6:08:9a:bb:f0 , -56
1732237432973 , c8:a6:08:9a:bb:f1 , -56
1732237433982 , c8:a6:08:9a:fe:71 , -46
1732237433982 , 74:03:bd:ef:8a:00 , -56
1732237433982 , c8:a6:08:9a:fc:90 , -79
1732237433982 , c8:a6:08:9a:fe:70 , -46
1732237433982 , d2:c0:bf:1d:b5:64 , -88
1732237433982 , c8:a6:08:9a:fc:91 , -80
1732237433982 , c8:a6:08:9a:fe:74 , -47
1732237433982 , 84:af:ec:86:f0:70 , -57
1732237433982 , ac:44:f2:8c:e8:a8 , -87
1732237433982 , c8:a6:08:9a:bb:c4 , -73
1732237433982 , c8:a6:08:9a:bb:c1 , -73
1732237433982 , c8:a6:08:5a:fe:71 , -48
1732237433982 , c8:a6:08:5a:fe:70 , -48
1732237433982 , c8:a6:08:9a:bb:c0 , -77
1732237433982 , d0:40:ef:f9:ef:75 , -50
1732237433982 , c8:a6:08:9a:ac:a1 , -93
1732237433982 , 74:03:bd:ef:8a:10 , -66
1732237433982 , 16:27:f5:e3:50:97 , -84
1732237433982 , c8:a6:08:9a:bf:30 , -87
1732237433982 , c8:a6:08:5a:ac:a1 , -80
1732237433982 , c8:a6:08:9a:ac:a0 , -92
1732237433982 , 10:27:f5:e3:50:97 , -85
1732237433982 , c8:a6:08:9a:bf:34 , -87
1732237433982 , c8:a6:08:5b:16:01 , -49
1732237433982 , c8:a6:08:9b:16:01 , -55
1732237433982 , c8:a6:08:9a:bf:31 , -87
1732237433982 , c8:a6:08:5b:16:00 , -49
1732237433982 , c8:a6:08:9b:16:00 , -53
1732237433982 , 96:f8:4a:36:a6:a8 , -93
1732237433982 , 96:f8:4a:36:a6:a7 , -92
1732237433982 , 80:ea:96:f2:cc:76 , -74
1732237433982 , 80:ea:96:f2:cc:77 , -88
1732237433982 , 50:d4:f7:a6:80:f4 , -76
1732237433982 , c8:a6:08:9a:bc:10 , -79
1732237433982 , c8:a6:08:9a:bc:11 , -79
1732237433982 , c8:a6:08:9a:bb:80 , -82
1732237433982 , c8:a6:08:5a:bc:11 , -69
1732237433982 , c8:a6:08:9a:bb:81 , -82
1732237433982 , ac:44:f2:8c:b0:e0 , -87
1732237433982 , c8:a6:08:9a:fd:84 , -94
1732237433982 , c8:a6:08:9a:bb:84 , -82
1732237433982 , 60:84:bd:de:7c:67 , -75
1732237433982 , ac:44:f2:8c:e9:20 , -80
1732237433982 , c8:a6:08:9a:fd:01 , -87
1732237433982 , c8:a6:08:9a:fd:00 , -86
1732237433982 , c0:25:a2:a7:2e:2b , -68
1732237433982 , c0:25:a2:a7:2e:2a , -68
1732237433982 , c8:a6:08:9a:b7:01 , -85
1732237433982 , c8:a6:08:9b:16:24 , -64
1732237433982 , c8:a6:08:5b:15:50 , -56
1732237433982 , 74:03:bd:8b:7c:b7 , -87
1732237433982 , c0:25:a2:a9:b1:4f , -71
1732237433982 , c8:a6:08:5a:b7:00 , -78
1732237433982 , c8:a6:08:9b:15:51 , -54
1732237433982 , c8:a6:08:5a:b7:01 , -77
1732237433982 , c8:a6:08:9b:15:50 , -54
1732237433982 , 84:af:ec:86:f0:60 , -50
1732237433982 , c8:a6:08:9b:16:21 , -62
1732237433982 , c8:a6:08:9b:16:20 , -62
1732237433982 , c0:25:a2:a7:2e:1a , -52
1732237433982 , f8:b7:97:9b:d6:ff , -70
1732237433982 , c8:a6:08:9a:bb:b0 , -93
1732237433982 , f8:b7:97:9b:d6:fe , -67
1732237433982 , c8:a6:08:9a:bb:b1 , -93
1732237433982 , c8:a6:08:9a:bb:b4 , -92
1732237433982 , c8:a6:08:5a:bb:f4 , -59
1732237433982 , c8:a6:08:5a:bb:f1 , -59
1732237433982 , c8:a6:08:5a:bb:f0 , -59
1732237433982 , c8:a6:08:9a:bb:f0 , -56
1732237433982 , c8:a6:08:9a:bb:f1 , -56
1732237434980 , c8:a6:08:9a:fe:71 , -46
1732237434980 , 74:03:bd:ef:8a:00 , -56
1732237434980 , c8:a6:08:9a:fc:90 , -79
1732237434980 , c8:a6:08:9a:fe:70 , -46
1732237434980 , d2:c0:bf:1d:b5:64 , -88
1732237434980 , c8:a6:08:9a:fc:91 , -80
1732237434980 , c8:a6:08:9a:fe:74 , -47
1732237434980 , 84:af:ec:86:f0:70 , -57
1732237434980 , ac:44:f2:8c:e8:a8 , -87
1732237434980 , c8:a6:08:9a:bb:c4 , -73
1732237434980 , c8:a6:08:9a:bb:c1 , -73
1732237434980 , c8:a6:08:5a:fe:71 , -48
1732237434980 , c8:a6:08:5a:fe:70 , -48
1732237434980 , c8:a6:08:9a:bb:c0 , -77
1732237434980 , d0:40:ef:f9:ef:75 , -50
1732237434980 , c8:a6:08:9a:ac:a1 , -93
1732237434980 , 74:03:bd:ef:8a:10 , -66
1732237434980 , 16:27:f5:e3:50:97 , -84
1732237434980 , c8:a6:08:9a:bf:30 , -87
1732237434980 , c8:a6:08:5a:ac:a1 , -80
1732237434980 , c8:a6:08:9a:ac:a0 , -92
1732237434980 , 10:27:f5:e3:50:97 , -85
1732237434980 , c8:a6:08:9a:bf:34 , -87
1732237434980 , c8:a6:08:5b:16:01 , -49
1732237434980 , c8:a6:08:9b:16:01 , -55
1732237434980 , c8:a6:08:9a:bf:31 , -87
1732237434980 , c8:a6:08:5b:16:00 , -49
1732237434980 , c8:a6:08:9b:16:00 , -53
1732237434980 , 96:f8:4a:36:a6:a8 , -93
1732237434980 , 96:f8:4a:36:a6:a7 , -92
1732237434980 , 80:ea:96:f2:cc:76 , -74
1732237434980 , 80:ea:96:f2:cc:77 , -88
1732237434980 , 50:d4:f7:a6:80:f4 , -76
1732237434980 , c8:a6:08:9a:bc:10 , -79
1732237434980 , c8:a6:08:9a:bc:11 , -79
1732237434980 , c8:a6:08:9a:bb:80 , -82
1732237434980 , c8:a6:08:5a:bc:11 , -69
1732237434980 , c8:a6:08:9a:bb:81 , -82
1732237434980 , ac:44:f2:8c:b0:e0 , -87
1732237434980 , c8:a6:08:9a:fd:84 , -94
1732237434980 , c8:a6:08:9a:bb:84 , -82
1732237434980 , 60:84:bd:de:7c:67 , -75
1732237434980 , ac:44:f2:8c:e9:20 , -80
1732237434980 , c8:a6:08:9a:fd:01 , -87
1732237434980 , c8:a6:08:9a:fd:00 , -86
1732237434980 , c0:25:a2:a7:2e:2b , -68
1732237434980 , c0:25:a2:a7:2e:2a , -68
1732237434980 , c8:a6:08:9a:b7:01 , -85
1732237434980 , c8:a6:08:9b:16:24 , -64
1732237434980 , c8:a6:08:5b:15:50 , -56
1732237434980 , 74:03:bd:8b:7c:b7 , -87
1732237434980 , c0:25:a2:a9:b1:4f , -71
1732237434980 , c8:a6:08:5a:b7:00 , -78
1732237434980 , c8:a6:08:9b:15:51 , -54
1732237434980 , c8:a6:08:5a:b7:01 , -77
1732237434980 , c8:a6:08:9b:15:50 , -54
1732237434980 , 84:af:ec:86:f0:60 , -50
1732237434980 , c8:a6:08:9b:16:21 , -62
1732237434980 , c8:a6:08:9b:16:20 , -62
1732237434980 , c0:25:a2:a7:2e:1a , -52
1732237434980 , f8:b7:97:9b:d6:ff , -70
1732237434980 , c8:a6:08:9a:bb:b0 , -93
1732237434980 , f8:b7:97:9b:d6:fe , -67
1732237434980 , c8:a6:08:9a:bb:b1 , -93
1732237434980 , c8:a6:08:9a:bb:b4 , -92
1732237434980 , c8:a6:08:5a:bb:f4 , -59
1732237434980 , c8:a6:08:5a:bb:f1 , -59
1732237434980 , c8:a6:08:5a:bb:f0 , -59
1732237434980 , c8:a6:08:9a:bb:f0 , -56
1732237434980 , c8:a6:08:9a:bb:f1 , -56
1732237436017 , c8:a6:08:9a:fe:71 , -46
1732237436017 , 74:03:bd:ef:8a:00 , -56
1732237436017 , c8:a6:08:9a:fc:90 , -79
1732237436017 , c8:a6:08:9a:fe:70 , -46
1732237436017 , d2:c0:bf:1d:b5:64 , -88
1732237436017 , c8:a6:08:9a:fc:91 , -80
1732237436017 , c8:a6:08:9a:fe:74 , -47
1732237436017 , 84:af:ec:86:f0:70 , -57
1732237436017 , ac:44:f2:8c:e8:a8 , -87
1732237436017 , c8:a6:08:9a:bb:c4 , -73
1732237436017 , c8:a6:08:9a:bb:c1 , -73
1732237436017 , c8:a6:08:5a:fe:71 , -48
1732237436017 , c8:a6:08:5a:fe:70 , -48
1732237436017 , c8:a6:08:9a:bb:c0 , -77
1732237436017 , d0:40:ef:f9:ef:75 , -50
1732237436017 , c8:a6:08:9a:ac:a1 , -93
1732237436017 , 74:03:bd:ef:8a:10 , -66
1732237436017 , 16:27:f5:e3:50:97 , -84
1732237436017 , c8:a6:08:9a:bf:30 , -87
1732237436017 , c8:a6:08:5a:ac:a1 , -80
1732237436017 , c8:a6:08:9a:ac:a0 , -92
1732237436017 , 10:27:f5:e3:50:97 , -85
1732237436017 , c8:a6:08:9a:bf:34 , -87
1732237436017 , c8:a6:08:5b:16:01 , -49
1732237436017 , c8:a6:08:9b:16:01 , -55
1732237436017 , c8:a6:08:9a:bf:31 , -87
1732237436017 , c8:a6:08:5b:16:00 , -49
1732237436017 , c8:a6:08:9b:16:00 , -53
1732237436017 , 96:f8:4a:36:a6:a8 , -93
1732237436017 , 96:f8:4a:36:a6:a7 , -92
1732237436017 , 80:ea:96:f2:cc:76 , -74
1732237436017 , 80:ea:96:f2:cc:77 , -88
1732237436017 , 50:d4:f7:a6:80:f4 , -76
1732237436017 , c8:a6:08:9a:bc:10 , -79
1732237436017 , c8:a6:08:9a:bc:11 , -79
1732237436017 , c8:a6:08:9a:bb:80 , -82
1732237436017 , c8:a6:08:5a:bc:11 , -69
1732237436017 , c8:a6:08:9a:bb:81 , -82
1732237436017 , ac:44:f2:8c:b0:e0 , -87
1732237436017 , c8:a6:08:9a:fd:84 , -94
1732237436017 , c8:a6:08:9a:bb:84 , -82
1732237436017 , 60:84:bd:de:7c:67 , -75
1732237436017 , ac:44:f2:8c:e9:20 , -80
1732237436017 , c8:a6:08:9a:fd:01 , -87
1732237436017 , c8:a6:08:9a:fd:00 , -86
1732237436017 , c0:25:a2:a7:2e:2b , -68
1732237436017 , c0:25:a2:a7:2e:2a , -68
1732237436017 , c8:a6:08:9a:b7:01 , -85
1732237436017 , c8:a6:08:9b:16:24 , -64
1732237436017 , c8:a6:08:5b:15:50 , -56
1732237436017 , 74:03:bd:8b:7c:b7 , -87
1732237436017 , c0:25:a2:a9:b1:4f , -71
1732237436017 , c8:a6:08:5a:b7:00 , -78
1732237436017 , c8:a6:08:9b:15:51 , -54
1732237436017 , c8:a6:08:5a:b7:01 , -77
1732237436017 , c8:a6:08:9b:15:50 , -54
1732237436017 , 84:af:ec:86:f0:60 , -50
1732237436017 , c8:a6:08:9b:16:21 , -62
1732237436017 , c8:a6:08:9b:16:20 , -62
1732237436017 , c0:25:a2:a7:2e:1a , -52
1732237436017 , f8:b7:97:9b:d6:ff , -70
1732237436017 , c8:a6:08:9a:bb:b0 , -93
1732237436017 , f8:b7:97:9b:d6:fe , -67
1732237436017 , c8:a6:08:9a:bb:b1 , -93
1732237436017 , c8:a6:08:9a:bb:b4 , -92
1732237436017 , c8:a6:08:5a:bb:f4 , -59
1732237436017 , c8:a6:08:5a:bb:f1 , -59
1732237436017 , c8:a6:08:5a:bb:f0 , -59
1732237436017 , c8:a6:08:9a:bb:f0 , -56
1732237436017 , c8:a6:08:9a:bb:f1 , -56
1732237437011 , c8:a6:08:9a:fe:71 , -46
1732237437011 , 74:03:bd:ef:8a:00 , -56
1732237437011 , c8:a6:08:9a:fc:90 , -79
1732237437011 , c8:a6:08:9a:fe:70 , -46
1732237437011 , d2:c0:bf:1d:b5:64 , -88
1732237437011 , c8:a6:08:9a:fc:91 , -80
1732237437011 , c8:a6:08:9a:fe:74 , -47
1732237437011 , 84:af:ec:86:f0:70 , -57
1732237437011 , ac:44:f2:8c:e8:a8 , -87
1732237437011 , c8:a6:08:9a:bb:c4 , -73
1732237437011 , c8:a6:08:9a:bb:c1 , -73
1732237437011 , c8:a6:08:5a:fe:71 , -48
1732237437011 , c8:a6:08:5a:fe:70 , -48
1732237437011 , c8:a6:08:9a:bb:c0 , -77
1732237437011 , d0:40:ef:f9:ef:75 , -50
1732237437011 , c8:a6:08:9a:ac:a1 , -93
1732237437011 , 74:03:bd:ef:8a:10 , -66
1732237437011 , 16:27:f5:e3:50:97 , -84
1732237437011 , c8:a6:08:9a:bf:30 , -87
1732237437011 , c8:a6:08:5a:ac:a1 , -80
1732237437011 , c8:a6:08:9a:ac:a0 , -92
1732237437011 , 10:27:f5:e3:50:97 , -85
1732237437011 , c8:a6:08:9a:bf:34 , -87
1732237437011 , c8:a6:08:5b:16:01 , -49
1732237437011 , c8:a6:08:9b:16:01 , -55
1732237437011 , c8:a6:08:9a:bf:31 , -87
1732237437011 , c8:a6:08:5b:16:00 , -49
1732237437011 , c8:a6:08:9b:16:00 , -53
1732237437011 , 96:f8:4a:36:a6:a8 , -93
1732237437011 , 96:f8:4a:36:a6:a7 , -92
1732237437011 , 80:ea:96:f2:cc:76 , -74
1732237437011 , 80:ea:96:f2:cc:77 , -88
1732237437011 , 50:d4:f7:a6:80:f4 , -76
1732237437011 , c8:a6:08:9a:bc:10 , -79
1732237437011 , c8:a6:08:9a:bc:11 , -79
1732237437011 , c8:a6:08:9a:bb:80 , -82
1732237437011 , c8:a6:08:5a:bc:11 , -69
1732237437011 , c8:a6:08:9a:bb:81 , -82
1732237437011 , ac:44:f2:8c:b0:e0 , -87
1732237437011 , c8:a6:08:9a:fd:84 , -94
1732237437011 , c8:a6:08:9a:bb:84 , -82
1732237437011 , 60:84:bd:de:7c:67 , -75
1732237437011 , ac:44:f2:8c:e9:20 , -80
1732237437011 , c8:a6:08:9a:fd:01 , -87
1732237437011 , c8:a6:08:9a:fd:00 , -86
1732237437011 , c0:25:a2:a7:2e:2b , -68
1732237437011 , c0:25:a2:a7:2e:2a , -68
1732237437011 , c8:a6:08:9a:b7:01 , -85
1732237437011 , c8:a6:08:9b:16:24 , -64
1732237437011 , c8:a6:08:5b:15:50 , -56
1732237437011 , 74:03:bd:8b:7c:b7 , -87
1732237437011 , c0:25:a2:a9:b1:4f , -71
1732237437011 , c8:a6:08:5a:b7:00 , -78
1732237437011 , c8:a6:08:9b:15:51 , -54
1732237437011 , c8:a6:08:5a:b7:01 , -77
1732237437011 , c8:a6:08:9b:15:50 , -54
1732237437011 , 84:af:ec:86:f0:60 , -50
1732237437011 , c8:a6:08:9b:16:21 , -62
1732237437011 , c8:a6:08:9b:16:20 , -62
1732237437011 , c0:25:a2:a7:2e:1a , -52
1732237437011 , f8:b7:97:9b:d6:ff , -70
1732237437011 , c8:a6:08:9a:bb:b0 , -93
1732237437011 , f8:b7:97:9b:d6:fe , -67
1732237437011 , c8:a6:08:9a:bb:b1 , -93
1732237437011 , c8:a6:08:9a:bb:b4 , -92
1732237437011 , c8:a6:08:5a:bb:f4 , -59
1732237437011 , c8:a6:08:5a:bb:f1 , -59
1732237437011 , c8:a6:08:5a:bb:f0 , -59
1732237437011 , c8:a6:08:9a:bb:f0 , -56
1732237437011 , c8:a6:08:9a:bb:f1 , -56
1732237438021 , c8:a6:08:9a:fe:71 , -46
1732237438021 , 74:03:bd:ef:8a:00 , -56
1732237438021 , c8:a6:08:9a:fc:90 , -79
1732237438021 , c8:a6:08:9a:fe:70 , -46
1732237438021 , d2:c0:bf:1d:b5:64 , -88
1732237438021 , c8:a6:08:9a:fc:91 , -80
1732237438021 , c8:a6:08:9a:fe:74 , -47
1732237438021 , 84:af:ec:86:f0:70 , -57
1732237438021 , ac:44:f2:8c:e8:a8 , -87
1732237438021 , c8:a6:08:9a:bb:c4 , -73
1732237438021 , c8:a6:08:9a:bb:c1 , -73
1732237438021 , c8:a6:08:5a:fe:71 , -48
1732237438021 , c8:a6:08:5a:fe:70 , -48
1732237438021 , c8:a6:08:9a:bb:c0 , -77
1732237438021 , d0:40:ef:f9:ef:75 , -50
1732237438021 , c8:a6:08:9a:ac:a1 , -93
1732237438021 , 74:03:bd:ef:8a:10 , -66
1732237438021 , 16:27:f5:e3:50:97 , -84
1732237438021 , c8:a6:08:9a:bf:30 , -87
1732237438021 , c8:a6:08:5a:ac:a1 , -80
1732237438021 , c8:a6:08:9a:ac:a0 , -92
1732237438021 , 10:27:f5:e3:50:97 , -85
1732237438021 , c8:a6:08:9a:bf:34 , -87
1732237438021 , c8:a6:08:5b:16:01 , -49
1732237438021 , c8:a6:08:9b:16:01 , -55
1732237438021 , c8:a6:08:9a:bf:31 , -87
1732237438021 , c8:a6:08:5b:16:00 , -49
1732237438021 , c8:a6:08:9b:16:00 , -53
1732237438021 , 96:f8:4a:36:a6:a8 , -93
1732237438021 , 96:f8:4a:36:a6:a7 , -92
1732237438021 , 80:ea:96:f2:cc:76 , -74
1732237438021 , 80:ea:96:f2:cc:77 , -88
1732237438021 , 50:d4:f7:a6:80:f4 , -76
1732237438021 , c8:a6:08:9a:bc:10 , -79
1732237438021 , c8:a6:08:9a:bc:11 , -79
1732237438021 , c8:a6:08:9a:bb:80 , -82
1732237438021 , c8:a6:08:5a:bc:11 , -69
1732237438021 , c8:a6:08:9a:bb:81 , -82
1732237438021 , ac:44:f2:8c:b0:e0 , -87
1732237438021 , c8:a6:08:9a:fd:84 , -94
1732237438021 , c8:a6:08:9a:bb:84 , -82
1732237438021 , 60:84:bd:de:7c:67 , -75
1732237438021 , ac:44:f2:8c:e9:20 , -80
1732237438021 , c8:a6:08:9a:fd:01 , -87
1732237438021 , c8:a6:08:9a:fd:00 , -86
1732237438021 , c0:25:a2:a7:2e:2b , -68
1732237438021 , c0:25:a2:a7:2e:2a , -68
1732237438021 , c8:a6:08:9a:b7:01 , -85
1732237438021 , c8:a6:08:9b:16:24 , -64
1732237438021 , c8:a6:08:5b:15:50 , -56
1732237438021 , 74:03:bd:8b:7c:b7 , -87
1732237438021 , c0:25:a2:a9:b1:4f , -71
1732237438021 , c8:a6:08:5a:b7:00 , -78
1732237438021 , c8:a6:08:9b:15:51 , -54
1732237438021 , c8:a6:08:5a:b7:01 , -77
1732237438021 , c8:a6:08:9b:15:50 , -54
1732237438021 , 84:af:ec:86:f0:60 , -50
1732237438021 , c8:a6:08:9b:16:21 , -62
1732237438021 , c8:a6:08:9b:16:20 , -62
1732237438021 , c0:25:a2:a7:2e:1a , -52
1732237438021 , f8:b7:97:9b:d6:ff , -70
1732237438021 , c8:a6:08:9a:bb:b0 , -93
1732237438021 , f8:b7:97:9b:d6:fe , -67
1732237438021 , c8:a6:08:9a:bb:b1 , -93
1732237438021 , c8:a6:08:9a:bb:b4 , -92
1732237438021 , c8:a6:08:5a:bb:f4 , -59
1732237438021 , c8:a6:08:5a:bb:f1 , -59
1732237438021 , c8:a6:08:5a:bb:f0 , -59
1732237438021 , c8:a6:08:9a:bb:f0 , -56
1732237438021 , c8:a6:08:9a:bb:f1 , -56
1732237439036 , c8:a6:08:9a:fe:71 , -46
1732237439036 , 74:03:bd:ef:8a:00 , -56
1732237439036 , c8:a6:08:9a:fc:90 , -79
1732237439036 , c8:a6:08:9a:fe:70 , -46
1732237439036 , d2:c0:bf:1d:b5:64 , -88
1732237439036 , c8:a6:08:9a:fc:91 , -80
1732237439036 , c8:a6:08:9a:fe:74 , -47
1732237439036 , 84:af:ec:86:f0:70 , -57
1732237439036 , ac:44:f2:8c:e8:a8 , -87
1732237439036 , c8:a6:08:9a:bb:c4 , -73
1732237439036 , c8:a6:08:9a:bb:c1 , -73
1732237439036 , c8:a6:08:5a:fe:71 , -48
1732237439036 , c8:a6:08:5a:fe:70 , -48
1732237439036 , c8:a6:08:9a:bb:c0 , -77
1732237439036 , d0:40:ef:f9:ef:75 , -50
1732237439036 , c8:a6:08:9a:ac:a1 , -93
1732237439036 , 74:03:bd:ef:8a:10 , -66
1732237439036 , 16:27:f5:e3:50:97 , -84
1732237439036 , c8:a6:08:9a:bf:30 , -87
1732237439036 , c8:a6:08:5a:ac:a1 , -80
1732237439036 , c8:a6:08:9a:ac:a0 , -92
1732237439036 , 10:27:f5:e3:50:97 , -85
1732237439036 , c8:a6:08:9a:bf:34 , -87
1732237439036 , c8:a6:08:5b:16:01 , -49
1732237439036 , c8:a6:08:9b:16:01 , -55
1732237439036 , c8:a6:08:9a:bf:31 , -87
1732237439036 , c8:a6:08:5b:16:00 , -49
1732237439036 , c8:a6:08:9b:16:00 , -53
1732237439036 , 96:f8:4a:36:a6:a8 , -93
1732237439036 , 96:f8:4a:36:a6:a7 , -92
1732237439036 , 80:ea:96:f2:cc:76 , -74
1732237439036 , 80:ea:96:f2:cc:77 , -88
1732237439036 , 50:d4:f7:a6:80:f4 , -76
1732237439036 , c8:a6:08:9a:bc:10 , -79
1732237439036 , c8:a6:08:9a:bc:11 , -79
1732237439036 , c8:a6:08:9a:bb:80 , -82
1732237439036 , c8:a6:08:5a:bc:11 , -69
1732237439036 , c8:a6:08:9a:bb:81 , -82
1732237439036 , ac:44:f2:8c:b0:e0 , -87
1732237439036 , c8:a6:08:9a:fd:84 , -94
1732237439036 , c8:a6:08:9a:bb:84 , -82
1732237439036 , 60:84:bd:de:7c:67 , -75
1732237439036 , ac:44:f2:8c:e9:20 , -80
1732237439036 , c8:a6:08:9a:fd:01 , -87
1732237439036 , c8:a6:08:9a:fd:00 , -86
1732237439036 , c0:25:a2:a7:2e:2b , -68
1732237439036 , c0:25:a2:a7:2e:2a , -68
1732237439036 , c8:a6:08:9a:b7:01 , -85
1732237439036 , c8:a6:08:9b:16:24 , -64
1732237439036 , c8:a6:08:5b:15:50 , -56
1732237439036 , 74:03:bd:8b:7c:b7 , -87
1732237439036 , c0:25:a2:a9:b1:4f , -71
1732237439036 , c8:a6:08:5a:b7:00 , -78
1732237439036 , c8:a6:08:9b:15:51 , -54
1732237439036 , c8:a6:08:5a:b7:01 , -77
1732237439036 , c8:a6:08:9b:15:50 , -54
1732237439036 , 84:af:ec:86:f0:60 , -50
1732237439036 , c8:a6:08:9b:16:21 , -62
1732237439036 , c8:a6:08:9b:16:20 , -62
1732237439036 , c0:25:a2:a7:2e:1a , -52
1732237439036 , f8:b7:97:9b:d6:ff , -70
1732237439036 , c8:a6:08:9a:bb:b0 , -93
1732237439036 , f8:b7:97:9b:d6:fe , -67
1732237439036 , c8:a6:08:9a:bb:b1 , -93
1732237439036 , c8:a6:08:9a:bb:b4 , -92
1732237439036 , c8:a6:08:5a:bb:f4 , -59
1732237439036 , c8:a6:08:5a:bb:f1 , -59
1732237439036 , c8:a6:08:5a:bb:f0 , -59
1732237439036 , c8:a6:08:9a:bb:f0 , -56
1732237439036 , c8:a6:08:9a:bb:f1 , -56
1732237440067 , c8:a6:08:9a:fe:71 , -46
1732237440067 , 74:03:bd:ef:8a:00 , -56
1732237440067 , c8:a6:08:9a:fc:90 , -79
1732237440067 , c8:a6:08:9a:fe:70 , -46
1732237440067 , d2:c0:bf:1d:b5:64 , -88
1732237440067 , c8:a6:08:9a:fc:91 , -80
1732237440067 , c8:a6:08:9a:fe:74 , -47
1732237440067 , 84:af:ec:86:f0:70 , -57
1732237440067 , ac:44:f2:8c:e8:a8 , -87
1732237440067 , c8:a6:08:9a:bb:c4 , -73
1732237440067 , c8:a6:08:9a:bb:c1 , -73
1732237440067 , c8:a6:08:5a:fe:71 , -48
1732237440067 , c8:a6:08:5a:fe:70 , -48
1732237440067 , c8:a6:08:9a:bb:c0 , -77
1732237440067 , d0:40:ef:f9:ef:75 , -50
1732237440067 , c8:a6:08:9a:ac:a1 , -93
1732237440067 , 74:03:bd:ef:8a:10 , -66
1732237440067 , 16:27:f5:e3:50:97 , -84
1732237440067 , c8:a6:08:9a:bf:30 , -87
1732237440067 , c8:a6:08:5a:ac:a1 , -80
1732237440067 , c8:a6:08:9a:ac:a0 , -92
1732237440067 , 10:27:f5:e3:50:97 , -85
1732237440067 , c8:a6:08:9a:bf:34 , -87
1732237440067 , c8:a6:08:5b:16:01 , -49
1732237440067 , c8:a6:08:9b:16:01 , -55
1732237440067 , c8:a6:08:9a:bf:31 , -87
1732237440067 , c8:a6:08:5b:16:00 , -49
1732237440067 , c8:a6:08:9b:16:00 , -53
1732237440067 , 96:f8:4a:36:a6:a8 , -93
1732237440067 , 96:f8:4a:36:a6:a7 , -92
1732237440067 , 80:ea:96:f2:cc:76 , -74
1732237440067 , 80:ea:96:f2:cc:77 , -88
1732237440067 , 50:d4:f7:a6:80:f4 , -76
1732237440067 , c8:a6:08:9a:bc:10 , -79
1732237440067 , c8:a6:08:9a:bc:11 , -79
1732237440067 , c8:a6:08:9a:bb:80 , -82
1732237440067 , c8:a6:08:5a:bc:11 , -69
1732237440067 , c8:a6:08:9a:bb:81 , -82
1732237440067 , ac:44:f2:8c:b0:e0 , -87
1732237440067 , c8:a6:08:9a:fd:84 , -94
1732237440067 , c8:a6:08:9a:bb:84 , -82
1732237440067 , 60:84:bd:de:7c:67 , -75
1732237440067 , ac:44:f2:8c:e9:20 , -80
1732237440067 , c8:a6:08:9a:fd:01 , -87
1732237440067 , c8:a6:08:9a:fd:00 , -86
1732237440067 , c0:25:a2:a7:2e:2b , -68
1732237440067 , c0:25:a2:a7:2e:2a , -68
1732237440067 , c8:a6:08:9a:b7:01 , -85
1732237440067 , c8:a6:08:9b:16:24 , -64
1732237440067 , c8:a6:08:5b:15:50 , -56
1732237440067 , 74:03:bd:8b:7c:b7 , -87
1732237440067 , c0:25:a2:a9:b1:4f , -71
1732237440067 , c8:a6:08:5a:b7:00 , -78
1732237440067 , c8:a6:08:9b:15:51 , -54
1732237440067 , c8:a6:08:5a:b7:01 , -77
1732237440067 , c8:a6:08:9b:15:50 , -54
1732237440067 , 84:af:ec:86:f0:60 , -50
1732237440067 , c8:a6:08:9b:16:21 , -62
1732237440067 , c8:a6:08:9b:16:20 , -62
1732237440067 , c0:25:a2:a7:2e:1a , -52
1732237440067 , f8:b7:97:9b:d6:ff , -70
1732237440067 , c8:a6:08:9a:bb:b0 , -93
1732237440067 , f8:b7:97:9b:d6:fe , -67
1732237440067 , c8:a6:08:9a:bb:b1 , -93
1732237440067 , c8:a6:08:9a:bb:b4 , -92
1732237440067 , c8:a6:08:5a:bb:f4 , -59
1732237440067 , c8:a6:08:5a:bb:f1 , -59
1732237440067 , c8:a6:08:5a:bb:f0 , -59
1732237440067 , c8:a6:08:9a:bb:f0 , -56
1732237440067 , c8:a6:08:9a:bb:f1 , -56
1732237441066 , c8:a6:08:9a:fe:71 , -46
1732237441066 , 74:03:bd:ef:8a:00 , -56
1732237441066 , c8:a6:08:9a:fc:90 , -79
1732237441066 , c8:a6:08:9a:fe:70 , -46
1732237441066 , d2:c0:bf:1d:b5:64 , -88
1732237441066 , c8:a6:08:9a:fc:91 , -80
1732237441066 , c8:a6:08:9a:fe:74 , -47
1732237441066 , 84:af:ec:86:f0:70 , -57
1732237441066 , ac:44:f2:8c:e8:a8 , -87
1732237441066 , c8:a6:08:9a:bb:c4 , -73
1732237441066 , c8:a6:08:9a:bb:c1 , -73
1732237441066 , c8:a6:08:5a:fe:71 , -48
1732237441066 , c8:a6:08:5a:fe:70 , -48
1732237441066 , c8:a6:08:9a:bb:c0 , -77
1732237441066 , d0:40:ef:f9:ef:75 , -50
1732237441066 , c8:a6:08:9a:ac:a1 , -93
1732237441066 , 74:03:bd:ef:8a:10 , -66
1732237441066 , 16:27:f5:e3:50:97 , -84
1732237441066 , c8:a6:08:9a:bf:30 , -87
1732237441066 , c8:a6:08:5a:ac:a1 , -80
1732237441066 , c8:a6:08:9a:ac:a0 , -92
1732237441066 , 10:27:f5:e3:50:97 , -85
1732237441066 , c8:a6:08:9a:bf:34 , -87
1732237441066 , c8:a6:08:5b:16:01 , -49
1732237441066 , c8:a6:08:9b:16:01 , -55
1732237441066 , c8:a6:08:9a:bf:31 , -87
1732237441066 , c8:a6:08:5b:16:00 , -49
1732237441066 , c8:a6:08:9b:16:00 , -53
1732237441066 , 96:f8:4a:36:a6:a8 , -93
1732237441066 , 96:f8:4a:36:a6:a7 , -92
1732237441066 , 80:ea:96:f2:cc:76 , -74
1732237441066 , 80:ea:96:f2:cc:77 , -88
1732237441066 , 50:d4:f7:a6:80:f4 , -76
1732237441066 , c8:a6:08:9a:bc:10 , -79
1732237441066 , c8:a6:08:9a:bc:11 , -79
1732237441066 , c8:a6:08:9a:bb:80 , -82
1732237441066 , c8:a6:08:5a:bc:11 , -69
1732237441066 , c8:a6:08:9a:bb:81 , -82
1732237441066 , ac:44:f2:8c:b0:e0 , -87
1732237441066 , c8:a6:08:9a:fd:84 , -94
1732237441066 , c8:a6:08:9a:bb:84 , -82
1732237441066 , 60:84:bd:de:7c:67 , -75
1732237441066 , ac:44:f2:8c:e9:20 , -80
1732237441066 , c8:a6:08:9a:fd:01 , -87
1732237441066 , c8:a6:08:9a:fd:00 , -86
1732237441066 , c0:25:a2:a7:2e:2b , -68
1732237441066 , c0:25:a2:a7:2e:2a , -68
1732237441066 , c8:a6:08:9a:b7:01 , -85
1732237441066 , c8:a6:08:9b:16:24 , -64
1732237441066 , c8:a6:08:5b:15:50 , -56
1732237441066 , 74:03:bd:8b:7c:b7 , -87
1732237441066 , c0:25:a2:a9:b1:4f , -71
1732237441066 , c8:a6:08:5a:b7:00 , -78
1732237441066 , c8:a6:08:9b:15:51 , -54
1732237441066 , c8:a6:08:5a:b7:01 , -77
1732237441066 , c8:a6:08:9b:15:50 , -54
1732237441066 , 84:af:ec:86:f0:60 , -50
1732237441066 , c8:a6:08:9b:16:21 , -62
1732237441066 , c8:a6:08:9b:16:20 , -62
1732237441066 , c0:25:a2:a7:2e:1a , -52
1732237441066 , f8:b7:97:9b:d6:ff , -70
1732237441066 , c8:a6:08:9a:bb:b0 , -93
1732237441066 , f8:b7:97:9b:d6:fe , -67
1732237441066 , c8:a6:08:9a:bb:b1 , -93
1732237441066 , c8:a6:08:9a:bb:b4 , -92
1732237441066 , c8:a6:08:5a:bb:f4 , -59
1732237441066 , c8:a6:08:5a:bb:f1 , -59
1732237441066 , c8:a6:08:5a:bb:f0 , -59
1732237441066 , c8:a6:08:9a:bb:f0 , -56
1732237441066 , c8:a6:08:9a:bb:f1 , -56
1732237442076 , c8:a6:08:9a:fe:71 , -46
1732237442076 , 74:03:bd:ef:8a:00 , -56
1732237442076 , c8:a6:08:9a:fc:90 , -79
1732237442076 , c8:a6:08:9a:fe:70 , -46
1732237442076 , d2:c0:bf:1d:b5:64 , -88
1732237442076 , c8:a6:08:9a:fc:91 , -80
1732237442076 , c8:a6:08:9a:fe:74 , -47
1732237442076 , 84:af:ec:86:f0:70 , -57
1732237442076 , ac:44:f2:8c:e8:a8 , -87
1732237442076 , c8:a6:08:9a:bb:c4 , -73
1732237442076 , c8:a6:08:9a:bb:c1 , -73
1732237442076 , c8:a6:08:5a:fe:71 , -48
1732237442076 , c8:a6:08:5a:fe:70 , -48
1732237442076 , c8:a6:08:9a:bb:c0 , -77
1732237442076 , d0:40:ef:f9:ef:75 , -50
1732237442076 , c8:a6:08:9a:ac:a1 , -93
1732237442076 , 74:03:bd:ef:8a:10 , -66
1732237442076 , 16:27:f5:e3:50:97 , -84
1732237442076 , c8:a6:08:9a:bf:30 , -87
1732237442076 , c8:a6:08:5a:ac:a1 , -80
1732237442076 , c8:a6:08:9a:ac:a0 , -92
1732237442076 , 10:27:f5:e3:50:97 , -85
1732237442076 , c8:a6:08:9a:bf:34 , -87
1732237442076 , c8:a6:08:5b:16:01 , -49
1732237442076 , c8:a6:08:9b:16:01 , -55
1732237442076 , c8:a6:08:9a:bf:31 , -87
1732237442076 , c8:a6:08:5b:16:00 , -49
1732237442076 , c8:a6:08:9b:16:00 , -53
1732237442076 , 96:f8:4a:36:a6:a8 , -93
1732237442076 , 96:f8:4a:36:a6:a7 , -92
1732237442076 , 80:ea:96:f2:cc:76 , -74
1732237442076 , 80:ea:96:f2:cc:77 , -88
1732237442076 , 50:d4:f7:a6:80:f4 , -76
1732237442076 , c8:a6:08:9a:bc:10 , -79
1732237442076 , c8:a6:08:9a:bc:11 , -79
1732237442076 , c8:a6:08:9a:bb:80 , -82
1732237442076 , c8:a6:08:5a:bc:11 , -69
1732237442076 , c8:a6:08:9a:bb:81 , -82
1732237442076 , ac:44:f2:8c:b0:e0 , -87
1732237442076 , c8:a6:08:9a:fd:84 , -94
1732237442076 , c8:a6:08:9a:bb:84 , -82
1732237442076 , 60:84:bd:de:7c:67 , -75
1732237442076 , ac:44:f2:8c:e9:20 , -80
1732237442076 , c8:a6:08:9a:fd:01 , -87
1732237442076 , c8:a6:08:9a:fd:00 , -86
1732237442076 , c0:25:a2:a7:2e:2b , -68
1732237442076 , c0:25:a2:a7:2e:2a , -68
1732237442076 , c8:a6:08:9a:b7:01 , -85
1732237442076 , c8:a6:08:9b:16:24 , -64
1732237442076 , c8:a6:08:5b:15:50 , -56
1732237442076 , 74:03:bd:8b:7c:b7 , -87
1732237442076 , c0:25:a2:a9:b1:4f , -71
1732237442076 , c8:a6:08:5a:b7:00 , -78
1732237442076 , c8:a6:08:9b:15:51 , -54
1732237442076 , c8:a6:08:5a:b7:01 , -77
1732237442076 , c8:a6:08:9b:15:50 , -54
1732237442076 , 84:af:ec:86:f0:60 , -50
1732237442076 , c8:a6:08:9b:16:21 , -62
1732237442076 , c8:a6:08:9b:16:20 , -62
1732237442076 , c0:25:a2:a7:2e:1a , -52
1732237442076 , f8:b7:97:9b:d6:ff , -70
1732237442076 , c8:a6:08:9a:bb:b0 , -93
1732237442076 , f8:b7:97:9b:d6:fe , -67
1732237442076 , c8:a6:08:9a:bb:b1 , -93
1732237442076 , c8:a6:08:9a:bb:b4 , -92
1732237442076 , c8:a6:08:5a:bb:f4 , -59
1732237442076 , c8:a6:08:5a:bb:f1 , -59
1732237442076 , c8:a6:08:5a:bb:f0 , -59
1732237442076 , c8:a6:08:9a:bb:f0 , -56
1732237442076 , c8:a6:08:9a:bb:f1 , -56
1732237443082 , c8:a6:08:9a:fe:71 , -46
1732237443082 , 74:03:bd:ef:8a:00 , -56
1732237443082 , c8:a6:08:9a:fc:90 , -79
1732237443082 , c8:a6:08:9a:fe:70 , -46
1732237443082 , d2:c0:bf:1d:b5:64 , -88
1732237443082 , c8:a6:08:9a:fc:91 , -80
1732237443082 , c8:a6:08:9a:fe:74 , -47
1732237443082 , 84:af:ec:86:f0:70 , -57
1732237443082 , ac:44:f2:8c:e8:a8 , -87
1732237443082 , c8:a6:08:9a:bb:c4 , -73
1732237443082 , c8:a6:08:9a:bb:c1 , -73
1732237443082 , c8:a6:08:5a:fe:71 , -48
1732237443082 , c8:a6:08:5a:fe:70 , -48
1732237443082 , c8:a6:08:9a:bb:c0 , -77
1732237443082 , d0:40:ef:f9:ef:75 , -50
1732237443082 , c8:a6:08:9a:ac:a1 , -93
1732237443082 , 74:03:bd:ef:8a:10 , -66
1732237443082 , 16:27:f5:e3:50:97 , -84
1732237443082 , c8:a6:08:9a:bf:30 , -87
1732237443082 , c8:a6:08:5a:ac:a1 , -80
1732237443082 , c8:a6:08:9a:ac:a0 , -92
1732237443082 , 10:27:f5:e3:50:97 , -85
1732237443082 , c8:a6:08:9a:bf:34 , -87
1732237443082 , c8:a6:08:5b:16:01 , -49
1732237443082 , c8:a6:08:9b:16:01 , -55
1732237443082 , c8:a6:08:9a:bf:31 , -87
1732237443082 , c8:a6:08:5b:16:00 , -49
1732237443082 , c8:a6:08:9b:16:00 , -53
1732237443082 , 96:f8:4a:36:a6:a8 , -93
1732237443082 , 96:f8:4a:36:a6:a7 , -92
1732237443082 , 80:ea:96:f2:cc:76 , -74
1732237443082 , 80:ea:96:f2:cc:77 , -88
1732237443082 , 50:d4:f7:a6:80:f4 , -76
1732237443082 , c8:a6:08:9a:bc:10 , -79
1732237443082 , c8:a6:08:9a:bc:11 , -79
1732237443082 , c8:a6:08:9a:bb:80 , -82
1732237443082 , c8:a6:08:5a:bc:11 , -69
1732237443082 , c8:a6:08:9a:bb:81 , -82
1732237443082 , ac:44:f2:8c:b0:e0 , -87
1732237443082 , c8:a6:08:9a:fd:84 , -94
1732237443082 , c8:a6:08:9a:bb:84 , -82
1732237443082 , 60:84:bd:de:7c:67 , -75
1732237443082 , ac:44:f2:8c:e9:20 , -80
1732237443082 , c8:a6:08:9a:fd:01 , -87
1732237443082 , c8:a6:08:9a:fd:00 , -86
1732237443082 , c0:25:a2:a7:2e:2b , -68
1732237443082 , c0:25:a2:a7:2e:2a , -68
1732237443082 , c8:a6:08:9a:b7:01 , -85
1732237443082 , c8:a6:08:9b:16:24 , -64
1732237443082 , c8:a6:08:5b:15:50 , -56
1732237443082 , 74:03:bd:8b:7c:b7 , -87
1732237443082 , c0:25:a2:a9:b1:4f , -71
1732237443082 , c8:a6:08:5a:b7:00 , -78
1732237443082 , c8:a6:08:9b:15:51 , -54
1732237443082 , c8:a6:08:5a:b7:01 , -77
1732237443082 , c8:a6:08:9b:15:50 , -54
1732237443082 , 84:af:ec:86:f0:60 , -50
1732237443082 , c8:a6:08:9b:16:21 , -62
1732237443082 , c8:a6:08:9b:16:20 , -62
1732237443082 , c0:25:a2:a7:2e:1a , -52
1732237443082 , f8:b7:97:9b:d6:ff , -70
1732237443082 , c8:a6:08:9a:bb:b0 , -93
1732237443082 , f8:b7:97:9b:d6:fe , -67
1732237443082 , c8:a6:08:9a:bb:b1 , -93
1732237443082 , c8:a6:08:9a:bb:b4 , -92
1732237443082 , c8:a6:08:5a:bb:f4 , -59
1732237443082 , c8:a6:08:5a:bb:f1 , -59
1732237443082 , c8:a6:08:5a:bb:f0 , -59
1732237443082 , c8:a6:08:9a:bb:f0 , -56
1732237443082 , c8:a6:08:9a:bb:f1 , -56
1732237444091 , c8:a6:08:9a:fe:71 , -46
1732237444091 , 74:03:bd:ef:8a:00 , -56
1732237444091 , c8:a6:08:9a:fc:90 , -79
1732237444091 , c8:a6:08:9a:fe:70 , -46
1732237444091 , d2:c0:bf:1d:b5:64 , -88
1732237444091 , c8:a6:08:9a:fc:91 , -80
1732237444091 , c8:a6:08:9a:fe:74 , -47
1732237444091 , 84:af:ec:86:f0:70 , -57
1732237444091 , ac:44:f2:8c:e8:a8 , -87
1732237444091 , c8:a6:08:9a:bb:c4 , -73
1732237444091 , c8:a6:08:9a:bb:c1 , -73
1732237444091 , c8:a6:08:5a:fe:71 , -48
1732237444091 , c8:a6:08:5a:fe:70 , -48
1732237444091 , c8:a6:08:9a:bb:c0 , -77
1732237444091 , d0:40:ef:f9:ef:75 , -50
1732237444091 , c8:a6:08:9a:ac:a1 , -93
1732237444091 , 74:03:bd:ef:8a:10 , -66
1732237444091 , 16:27:f5:e3:50:97 , -84
1732237444091 , c8:a6:08:9a:bf:30 , -87
1732237444091 , c8:a6:08:5a:ac:a1 , -80
1732237444091 , c8:a6:08:9a:ac:a0 , -92
1732237444091 , 10:27:f5:e3:50:97 , -85
1732237444091 , c8:a6:08:9a:bf:34 , -87
1732237444091 , c8:a6:08:5b:16:01 , -49
1732237444091 , c8:a6:08:9b:16:01 , -55
1732237444091 , c8:a6:08:9a:bf:31 , -87
1732237444091 , c8:a6:08:5b:16:00 , -49
1732237444091 , c8:a6:08:9b:16:00 , -53
1732237444091 , 96:f8:4a:36:a6:a8 , -93
1732237444091 , 96:f8:4a:36:a6:a7 , -92
1732237444091 , 80:ea:96:f2:cc:76 , -74
1732237444091 , 80:ea:96:f2:cc:77 , -88
1732237444091 , 50:d4:f7:a6:80:f4 , -76
1732237444091 , c8:a6:08:9a:bc:10 , -79
1732237444091 , c8:a6:08:9a:bc:11 , -79
1732237444091 , c8:a6:08:9a:bb:80 , -82
1732237444091 , c8:a6:08:5a:bc:11 , -69
1732237444091 , c8:a6:08:9a:bb:81 , -82
1732237444091 , ac:44:f2:8c:b0:e0 , -87
1732237444091 , c8:a6:08:9a:fd:84 , -94
1732237444091 , c8:a6:08:9a:bb:84 , -82
1732237444091 , 60:84:bd:de:7c:67 , -75
1732237444091 , ac:44:f2:8c:e9:20 , -80
1732237444091 , c8:a6:08:9a:fd:01 , -87
1732237444091 , c8:a6:08:9a:fd:00 , -86
1732237444091 , c0:25:a2:a7:2e:2b , -68
1732237444091 , c0:25:a2:a7:2e:2a , -68
1732237444091 , c8:a6:08:9a:b7:01 , -85
1732237444091 , c8:a6:08:9b:16:24 , -64
1732237444091 , c8:a6:08:5b:15:50 , -56
1732237444091 , 74:03:bd:8b:7c:b7 , -87
1732237444091 , c0:25:a2:a9:b1:4f , -71
1732237444091 , c8:a6:08:5a:b7:00 , -78
1732237444091 , c8:a6:08:9b:15:51 , -54
1732237444091 , c8:a6:08:5a:b7:01 , -77
1732237444091 , c8:a6:08:9b:15:50 , -54
1732237444091 , 84:af:ec:86:f0:60 , -50
1732237444091 , c8:a6:08:9b:16:21 , -62
1732237444091 , c8:a6:08:9b:16:20 , -62
1732237444091 , c0:25:a2:a7:2e:1a , -52
1732237444091 , f8:b7:97:9b:d6:ff , -70
1732237444091 , c8:a6:08:9a:bb:b0 , -93
1732237444091 , f8:b7:97:9b:d6:fe , -67
1732237444091 , c8:a6:08:9a:bb:b1 , -93
1732237444091 , c8:a6:08:9a:bb:b4 , -92
1732237444091 , c8:a6:08:5a:bb:f4 , -59
1732237444091 , c8:a6:08:5a:bb:f1 , -59
1732237444091 , c8:a6:08:5a:bb:f0 , -59
1732237444091 , c8:a6:08:9a:bb:f0 , -56
1732237444091 , c8:a6:08:9a:bb:f1 , -56
1732237445119 , c8:a6:08:9a:fe:71 , -46
1732237445119 , 74:03:bd:ef:8a:00 , -56
1732237445119 , c8:a6:08:9a:fc:90 , -79
1732237445119 , c8:a6:08:9a:fe:70 , -46
1732237445119 , d2:c0:bf:1d:b5:64 , -88
1732237445119 , c8:a6:08:9a:fc:91 , -80
1732237445119 , c8:a6:08:9a:fe:74 , -47
1732237445119 , 84:af:ec:86:f0:70 , -57
1732237445119 , ac:44:f2:8c:e8:a8 , -87
1732237445119 , c8:a6:08:9a:bb:c4 , -73
1732237445119 , c8:a6:08:9a:bb:c1 , -73
1732237445119 , c8:a6:08:5a:fe:71 , -48
1732237445119 , c8:a6:08:5a:fe:70 , -48
1732237445119 , c8:a6:08:9a:bb:c0 , -77
1732237445119 , d0:40:ef:f9:ef:75 , -50
1732237445119 , c8:a6:08:9a:ac:a1 , -93
1732237445119 , 74:03:bd:ef:8a:10 , -66
1732237445119 , 16:27:f5:e3:50:97 , -84
1732237445119 , c8:a6:08:9a:bf:30 , -87
1732237445119 , c8:a6:08:5a:ac:a1 , -80
1732237445119 , c8:a6:08:9a:ac:a0 , -92
1732237445119 , 10:27:f5:e3:50:97 , -85
1732237445119 , c8:a6:08:9a:bf:34 , -87
1732237445119 , c8:a6:08:5b:16:01 , -49
1732237445119 , c8:a6:08:9b:16:01 , -55
1732237445119 , c8:a6:08:9a:bf:31 , -87
1732237445119 , c8:a6:08:5b:16:00 , -49
1732237445119 , c8:a6:08:9b:16:00 , -53
1732237445119 , 96:f8:4a:36:a6:a8 , -93
1732237445119 , 96:f8:4a:36:a6:a7 , -92
1732237445119 , 80:ea:96:f2:cc:76 , -74
1732237445119 , 80:ea:96:f2:cc:77 , -88
1732237445119 , 50:d4:f7:a6:80:f4 , -76
1732237445119 , c8:a6:08:9a:bc:10 , -79
1732237445119 , c8:a6:08:9a:bc:11 , -79
1732237445119 , c8:a6:08:9a:bb:80 , -82
1732237445119 , c8:a6:08:5a:bc:11 , -69
1732237445119 , c8:a6:08:9a:bb:81 , -82
1732237445119 , ac:44:f2:8c:b0:e0 , -87
1732237445119 , c8:a6:08:9a:fd:84 , -94
1732237445119 , c8:a6:08:9a:bb:84 , -82
1732237445119 , 60:84:bd:de:7c:67 , -75
1732237445119 , ac:44:f2:8c:e9:20 , -80
1732237445119 , c8:a6:08:9a:fd:01 , -87
1732237445119 , c8:a6:08:9a:fd:00 , -86
1732237445119 , c0:25:a2:a7:2e:2b , -68
1732237445119 , c0:25:a2:a7:2e:2a , -68
1732237445119 , c8:a6:08:9a:b7:01 , -85
1732237445119 , c8:a6:08:9b:16:24 , -64
1732237445119 , c8:a6:08:5b:15:50 , -56
1732237445119 , 74:03:bd:8b:7c:b7 , -87
1732237445119 , c0:25:a2:a9:b1:4f , -71
1732237445119 , c8:a6:08:5a:b7:00 , -78
1732237445119 , c8:a6:08:9b:15:51 , -54
1732237445119 , c8:a6:08:5a:b7:01 , -77
1732237445119 , c8:a6:08:9b:15:50 , -54
1732237445119 , 84:af:ec:86:f0:60 , -50
1732237445119 , c8:a6:08:9b:16:21 , -62
1732237445119 , c8:a6:08:9b:16:20 , -62
1732237445119 , c0:25:a2:a7:2e:1a , -52
1732237445119 , f8:b7:97:9b:d6:ff , -70
1732237445119 , c8:a6:08:9a:bb:b0 , -93
1732237445119 , f8:b7:97:9b:d6:fe , -67
1732237445119 , c8:a6:08:9a:bb:b1 , -93
1732237445119 , c8:a6:08:9a:bb:b4 , -92
1732237445119 , c8:a6:08:5a:bb:f4 , -59
1732237445119 , c8:a6:08:5a:bb:f1 , -59
1732237445119 , c8:a6:08:5a:bb:f0 , -59
1732237445119 , c8:a6:08:9a:bb:f0 , -56
1732237445119 , c8:a6:08:9a:bb:f1 , -56
1732237446115 , c8:a6:08:9a:fe:71 , -46
1732237446115 , 74:03:bd:ef:8a:00 , -56
1732237446115 , c8:a6:08:9a:fc:90 , -79
1732237446115 , c8:a6:08:9a:fe:70 , -46
1732237446115 , d2:c0:bf:1d:b5:64 , -88
1732237446115 , c8:a6:08:9a:fc:91 , -80
1732237446115 , c8:a6:08:9a:fe:74 , -47
1732237446115 , 84:af:ec:86:f0:70 , -57
1732237446115 , ac:44:f2:8c:e8:a8 , -87
1732237446115 , c8:a6:08:9a:bb:c4 , -73
1732237446115 , c8:a6:08:9a:bb:c1 , -73
1732237446115 , c8:a6:08:5a:fe:71 , -48
1732237446115 , c8:a6:08:5a:fe:70 , -48
1732237446115 , c8:a6:08:9a:bb:c0 , -77
1732237446115 , d0:40:ef:f9:ef:75 , -50
1732237446115 , c8:a6:08:9a:ac:a1 , -93
1732237446115 , 74:03:bd:ef:8a:10 , -66
1732237446115 , 16:27:f5:e3:50:97 , -84
1732237446115 , c8:a6:08:9a:bf:30 , -87
1732237446115 , c8:a6:08:5a:ac:a1 , -80
1732237446115 , c8:a6:08:9a:ac:a0 , -92
1732237446115 , 10:27:f5:e3:50:97 , -85
1732237446115 , c8:a6:08:9a:bf:34 , -87
1732237446115 , c8:a6:08:5b:16:01 , -49
1732237446115 , c8:a6:08:9b:16:01 , -55
1732237446115 , c8:a6:08:9a:bf:31 , -87
1732237446115 , c8:a6:08:5b:16:00 , -49
1732237446115 , c8:a6:08:9b:16:00 , -53
1732237446115 , 96:f8:4a:36:a6:a8 , -93
1732237446115 , 96:f8:4a:36:a6:a7 , -92
1732237446115 , 80:ea:96:f2:cc:76 , -74
1732237446115 , 80:ea:96:f2:cc:77 , -88
1732237446115 , 50:d4:f7:a6:80:f4 , -76
1732237446115 , c8:a6:08:9a:bc:10 , -79
1732237446115 , c8:a6:08:9a:bc:11 , -79
1732237446115 , c8:a6:08:9a:bb:80 , -82
1732237446115 , c8:a6:08:5a:bc:11 , -69
1732237446115 , c8:a6:08:9a:bb:81 , -82
1732237446115 , ac:44:f2:8c:b0:e0 , -87
1732237446115 , c8:a6:08:9a:fd:84 , -94
1732237446115 , c8:a6:08:9a:bb:84 , -82
1732237446115 , 60:84:bd:de:7c:67 , -75
1732237446115 , ac:44:f2:8c:e9:20 , -80
1732237446115 , c8:a6:08:9a:fd:01 , -87
1732237446115 , c8:a6:08:9a:fd:00 , -86
1732237446115 , c0:25:a2:a7:2e:2b , -68
1732237446115 , c0:25:a2:a7:2e:2a , -68
1732237446115 , c8:a6:08:9a:b7:01 , -85
1732237446115 , c8:a6:08:9b:16:24 , -64
1732237446115 , c8:a6:08:5b:15:50 , -56
1732237446115 , 74:03:bd:8b:7c:b7 , -87
1732237446115 , c0:25:a2:a9:b1:4f , -71
1732237446115 , c8:a6:08:5a:b7:00 , -78
1732237446115 , c8:a6:08:9b:15:51 , -54
1732237446115 , c8:a6:08:5a:b7:01 , -77
1732237446115 , c8:a6:08:9b:15:50 , -54
1732237446115 , 84:af:ec:86:f0:60 , -50
1732237446115 , c8:a6:08:9b:16:21 , -62
1732237446115 , c8:a6:08:9b:16:20 , -62
1732237446115 , c0:25:a2:a7:2e:1a , -52
1732237446115 , f8:b7:97:9b:d6:ff , -70
1732237446115 , c8:a6:08:9a:bb:b0 , -93
1732237446115 , f8:b7:97:9b:d6:fe , -67
1732237446115 , c8:a6:08:9a:bb:b1 , -93
1732237446115 , c8:a6:08:9a:bb:b4 , -92
1732237446115 , c8:a6:08:5a:bb:f4 , -59
1732237446115 , c8:a6:08:5a:bb:f1 , -59
1732237446115 , c8:a6:08:5a:bb:f0 , -59
1732237446115 , c8:a6:08:9a:bb:f0 , -56
1732237446115 , c8:a6:08:9a:bb:f1 , -56
1732237447119 , c8:a6:08:9a:fe:71 , -46
1732237447119 , 74:03:bd:ef:8a:00 , -56
1732237447119 , c8:a6:08:9a:fc:90 , -79
1732237447119 , c8:a6:08:9a:fe:70 , -46
1732237447119 , d2:c0:bf:1d:b5:64 , -88
1732237447119 , c8:a6:08:9a:fc:91 , -80
1732237447119 , c8:a6:08:9a:fe:74 , -47
1732237447119 , 84:af:ec:86:f0:70 , -57
1732237447119 , ac:44:f2:8c:e8:a8 , -87
1732237447119 , c8:a6:08:9a:bb:c4 , -73
1732237447119 , c8:a6:08:9a:bb:c1 , -73
1732237447119 , c8:a6:08:5a:fe:71 , -48
1732237447119 , c8:a6:08:5a:fe:70 , -48
1732237447119 , c8:a6:08:9a:bb:c0 , -77
1732237447119 , d0:40:ef:f9:ef:75 , -50
1732237447119 , c8:a6:08:9a:ac:a1 , -93
1732237447119 , 74:03:bd:ef:8a:10 , -66
1732237447119 , 16:27:f5:e3:50:97 , -84
1732237447119 , c8:a6:08:9a:bf:30 , -87
1732237447119 , c8:a6:08:5a:ac:a1 , -80
1732237447119 , c8:a6:08:9a:ac:a0 , -92
1732237447119 , 10:27:f5:e3:50:97 , -85
1732237447119 , c8:a6:08:9a:bf:34 , -87
1732237447119 , c8:a6:08:5b:16:01 , -49
1732237447119 , c8:a6:08:9b:16:01 , -55
1732237447119 , c8:a6:08:9a:bf:31 , -87
1732237447119 , c8:a6:08:5b:16:00 , -49
1732237447119 , c8:a6:08:9b:16:00 , -53
1732237447119 , 96:f8:4a:36:a6:a8 , -93
1732237447119 , 96:f8:4a:36:a6:a7 , -92
1732237447119 , 80:ea:96:f2:cc:76 , -74
1732237447119 , 80:ea:96:f2:cc:77 , -88
1732237447119 , 50:d4:f7:a6:80:f4 , -76
1732237447119 , c8:a6:08:9a:bc:10 , -79
1732237447119 , c8:a6:08:9a:bc:11 , -79
1732237447119 , c8:a6:08:9a:bb:80 , -82
1732237447119 , c8:a6:08:5a:bc:11 , -69
1732237447119 , c8:a6:08:9a:bb:81 , -82
1732237447119 , ac:44:f2:8c:b0:e0 , -87
1732237447119 , c8:a6:08:9a:fd:84 , -94
1732237447119 , c8:a6:08:9a:bb:84 , -82
1732237447119 , 60:84:bd:de:7c:67 , -75
1732237447119 , ac:44:f2:8c:e9:20 , -80
1732237447119 , c8:a6:08:9a:fd:01 , -87
1732237447119 , c8:a6:08:9a:fd:00 , -86
1732237447119 , c0:25:a2:a7:2e:2b , -68
1732237447119 , c0:25:a2:a7:2e:2a , -68
1732237447119 , c8:a6:08:9a:b7:01 , -85
1732237447119 , c8:a6:08:9b:16:24 , -64
1732237447119 , c8:a6:08:5b:15:50 , -56
1732237447119 , 74:03:bd:8b:7c:b7 , -87
1732237447119 , c0:25:a2:a9:b1:4f , -71
1732237447119 , c8:a6:08:5a:b7:00 , -78
1732237447119 , c8:a6:08:9b:15:51 , -54
1732237447119 , c8:a6:08:5a:b7:01 , -77
1732237447119 , c8:a6:08:9b:15:50 , -54
1732237447119 , 84:af:ec:86:f0:60 , -50
1732237447119 , c8:a6:08:9b:16:21 , -62
1732237447119 , c8:a6:08:9b:16:20 , -62
1732237447119 , c0:25:a2:a7:2e:1a , -52
1732237447119 , f8:b7:97:9b:d6:ff , -70
1732237447119 , c8:a6:08:9a:bb:b0 , -93
1732237447119 , f8:b7:97:9b:d6:fe , -67
1732237447119 , c8:a6:08:9a:bb:b1 , -93
1732237447119 , c8:a6:08:9a:bb:b4 , -92
1732237447119 , c8:a6:08:5a:bb:f4 , -59
1732237447119 , c8:a6:08:5a:bb:f1 , -59
1732237447119 , c8:a6:08:5a:bb:f0 , -59
1732237447119 , c8:a6:08:9a:bb:f0 , -56
1732237447119 , c8:a6:08:9a:bb:f1 , -56
1732237448131 , c8:a6:08:9a:fe:71 , -46
1732237448131 , 74:03:bd:ef:8a:00 , -56
1732237448131 , c8:a6:08:9a:fc:90 , -79
1732237448131 , c8:a6:08:9a:fe:70 , -46
1732237448131 , d2:c0:bf:1d:b5:64 , -88
1732237448131 , c8:a6:08:9a:fc:91 , -80
1732237448131 , c8:a6:08:9a:fe:74 , -47
1732237448131 , 84:af:ec:86:f0:70 , -57
1732237448131 , ac:44:f2:8c:e8:a8 , -87
1732237448131 , c8:a6:08:9a:bb:c4 , -73
1732237448131 , c8:a6:08:9a:bb:c1 , -73
1732237448131 , c8:a6:08:5a:fe:71 , -48
1732237448131 , c8:a6:08:5a:fe:70 , -48
1732237448131 , c8:a6:08:9a:bb:c0 , -77
1732237448131 , d0:40:ef:f9:ef:75 , -50
1732237448131 , c8:a6:08:9a:ac:a1 , -93
1732237448131 , 74:03:bd:ef:8a:10 , -66
1732237448131 , 16:27:f5:e3:50:97 , -84
1732237448131 , c8:a6:08:9a:bf:30 , -87
1732237448131 , c8:a6:08:5a:ac:a1 , -80
1732237448131 , c8:a6:08:9a:ac:a0 , -92
1732237448131 , 10:27:f5:e3:50:97 , -85
1732237448131 , c8:a6:08:9a:bf:34 , -87
1732237448131 , c8:a6:08:5b:16:01 , -49
1732237448131 , c8:a6:08:9b:16:01 , -55
1732237448131 , c8:a6:08:9a:bf:31 , -87
1732237448131 , c8:a6:08:5b:16:00 , -49
1732237448131 , c8:a6:08:9b:16:00 , -53
1732237448131 , 96:f8:4a:36:a6:a8 , -93
1732237448131 , 96:f8:4a:36:a6:a7 , -92
1732237448131 , 80:ea:96:f2:cc:76 , -74
1732237448131 , 80:ea:96:f2:cc:77 , -88
1732237448131 , 50:d4:f7:a6:80:f4 , -76
1732237448131 , c8:a6:08:9a:bc:10 , -79
1732237448131 , c8:a6:08:9a:bc:11 , -79
1732237448131 , c8:a6:08:9a:bb:80 , -82
1732237448131 , c8:a6:08:5a:bc:11 , -69
1732237448131 , c8:a6:08:9a:bb:81 , -82
1732237448131 , ac:44:f2:8c:b0:e0 , -87
1732237448131 , c8:a6:08:9a:fd:84 , -94
1732237448131 , c8:a6:08:9a:bb:84 , -82
1732237448131 , 60:84:bd:de:7c:67 , -75
1732237448131 , ac:44:f2:8c:e9:20 , -80
1732237448131 , c8:a6:08:9a:fd:01 , -87
1732237448131 , c8:a6:08:9a:fd:00 , -86
1732237448131 , c0:25:a2:a7:2e:2b , -68
1732237448131 , c0:25:a2:a7:2e:2a , -68
1732237448131 , c8:a6:08:9a:b7:01 , -85
1732237448131 , c8:a6:08:9b:16:24 , -64
1732237448131 , c8:a6:08:5b:15:50 , -56
1732237448131 , 74:03:bd:8b:7c:b7 , -87
1732237448131 , c0:25:a2:a9:b1:4f , -71
1732237448131 , c8:a6:08:5a:b7:00 , -78
1732237448131 , c8:a6:08:9b:15:51 , -54
1732237448131 , c8:a6:08:5a:b7:01 , -77
1732237448131 , c8:a6:08:9b:15:50 , -54
1732237448131 , 84:af:ec:86:f0:60 , -50
1732237448131 , c8:a6:08:9b:16:21 , -62
1732237448131 , c8:a6:08:9b:16:20 , -62
1732237448131 , c0:25:a2:a7:2e:1a , -52
1732237448131 , f8:b7:97:9b:d6:ff , -70
1732237448131 , c8:a6:08:9a:bb:b0 , -93
1732237448131 , f8:b7:97:9b:d6:fe , -67
1732237448131 , c8:a6:08:9a:bb:b1 , -93
1732237448131 , c8:a6:08:9a:bb:b4 , -92
1732237448131 , c8:a6:08:5a:bb:f4 , -59
1732237448131 , c8:a6:08:5a:bb:f1 , -59
1732237448131 , c8:a6:08:5a:bb:f0 , -59
1732237448131 , c8:a6:08:9a:bb:f0 , -56
1732237448131 , c8:a6:08:9a:bb:f1 , -56
1732237449157 , c8:a6:08:9a:fe:71 , -46
1732237449157 , 74:03:bd:ef:8a:00 , -56
1732237449157 , c8:a6:08:9a:fc:90 , -79
1732237449157 , c8:a6:08:9a:fe:70 , -46
1732237449157 , d2:c0:bf:1d:b5:64 , -88
1732237449157 , c8:a6:08:9a:fc:91 , -80
1732237449157 , c8:a6:08:9a:fe:74 , -47
1732237449157 , 84:af:ec:86:f0:70 , -57
1732237449157 , ac:44:f2:8c:e8:a8 , -87
1732237449157 , c8:a6:08:9a:bb:c4 , -73
1732237449157 , c8:a6:08:9a:bb:c1 , -73
1732237449157 , c8:a6:08:5a:fe:71 , -48
1732237449157 , c8:a6:08:5a:fe:70 , -48
1732237449157 , c8:a6:08:9a:bb:c0 , -77
1732237449157 , d0:40:ef:f9:ef:75 , -50
1732237449157 , c8:a6:08:9a:ac:a1 , -93
1732237449157 , 74:03:bd:ef:8a:10 , -66
1732237449157 , 16:27:f5:e3:50:97 , -84
1732237449157 , c8:a6:08:9a:bf:30 , -87
1732237449157 , c8:a6:08:5a:ac:a1 , -80
1732237449157 , c8:a6:08:9a:ac:a0 , -92
1732237449157 , 10:27:f5:e3:50:97 , -85
1732237449157 , c8:a6:08:9a:bf:34 , -87
1732237449157 , c8:a6:08:5b:16:01 , -49
1732237449157 , c8:a6:08:9b:16:01 , -55
1732237449157 , c8:a6:08:9a:bf:31 , -87
1732237449157 , c8:a6:08:5b:16:00 , -49
1732237449157 , c8:a6:08:9b:16:00 , -53
1732237449157 , 96:f8:4a:36:a6:a8 , -93
1732237449157 , 96:f8:4a:36:a6:a7 , -92
1732237449157 , 80:ea:96:f2:cc:76 , -74
1732237449157 , 80:ea:96:f2:cc:77 , -88
1732237449157 , 50:d4:f7:a6:80:f4 , -76
1732237449157 , c8:a6:08:9a:bc:10 , -79
1732237449157 , c8:a6:08:9a:bc:11 , -79
1732237449157 , c8:a6:08:9a:bb:80 , -82
1732237449157 , c8:a6:08:5a:bc:11 , -69
1732237449157 , c8:a6:08:9a:bb:81 , -82
1732237449157 , ac:44:f2:8c:b0:e0 , -87
1732237449157 , c8:a6:08:9a:fd:84 , -94
1732237449157 , c8:a6:08:9a:bb:84 , -82
1732237449157 , 60:84:bd:de:7c:67 , -75
1732237449157 , ac:44:f2:8c:e9:20 , -80
1732237449157 , c8:a6:08:9a:fd:01 , -87
1732237449157 , c8:a6:08:9a:fd:00 , -86
1732237449157 , c0:25:a2:a7:2e:2b , -68
1732237449157 , c0:25:a2:a7:2e:2a , -68
1732237449157 , c8:a6:08:9a:b7:01 , -85
1732237449157 , c8:a6:08:9b:16:24 , -64
1732237449157 , c8:a6:08:5b:15:50 , -56
1732237449157 , 74:03:bd:8b:7c:b7 , -87
1732237449157 , c0:25:a2:a9:b1:4f , -71
1732237449157 , c8:a6:08:5a:b7:00 , -78
1732237449157 , c8:a6:08:9b:15:51 , -54
1732237449157 , c8:a6:08:5a:b7:01 , -77
1732237449157 , c8:a6:08:9b:15:50 , -54
1732237449157 , 84:af:ec:86:f0:60 , -50
1732237449157 , c8:a6:08:9b:16:21 , -62
1732237449157 , c8:a6:08:9b:16:20 , -62
1732237449157 , c0:25:a2:a7:2e:1a , -52
1732237449157 , f8:b7:97:9b:d6:ff , -70
1732237449157 , c8:a6:08:9a:bb:b0 , -93
1732237449157 , f8:b7:97:9b:d6:fe , -67
1732237449157 , c8:a6:08:9a:bb:b1 , -93
1732237449157 , c8:a6:08:9a:bb:b4 , -92
1732237449157 , c8:a6:08:5a:bb:f4 , -59
1732237449157 , c8:a6:08:5a:bb:f1 , -59
1732237449157 , c8:a6:08:5a:bb:f0 , -59
1732237449157 , c8:a6:08:9a:bb:f0 , -56
1732237449157 , c8:a6:08:9a:bb:f1 , -56
1732237450168 , c8:a6:08:9a:fe:71 , -46
1732237450168 , 74:03:bd:ef:8a:00 , -56
1732237450168 , c8:a6:08:9a:fc:90 , -79
1732237450168 , c8:a6:08:9a:fe:70 , -46
1732237450168 , d2:c0:bf:1d:b5:64 , -88
1732237450168 , c8:a6:08:9a:fc:91 , -80
1732237450168 , c8:a6:08:9a:fe:74 , -47
1732237450168 , 84:af:ec:86:f0:70 , -57
1732237450168 , ac:44:f2:8c:e8:a8 , -87
1732237450168 , c8:a6:08:9a:bb:c4 , -73
1732237450168 , c8:a6:08:9a:bb:c1 , -73
1732237450168 , c8:a6:08:5a:fe:71 , -48
1732237450168 , c8:a6:08:5a:fe:70 , -48
1732237450168 , c8:a6:08:9a:bb:c0 , -77
1732237450168 , d0:40:ef:f9:ef:75 , -50
1732237450168 , c8:a6:08:9a:ac:a1 , -93
1732237450168 , 74:03:bd:ef:8a:10 , -66
1732237450168 , 16:27:f5:e3:50:97 , -84
1732237450168 , c8:a6:08:9a:bf:30 , -87
1732237450168 , c8:a6:08:5a:ac:a1 , -80
1732237450168 , c8:a6:08:9a:ac:a0 , -92
1732237450168 , 10:27:f5:e3:50:97 , -85
1732237450168 , c8:a6:08:9a:bf:34 , -87
1732237450168 , c8:a6:08:5b:16:01 , -49
1732237450168 , c8:a6:08:9b:16:01 , -55
1732237450168 , c8:a6:08:9a:bf:31 , -87
1732237450168 , c8:a6:08:5b:16:00 , -49
1732237450168 , c8:a6:08:9b:16:00 , -53
1732237450168 , 96:f8:4a:36:a6:a8 , -93
1732237450168 , 96:f8:4a:36:a6:a7 , -92
1732237450168 , 80:ea:96:f2:cc:76 , -74
1732237450168 , 80:ea:96:f2:cc:77 , -88
1732237450168 , 50:d4:f7:a6:80:f4 , -76
1732237450168 , c8:a6:08:9a:bc:10 , -79
1732237450168 , c8:a6:08:9a:bc:11 , -79
1732237450168 , c8:a6:08:9a:bb:80 , -82
1732237450168 , c8:a6:08:5a:bc:11 , -69
1732237450168 , c8:a6:08:9a:bb:81 , -82
1732237450168 , ac:44:f2:8c:b0:e0 , -87
1732237450168 , c8:a6:08:9a:fd:84 , -94
1732237450168 , c8:a6:08:9a:bb:84 , -82
1732237450168 , 60:84:bd:de:7c:67 , -75
1732237450168 , ac:44:f2:8c:e9:20 , -80
1732237450168 , c8:a6:08:9a:fd:01 , -87
1732237450168 , c8:a6:08:9a:fd:00 , -86
1732237450168 , c0:25:a2:a7:2e:2b , -68
1732237450168 , c0:25:a2:a7:2e:2a , -68
1732237450168 , c8:a6:08:9a:b7:01 , -85
1732237450168 , c8:a6:08:9b:16:24 , -64
1732237450168 , c8:a6:08:5b:15:50 , -56
1732237450168 , 74:03:bd:8b:7c:b7 , -87
1732237450168 , c0:25:a2:a9:b1:4f , -71
1732237450168 , c8:a6:08:5a:b7:00 , -78
1732237450168 , c8:a6:08:9b:15:51 , -54
1732237450168 , c8:a6:08:5a:b7:01 , -77
1732237450168 , c8:a6:08:9b:15:50 , -54
1732237450168 , 84:af:ec:86:f0:60 , -50
1732237450168 , c8:a6:08:9b:16:21 , -62
1732237450168 , c8:a6:08:9b:16:20 , -62
1732237450168 , c0:25:a2:a7:2e:1a , -52
1732237450168 , f8:b7:97:9b:d6:ff , -70
1732237450168 , c8:a6:08:9a:bb:b0 , -93
1732237450168 , f8:b7:97:9b:d6:fe , -67
1732237450168 , c8:a6:08:9a:bb:b1 , -93
1732237450168 , c8:a6:08:9a:bb:b4 , -92
1732237450168 , c8:a6:08:5a:bb:f4 , -59
1732237450168 , c8:a6:08:5a:bb:f1 , -59
1732237450168 , c8:a6:08:5a:bb:f0 , -59
1732237450168 , c8:a6:08:9a:bb:f0 , -56
1732237450168 , c8:a6:08:9a:bb:f1 , -56
1732237451190 , c8:a6:08:9a:fe:71 , -46
1732237451190 , 74:03:bd:ef:8a:00 , -56
1732237451190 , c8:a6:08:9a:fc:90 , -79
1732237451190 , c8:a6:08:9a:fe:70 , -46
1732237451190 , d2:c0:bf:1d:b5:64 , -88
1732237451190 , c8:a6:08:9a:fc:91 , -80
1732237451190 , c8:a6:08:9a:fe:74 , -47
1732237451190 , 84:af:ec:86:f0:70 , -57
1732237451190 , ac:44:f2:8c:e8:a8 , -87
1732237451190 , c8:a6:08:9a:bb:c4 , -73
1732237451190 , c8:a6:08:9a:bb:c1 , -73
1732237451190 , c8:a6:08:5a:fe:71 , -48
1732237451190 , c8:a6:08:5a:fe:70 , -48
1732237451190 , c8:a6:08:9a:bb:c0 , -77
1732237451190 , d0:40:ef:f9:ef:75 , -50
1732237451190 , c8:a6:08:9a:ac:a1 , -93
1732237451190 , 74:03:bd:ef:8a:10 , -66
1732237451190 , 16:27:f5:e3:50:97 , -84
1732237451190 , c8:a6:08:9a:bf:30 , -87
1732237451190 , c8:a6:08:5a:ac:a1 , -80
1732237451190 , c8:a6:08:9a:ac:a0 , -92
1732237451190 , 10:27:f5:e3:50:97 , -85
1732237451190 , c8:a6:08:9a:bf:34 , -87
1732237451190 , c8:a6:08:5b:16:01 , -49
1732237451190 , c8:a6:08:9b:16:01 , -55
1732237451190 , c8:a6:08:9a:bf:31 , -87
1732237451190 , c8:a6:08:5b:16:00 , -49
1732237451190 , c8:a6:08:9b:16:00 , -53
1732237451190 , 96:f8:4a:36:a6:a8 , -93
1732237451190 , 96:f8:4a:36:a6:a7 , -92
1732237451190 , 80:ea:96:f2:cc:76 , -74
1732237451190 , 80:ea:96:f2:cc:77 , -88
1732237451190 , 50:d4:f7:a6:80:f4 , -76
1732237451190 , c8:a6:08:9a:bc:10 , -79
1732237451190 , c8:a6:08:9a:bc:11 , -79
1732237451190 , c8:a6:08:9a:bb:80 , -82
1732237451190 , c8:a6:08:5a:bc:11 , -69
1732237451190 , c8:a6:08:9a:bb:81 , -82
1732237451190 , ac:44:f2:8c:b0:e0 , -87
1732237451190 , c8:a6:08:9a:fd:84 , -94
1732237451190 , c8:a6:08:9a:bb:84 , -82
1732237451190 , 60:84:bd:de:7c:67 , -75
1732237451190 , ac:44:f2:8c:e9:20 , -80
1732237451190 , c8:a6:08:9a:fd:01 , -87
1732237451190 , c8:a6:08:9a:fd:00 , -86
1732237451190 , c0:25:a2:a7:2e:2b , -68
1732237451190 , c0:25:a2:a7:2e:2a , -68
1732237451190 , c8:a6:08:9a:b7:01 , -85
1732237451190 , c8:a6:08:9b:16:24 , -64
1732237451190 , c8:a6:08:5b:15:50 , -56
1732237451190 , 74:03:bd:8b:7c:b7 , -87
1732237451190 , c0:25:a2:a9:b1:4f , -71
1732237451190 , c8:a6:08:5a:b7:00 , -78
1732237451190 , c8:a6:08:9b:15:51 , -54
1732237451190 , c8:a6:08:5a:b7:01 , -77
1732237451190 , c8:a6:08:9b:15:50 , -54
1732237451190 , 84:af:ec:86:f0:60 , -50
1732237451190 , c8:a6:08:9b:16:21 , -62
1732237451190 , c8:a6:08:9b:16:20 , -62
1732237451190 , c0:25:a2:a7:2e:1a , -52
1732237451190 , f8:b7:97:9b:d6:ff , -70
1732237451190 , c8:a6:08:9a:bb:b0 , -93
1732237451190 , f8:b7:97:9b:d6:fe , -67
1732237451190 , c8:a6:08:9a:bb:b1 , -93
1732237451190 , c8:a6:08:9a:bb:b4 , -92
1732237451190 , c8:a6:08:5a:bb:f4 , -59
1732237451190 , c8:a6:08:5a:bb:f1 , -59
1732237451190 , c8:a6:08:5a:bb:f0 , -59
1732237451190 , c8:a6:08:9a:bb:f0 , -56
1732237451190 , c8:a6:08:9a:bb:f1 , -56
1732237452197 , c8:a6:08:9a:fe:71 , -46
1732237452197 , 74:03:bd:ef:8a:00 , -56
1732237452197 , c8:a6:08:9a:fc:90 , -79
1732237452197 , c8:a6:08:9a:fe:70 , -46
1732237452197 , d2:c0:bf:1d:b5:64 , -88
1732237452197 , c8:a6:08:9a:fc:91 , -80
1732237452197 , c8:a6:08:9a:fe:74 , -47
1732237452197 , 84:af:ec:86:f0:70 , -57
1732237452197 , ac:44:f2:8c:e8:a8 , -87
1732237452197 , c8:a6:08:9a:bb:c4 , -73
1732237452197 , c8:a6:08:9a:bb:c1 , -73
1732237452197 , c8:a6:08:5a:fe:71 , -48
1732237452197 , c8:a6:08:5a:fe:70 , -48
1732237452197 , c8:a6:08:9a:bb:c0 , -77
1732237452197 , d0:40:ef:f9:ef:75 , -50
1732237452197 , c8:a6:08:9a:ac:a1 , -93
1732237452197 , 74:03:bd:ef:8a:10 , -66
1732237452197 , 16:27:f5:e3:50:97 , -84
1732237452197 , c8:a6:08:9a:bf:30 , -87
1732237452197 , c8:a6:08:5a:ac:a1 , -80
1732237452197 , c8:a6:08:9a:ac:a0 , -92
1732237452197 , 10:27:f5:e3:50:97 , -85
1732237452197 , c8:a6:08:9a:bf:34 , -87
1732237452197 , c8:a6:08:5b:16:01 , -49
1732237452197 , c8:a6:08:9b:16:01 , -55
1732237452197 , c8:a6:08:9a:bf:31 , -87
1732237452197 , c8:a6:08:5b:16:00 , -49
1732237452197 , c8:a6:08:9b:16:00 , -53
1732237452197 , 96:f8:4a:36:a6:a8 , -93
1732237452197 , 96:f8:4a:36:a6:a7 , -92
1732237452197 , 80:ea:96:f2:cc:76 , -74
1732237452197 , 80:ea:96:f2:cc:77 , -88
1732237452197 , 50:d4:f7:a6:80:f4 , -76
1732237452197 , c8:a6:08:9a:bc:10 , -79
1732237452197 , c8:a6:08:9a:bc:11 , -79
1732237452197 , c8:a6:08:9a:bb:80 , -82
1732237452197 , c8:a6:08:5a:bc:11 , -69
1732237452197 , c8:a6:08:9a:bb:81 , -82
1732237452197 , ac:44:f2:8c:b0:e0 , -87
1732237452197 , c8:a6:08:9a:fd:84 , -94
1732237452197 , c8:a6:08:9a:bb:84 , -82
1732237452197 , 60:84:bd:de:7c:67 , -75
1732237452197 , ac:44:f2:8c:e9:20 , -80
1732237452197 , c8:a6:08:9a:fd:01 , -87
1732237452197 , c8:a6:08:9a:fd:00 , -86
1732237452197 , c0:25:a2:a7:2e:2b , -68
1732237452197 , c0:25:a2:a7:2e:2a , -68
1732237452197 , c8:a6:08:9a:b7:01 , -85
1732237452197 , c8:a6:08:9b:16:24 , -64
1732237452197 , c8:a6:08:5b:15:50 , -56
1732237452197 , 74:03:bd:8b:7c:b7 , -87
1732237452197 , c0:25:a2:a9:b1:4f , -71
1732237452197 , c8:a6:08:5a:b7:00 , -78
1732237452197 , c8:a6:08:9b:15:51 , -54
1732237452197 , c8:a6:08:5a:b7:01 , -77
1732237452197 , c8:a6:08:9b:15:50 , -54
1732237452197 , 84:af:ec:86:f0:60 , -50
1732237452197 , c8:a6:08:9b:16:21 , -62
1732237452197 , c8:a6:08:9b:16:20 , -62
1732237452197 , c0:25:a2:a7:2e:1a , -52
1732237452197 , f8:b7:97:9b:d6:ff , -70
1732237452197 , c8:a6:08:9a:bb:b0 , -93
1732237452197 , f8:b7:97:9b:d6:fe , -67
1732237452197 , c8:a6:08:9a:bb:b1 , -93
1732237452197 , c8:a6:08:9a:bb:b4 , -92
1732237452197 , c8:a6:08:5a:bb:f4 , -59
1732237452197 , c8:a6:08:5a:bb:f1 , -59
1732237452197 , c8:a6:08:5a:bb:f0 , -59
1732237452197 , c8:a6:08:9a:bb:f0 , -56
1732237452197 , c8:a6:08:9a:bb:f1 , -56
1732237453195 , c8:a6:08:9a:fe:71 , -46
1732237453195 , 74:03:bd:ef:8a:00 , -56
1732237453195 , c8:a6:08:9a:fc:90 , -79
1732237453195 , c8:a6:08:9a:fe:70 , -46
1732237453195 , d2:c0:bf:1d:b5:64 , -88
1732237453195 , c8:a6:08:9a:fc:91 , -80
1732237453195 , c8:a6:08:9a:fe:74 , -47
1732237453195 , 84:af:ec:86:f0:70 , -57
1732237453195 , ac:44:f2:8c:e8:a8 , -87
1732237453195 , c8:a6:08:9a:bb:c4 , -73
1732237453195 , c8:a6:08:9a:bb:c1 , -73
1732237453195 , c8:a6:08:5a:fe:71 , -48
1732237453195 , c8:a6:08:5a:fe:70 , -48
1732237453195 , c8:a6:08:9a:bb:c0 , -77
1732237453195 , d0:40:ef:f9:ef:75 , -50
1732237453195 , c8:a6:08:9a:ac:a1 , -93
1732237453195 , 74:03:bd:ef:8a:10 , -66
1732237453195 , 16:27:f5:e3:50:97 , -84
1732237453195 , c8:a6:08:9a:bf:30 , -87
1732237453195 , c8:a6:08:5a:ac:a1 , -80
1732237453195 , c8:a6:08:9a:ac:a0 , -92
1732237453195 , 10:27:f5:e3:50:97 , -85
1732237453195 , c8:a6:08:9a:bf:34 , -87
1732237453195 , c8:a6:08:5b:16:01 , -49
1732237453195 , c8:a6:08:9b:16:01 , -55
1732237453195 , c8:a6:08:9a:bf:31 , -87
1732237453195 , c8:a6:08:5b:16:00 , -49
1732237453195 , c8:a6:08:9b:16:00 , -53
1732237453195 , 96:f8:4a:36:a6:a8 , -93
1732237453195 , 96:f8:4a:36:a6:a7 , -92
1732237453195 , 80:ea:96:f2:cc:76 , -74
1732237453195 , 80:ea:96:f2:cc:77 , -88
1732237453195 , 50:d4:f7:a6:80:f4 , -76
1732237453195 , c8:a6:08:9a:bc:10 , -79
1732237453195 , c8:a6:08:9a:bc:11 , -79
1732237453195 , c8:a6:08:9a:bb:80 , -82
1732237453195 , c8:a6:08:5a:bc:11 , -69
1732237453195 , c8:a6:08:9a:bb:81 , -82
1732237453195 , ac:44:f2:8c:b0:e0 , -87
1732237453195 , c8:a6:08:9a:fd:84 , -94
1732237453195 , c8:a6:08:9a:bb:84 , -82
1732237453195 , 60:84:bd:de:7c:67 , -75
1732237453195 , ac:44:f2:8c:e9:20 , -80
1732237453195 , c8:a6:08:9a:fd:01 , -87
1732237453195 , c8:a6:08:9a:fd:00 , -86
1732237453195 , c0:25:a2:a7:2e:2b , -68
1732237453195 , c0:25:a2:a7:2e:2a , -68
1732237453195 , c8:a6:08:9a:b7:01 , -85
1732237453195 , c8:a6:08:9b:16:24 , -64
1732237453195 , c8:a6:08:5b:15:50 , -56
1732237453195 , 74:03:bd:8b:7c:b7 , -87
1732237453195 , c0:25:a2:a9:b1:4f , -71
1732237453195 , c8:a6:08:5a:b7:00 , -78
1732237453195 , c8:a6:08:9b:15:51 , -54
1732237453195 , c8:a6:08:5a:b7:01 , -77
1732237453195 , c8:a6:08:9b:15:50 , -54
1732237453195 , 84:af:ec:86:f0:60 , -50
1732237453195 , c8:a6:08:9b:16:21 , -62
1732237453195 , c8:a6:08:9b:16:20 , -62
1732237453195 , c0:25:a2:a7:2e:1a , -52
1732237453195 , f8:b7:97:9b:d6:ff , -70
1732237453195 , c8:a6:08:9a:bb:b0 , -93
1732237453195 , f8:b7:97:9b:d6:fe , -67
1732237453195 , c8:a6:08:9a:bb:b1 , -93
1732237453195 , c8:a6:08:9a:bb:b4 , -92
1732237453195 , c8:a6:08:5a:bb:f4 , -59
1732237453195 , c8:a6:08:5a:bb:f1 , -59
1732237453195 , c8:a6:08:5a:bb:f0 , -59
1732237453195 , c8:a6:08:9a:bb:f0 , -56
1732237453195 , c8:a6:08:9a:bb:f1 , -56
