1737085919762 , 74:03:bd:ef:8a:00 , -64
1737085919762 , c8:a6:08:9a:fe:71 , -68
1737085919762 , c8:a6:08:9a:fc:90 , -83
1737085919762 , c8:a6:08:9a:fe:70 , -68
1737085919762 , c8:a6:08:9a:fc:91 , -83
1737085919762 , c8:a6:08:9a:fc:94 , -83
1737085919762 , c8:a6:08:9a:fe:74 , -71
1737085919762 , 84:af:ec:86:f0:70 , -69
1737085919762 , ac:44:f2:8c:e8:a8 , -81
1737085919762 , c8:a6:08:9a:bb:c4 , -67
1737085919762 , c8:a6:08:9a:bb:c1 , -67
1737085919762 , c8:a6:08:5a:fe:71 , -71
1737085919762 , c8:a6:08:5a:fe:70 , -73
1737085919762 , c8:a6:08:9a:bb:c0 , -67
1737085919762 , c8:a6:08:9b:16:04 , -47
1737085919762 , 74:03:bd:ef:8a:10 , -78
1737085919762 , c8:a6:08:9a:bf:30 , -86
1737085919762 , c8:a6:08:5b:16:04 , -46
1737085919762 , c8:a6:08:9a:bf:34 , -86
1737085919762 , c8:a6:08:5b:16:01 , -45
1737085919762 , c8:a6:08:9b:16:01 , -46
1737085919762 , c8:a6:08:9a:bf:31 , -86
1737085919762 , c8:a6:08:5b:16:00 , -45
1737085919762 , c8:a6:08:9b:16:00 , -46
1737085919762 , 3c:64:cf:5c:de:09 , -81
1737085919762 , 50:d4:f7:a6:80:f4 , -80
1737085919762 , 50:d4:f7:a6:80:f3 , -89
1737085919762 , c8:a6:08:9a:bc:10 , -65
1737085919762 , c8:a6:08:9a:bc:11 , -65
1737085919762 , c8:a6:08:9a:bc:14 , -70
1737085919762 , c8:a6:08:9a:bb:80 , -74
1737085919762 , c8:a6:08:5a:bc:11 , -59
1737085919762 , c8:a6:08:9a:bb:81 , -74
1737085919762 , c8:a6:08:5a:bc:10 , -59
1737085919762 , ac:44:f2:8c:b0:e0 , -76
1737085919762 , c8:a6:08:9a:bb:84 , -74
1737085919762 , 60:84:bd:de:7c:67 , -68
1737085919762 , ac:44:f2:8c:e9:20 , -76
1737085919762 , c8:a6:08:9a:fd:01 , -86
1737085919762 , c8:a6:08:9a:fd:00 , -86
1737085919762 , c0:25:a2:a7:2e:2b , -65
1737085919762 , 60:84:bd:de:7c:60 , -66
1737085919762 , c8:a6:08:9a:b7:01 , -75
1737085919762 , c8:a6:08:9b:16:24 , -46
1737085919762 , c8:a6:08:5b:15:50 , -63
1737085919762 , c8:a6:08:9a:b7:00 , -75
1737085919762 , c8:a6:08:5b:15:51 , -59
1737085919762 , c0:25:a2:a7:2e:27 , -57
1737085919762 , 74:03:bd:8b:7c:b7 , -85
1737085919762 , c0:25:a2:a7:2e:26 , -47
1737085919762 , c0:25:a2:a9:b1:4f , -56
1737085919762 , c8:a6:08:5b:16:24 , -54
1737085919762 , c8:a6:08:9b:15:51 , -67
1737085919762 , c8:a6:08:9b:15:50 , -67
1737085919762 , 84:af:ec:86:f0:60 , -70
1737085919762 , c8:a6:08:9b:16:21 , -46
1737085919762 , c8:a6:08:5b:16:21 , -56
1737085919762 , c8:a6:08:9b:16:20 , -46
1737085919762 , c8:a6:08:5b:16:20 , -55
1737085919762 , c8:a6:08:9a:b7:04 , -76
1737085919762 , c8:a6:08:9b:15:54 , -68
1737085919762 , f8:b7:97:9b:d6:ff , -84
1737085919762 , c8:a6:08:9a:bb:b0 , -89
1737085919762 , c8:a6:08:9a:fd:04 , -86
1737085919762 , c8:a6:08:9a:bb:b1 , -89
1737085919762 , c8:a6:08:9a:bb:b4 , -89
1737085919762 , c8:a6:08:5a:bb:f1 , -79
1737085919762 , c8:a6:08:5a:bb:f0 , -78
1737085919762 , c8:a6:08:9a:bb:f0 , -86
1737085919762 , c8:a6:08:9a:bb:f1 , -86
1737085920773 , 74:03:bd:ef:8a:00 , -64
1737085920773 , c8:a6:08:9a:fe:71 , -68
1737085920773 , c8:a6:08:9a:fc:90 , -83
1737085920773 , c8:a6:08:9a:fe:70 , -68
1737085920773 , c8:a6:08:9a:fc:91 , -83
1737085920773 , c8:a6:08:9a:fc:94 , -83
1737085920773 , c8:a6:08:9a:fe:74 , -71
1737085920773 , 84:af:ec:86:f0:70 , -69
1737085920773 , ac:44:f2:8c:e8:a8 , -81
1737085920773 , c8:a6:08:9a:bb:c4 , -67
1737085920773 , c8:a6:08:9a:bb:c1 , -67
1737085920773 , c8:a6:08:5a:fe:71 , -71
1737085920773 , c8:a6:08:5a:fe:70 , -73
1737085920773 , c8:a6:08:9a:bb:c0 , -67
1737085920773 , c8:a6:08:9b:16:04 , -47
1737085920773 , 74:03:bd:ef:8a:10 , -78
1737085920773 , c8:a6:08:9a:bf:30 , -86
1737085920773 , c8:a6:08:5b:16:04 , -46
1737085920773 , c8:a6:08:9a:bf:34 , -86
1737085920773 , c8:a6:08:5b:16:01 , -45
1737085920773 , c8:a6:08:9b:16:01 , -46
1737085920773 , c8:a6:08:9a:bf:31 , -86
1737085920773 , c8:a6:08:5b:16:00 , -45
1737085920773 , c8:a6:08:9b:16:00 , -46
1737085920773 , 3c:64:cf:5c:de:09 , -81
1737085920773 , 50:d4:f7:a6:80:f4 , -80
1737085920773 , 50:d4:f7:a6:80:f3 , -89
1737085920773 , c8:a6:08:9a:bc:10 , -65
1737085920773 , c8:a6:08:9a:bc:11 , -65
1737085920773 , c8:a6:08:9a:bc:14 , -70
1737085920773 , c8:a6:08:9a:bb:80 , -74
1737085920773 , c8:a6:08:5a:bc:11 , -59
1737085920773 , c8:a6:08:9a:bb:81 , -74
1737085920773 , c8:a6:08:5a:bc:10 , -59
1737085920773 , ac:44:f2:8c:b0:e0 , -76
1737085920773 , c8:a6:08:9a:bb:84 , -74
1737085920773 , 60:84:bd:de:7c:67 , -68
1737085920773 , ac:44:f2:8c:e9:20 , -76
1737085920773 , c8:a6:08:9a:fd:01 , -86
1737085920773 , c8:a6:08:9a:fd:00 , -86
1737085920773 , c0:25:a2:a7:2e:2b , -65
1737085920773 , 60:84:bd:de:7c:60 , -66
1737085920773 , c8:a6:08:9a:b7:01 , -75
1737085920773 , c8:a6:08:9b:16:24 , -46
1737085920773 , c8:a6:08:5b:15:50 , -63
1737085920773 , c8:a6:08:9a:b7:00 , -75
1737085920773 , c8:a6:08:5b:15:51 , -59
1737085920773 , c0:25:a2:a7:2e:27 , -57
1737085920773 , 74:03:bd:8b:7c:b7 , -85
1737085920773 , c0:25:a2:a7:2e:26 , -47
1737085920773 , c0:25:a2:a9:b1:4f , -56
1737085920773 , c8:a6:08:5b:16:24 , -54
1737085920773 , c8:a6:08:9b:15:51 , -67
1737085920773 , c8:a6:08:9b:15:50 , -67
1737085920773 , 84:af:ec:86:f0:60 , -70
1737085920773 , c8:a6:08:9b:16:21 , -46
1737085920773 , c8:a6:08:5b:16:21 , -56
1737085920773 , c8:a6:08:9b:16:20 , -46
1737085920773 , c8:a6:08:5b:16:20 , -55
1737085920773 , c8:a6:08:9a:b7:04 , -76
1737085920773 , c8:a6:08:9b:15:54 , -68
1737085920773 , f8:b7:97:9b:d6:ff , -84
1737085920773 , c8:a6:08:9a:bb:b0 , -89
1737085920773 , c8:a6:08:9a:fd:04 , -86
1737085920773 , c8:a6:08:9a:bb:b1 , -89
1737085920773 , c8:a6:08:9a:bb:b4 , -89
1737085920773 , c8:a6:08:5a:bb:f1 , -79
1737085920773 , c8:a6:08:5a:bb:f0 , -78
1737085920773 , c8:a6:08:9a:bb:f0 , -86
1737085920773 , c8:a6:08:9a:bb:f1 , -86
1737085921776 , 74:03:bd:ef:8a:00 , -64
1737085921776 , c8:a6:08:9a:fe:71 , -68
1737085921776 , c8:a6:08:9a:fc:90 , -83
1737085921776 , c8:a6:08:9a:fe:70 , -68
1737085921776 , c8:a6:08:9a:fc:91 , -83
1737085921776 , c8:a6:08:9a:fc:94 , -83
1737085921776 , c8:a6:08:9a:fe:74 , -71
1737085921776 , 84:af:ec:86:f0:70 , -69
1737085921776 , ac:44:f2:8c:e8:a8 , -81
1737085921776 , c8:a6:08:9a:bb:c4 , -67
1737085921776 , c8:a6:08:9a:bb:c1 , -67
1737085921776 , c8:a6:08:5a:fe:71 , -71
1737085921776 , c8:a6:08:5a:fe:70 , -73
1737085921776 , c8:a6:08:9a:bb:c0 , -67
1737085921776 , c8:a6:08:9b:16:04 , -47
1737085921776 , 74:03:bd:ef:8a:10 , -78
1737085921776 , c8:a6:08:9a:bf:30 , -86
1737085921776 , c8:a6:08:5b:16:04 , -46
1737085921776 , c8:a6:08:9a:bf:34 , -86
1737085921776 , c8:a6:08:5b:16:01 , -45
1737085921776 , c8:a6:08:9b:16:01 , -46
1737085921776 , c8:a6:08:9a:bf:31 , -86
1737085921776 , c8:a6:08:5b:16:00 , -45
1737085921776 , c8:a6:08:9b:16:00 , -46
1737085921776 , 3c:64:cf:5c:de:09 , -81
1737085921776 , 50:d4:f7:a6:80:f4 , -80
1737085921776 , 50:d4:f7:a6:80:f3 , -89
1737085921776 , c8:a6:08:9a:bc:10 , -65
1737085921776 , c8:a6:08:9a:bc:11 , -65
1737085921776 , c8:a6:08:9a:bc:14 , -70
1737085921776 , c8:a6:08:9a:bb:80 , -74
1737085921776 , c8:a6:08:5a:bc:11 , -59
1737085921776 , c8:a6:08:9a:bb:81 , -74
1737085921776 , c8:a6:08:5a:bc:10 , -59
1737085921776 , ac:44:f2:8c:b0:e0 , -76
1737085921776 , c8:a6:08:9a:bb:84 , -74
1737085921776 , 60:84:bd:de:7c:67 , -68
1737085921776 , ac:44:f2:8c:e9:20 , -76
1737085921776 , c8:a6:08:9a:fd:01 , -86
1737085921776 , c8:a6:08:9a:fd:00 , -86
1737085921776 , c0:25:a2:a7:2e:2b , -65
1737085921776 , 60:84:bd:de:7c:60 , -66
1737085921776 , c8:a6:08:9a:b7:01 , -75
1737085921776 , c8:a6:08:9b:16:24 , -46
1737085921776 , c8:a6:08:5b:15:50 , -63
1737085921776 , c8:a6:08:9a:b7:00 , -75
1737085921776 , c8:a6:08:5b:15:51 , -59
1737085921776 , c0:25:a2:a7:2e:27 , -57
1737085921776 , 74:03:bd:8b:7c:b7 , -85
1737085921776 , c0:25:a2:a7:2e:26 , -47
1737085921776 , c0:25:a2:a9:b1:4f , -56
1737085921776 , c8:a6:08:5b:16:24 , -54
1737085921776 , c8:a6:08:9b:15:51 , -67
1737085921776 , c8:a6:08:9b:15:50 , -67
1737085921776 , 84:af:ec:86:f0:60 , -70
1737085921776 , c8:a6:08:9b:16:21 , -46
1737085921776 , c8:a6:08:5b:16:21 , -56
1737085921776 , c8:a6:08:9b:16:20 , -46
1737085921776 , c8:a6:08:5b:16:20 , -55
1737085921776 , c8:a6:08:9a:b7:04 , -76
1737085921776 , c8:a6:08:9b:15:54 , -68
1737085921776 , f8:b7:97:9b:d6:ff , -84
1737085921776 , c8:a6:08:9a:bb:b0 , -89
1737085921776 , c8:a6:08:9a:fd:04 , -86
1737085921776 , c8:a6:08:9a:bb:b1 , -89
1737085921776 , c8:a6:08:9a:bb:b4 , -89
1737085921776 , c8:a6:08:5a:bb:f1 , -79
1737085921776 , c8:a6:08:5a:bb:f0 , -78
1737085921776 , c8:a6:08:9a:bb:f0 , -86
1737085921776 , c8:a6:08:9a:bb:f1 , -86
1737085922793 , 74:03:bd:ef:8a:00 , -64
1737085922793 , c8:a6:08:9a:fe:71 , -68
1737085922793 , c8:a6:08:9a:fc:90 , -83
1737085922793 , c8:a6:08:9a:fe:70 , -68
1737085922793 , c8:a6:08:9a:fc:91 , -83
1737085922793 , c8:a6:08:9a:fc:94 , -83
1737085922793 , c8:a6:08:9a:fe:74 , -71
1737085922793 , 84:af:ec:86:f0:70 , -69
1737085922793 , ac:44:f2:8c:e8:a8 , -81
1737085922793 , c8:a6:08:9a:bb:c4 , -67
1737085922793 , c8:a6:08:9a:bb:c1 , -67
1737085922793 , c8:a6:08:5a:fe:71 , -71
1737085922793 , c8:a6:08:5a:fe:70 , -73
1737085922793 , c8:a6:08:9a:bb:c0 , -67
1737085922793 , c8:a6:08:9b:16:04 , -47
1737085922793 , 74:03:bd:ef:8a:10 , -78
1737085922793 , c8:a6:08:9a:bf:30 , -86
1737085922793 , c8:a6:08:5b:16:04 , -46
1737085922793 , c8:a6:08:9a:bf:34 , -86
1737085922793 , c8:a6:08:5b:16:01 , -45
1737085922793 , c8:a6:08:9b:16:01 , -46
1737085922793 , c8:a6:08:9a:bf:31 , -86
1737085922793 , c8:a6:08:5b:16:00 , -45
1737085922793 , c8:a6:08:9b:16:00 , -46
1737085922793 , 3c:64:cf:5c:de:09 , -81
1737085922793 , 50:d4:f7:a6:80:f4 , -80
1737085922793 , 50:d4:f7:a6:80:f3 , -89
1737085922793 , c8:a6:08:9a:bc:10 , -65
1737085922793 , c8:a6:08:9a:bc:11 , -65
1737085922793 , c8:a6:08:9a:bc:14 , -70
1737085922793 , c8:a6:08:9a:bb:80 , -74
1737085922793 , c8:a6:08:5a:bc:11 , -59
1737085922793 , c8:a6:08:9a:bb:81 , -74
1737085922793 , c8:a6:08:5a:bc:10 , -59
1737085922793 , ac:44:f2:8c:b0:e0 , -76
1737085922793 , c8:a6:08:9a:bb:84 , -74
1737085922793 , 60:84:bd:de:7c:67 , -68
1737085922793 , ac:44:f2:8c:e9:20 , -76
1737085922793 , c8:a6:08:9a:fd:01 , -86
1737085922793 , c8:a6:08:9a:fd:00 , -86
1737085922793 , c0:25:a2:a7:2e:2b , -65
1737085922793 , 60:84:bd:de:7c:60 , -66
1737085922793 , c8:a6:08:9a:b7:01 , -75
1737085922793 , c8:a6:08:9b:16:24 , -46
1737085922793 , c8:a6:08:5b:15:50 , -63
1737085922793 , c8:a6:08:9a:b7:00 , -75
1737085922793 , c8:a6:08:5b:15:51 , -59
1737085922793 , c0:25:a2:a7:2e:27 , -57
1737085922793 , 74:03:bd:8b:7c:b7 , -85
1737085922793 , c0:25:a2:a7:2e:26 , -47
1737085922793 , c0:25:a2:a9:b1:4f , -56
1737085922793 , c8:a6:08:5b:16:24 , -54
1737085922793 , c8:a6:08:9b:15:51 , -67
1737085922793 , c8:a6:08:9b:15:50 , -67
1737085922793 , 84:af:ec:86:f0:60 , -70
1737085922793 , c8:a6:08:9b:16:21 , -46
1737085922793 , c8:a6:08:5b:16:21 , -56
1737085922793 , c8:a6:08:9b:16:20 , -46
1737085922793 , c8:a6:08:5b:16:20 , -55
1737085922793 , c8:a6:08:9a:b7:04 , -76
1737085922793 , c8:a6:08:9b:15:54 , -68
1737085922793 , f8:b7:97:9b:d6:ff , -84
1737085922793 , c8:a6:08:9a:bb:b0 , -89
1737085922793 , c8:a6:08:9a:fd:04 , -86
1737085922793 , c8:a6:08:9a:bb:b1 , -89
1737085922793 , c8:a6:08:9a:bb:b4 , -89
1737085922793 , c8:a6:08:5a:bb:f1 , -79
1737085922793 , c8:a6:08:5a:bb:f0 , -78
1737085922793 , c8:a6:08:9a:bb:f0 , -86
1737085922793 , c8:a6:08:9a:bb:f1 , -86
1737085923798 , 74:03:bd:ef:8a:00 , -64
1737085923798 , c8:a6:08:9a:fe:71 , -68
1737085923798 , c8:a6:08:9a:fc:90 , -83
1737085923798 , c8:a6:08:9a:fe:70 , -68
1737085923798 , c8:a6:08:9a:fc:91 , -83
1737085923798 , c8:a6:08:9a:fc:94 , -83
1737085923798 , c8:a6:08:9a:fe:74 , -71
1737085923798 , 84:af:ec:86:f0:70 , -69
1737085923798 , ac:44:f2:8c:e8:a8 , -81
1737085923798 , c8:a6:08:9a:bb:c4 , -67
1737085923798 , c8:a6:08:9a:bb:c1 , -67
1737085923798 , c8:a6:08:5a:fe:71 , -71
1737085923798 , c8:a6:08:5a:fe:70 , -73
1737085923798 , c8:a6:08:9a:bb:c0 , -67
1737085923798 , c8:a6:08:9b:16:04 , -47
1737085923798 , 74:03:bd:ef:8a:10 , -78
1737085923798 , c8:a6:08:9a:bf:30 , -86
1737085923798 , c8:a6:08:5b:16:04 , -46
1737085923798 , c8:a6:08:9a:bf:34 , -86
1737085923798 , c8:a6:08:5b:16:01 , -45
1737085923798 , c8:a6:08:9b:16:01 , -46
1737085923798 , c8:a6:08:9a:bf:31 , -86
1737085923798 , c8:a6:08:5b:16:00 , -45
1737085923798 , c8:a6:08:9b:16:00 , -46
1737085923798 , 3c:64:cf:5c:de:09 , -81
1737085923798 , 50:d4:f7:a6:80:f4 , -80
1737085923798 , 50:d4:f7:a6:80:f3 , -89
1737085923798 , c8:a6:08:9a:bc:10 , -65
1737085923798 , c8:a6:08:9a:bc:11 , -65
1737085923798 , c8:a6:08:9a:bc:14 , -70
1737085923798 , c8:a6:08:9a:bb:80 , -74
1737085923798 , c8:a6:08:5a:bc:11 , -59
1737085923798 , c8:a6:08:9a:bb:81 , -74
1737085923798 , c8:a6:08:5a:bc:10 , -59
1737085923798 , ac:44:f2:8c:b0:e0 , -76
1737085923798 , c8:a6:08:9a:bb:84 , -74
1737085923798 , 60:84:bd:de:7c:67 , -68
1737085923798 , ac:44:f2:8c:e9:20 , -76
1737085923798 , c8:a6:08:9a:fd:01 , -86
1737085923798 , c8:a6:08:9a:fd:00 , -86
1737085923798 , c0:25:a2:a7:2e:2b , -65
1737085923798 , 60:84:bd:de:7c:60 , -66
1737085923798 , c8:a6:08:9a:b7:01 , -75
1737085923798 , c8:a6:08:9b:16:24 , -46
1737085923798 , c8:a6:08:5b:15:50 , -63
1737085923798 , c8:a6:08:9a:b7:00 , -75
1737085923798 , c8:a6:08:5b:15:51 , -59
1737085923798 , c0:25:a2:a7:2e:27 , -57
1737085923798 , 74:03:bd:8b:7c:b7 , -85
1737085923798 , c0:25:a2:a7:2e:26 , -47
1737085923798 , c0:25:a2:a9:b1:4f , -56
1737085923798 , c8:a6:08:5b:16:24 , -54
1737085923798 , c8:a6:08:9b:15:51 , -67
1737085923798 , c8:a6:08:9b:15:50 , -67
1737085923798 , 84:af:ec:86:f0:60 , -70
1737085923798 , c8:a6:08:9b:16:21 , -46
1737085923798 , c8:a6:08:5b:16:21 , -56
1737085923798 , c8:a6:08:9b:16:20 , -46
1737085923798 , c8:a6:08:5b:16:20 , -55
1737085923798 , c8:a6:08:9a:b7:04 , -76
1737085923798 , c8:a6:08:9b:15:54 , -68
1737085923798 , f8:b7:97:9b:d6:ff , -84
1737085923798 , c8:a6:08:9a:bb:b0 , -89
1737085923798 , c8:a6:08:9a:fd:04 , -86
1737085923798 , c8:a6:08:9a:bb:b1 , -89
1737085923798 , c8:a6:08:9a:bb:b4 , -89
1737085923798 , c8:a6:08:5a:bb:f1 , -79
1737085923798 , c8:a6:08:5a:bb:f0 , -78
1737085923798 , c8:a6:08:9a:bb:f0 , -86
1737085923798 , c8:a6:08:9a:bb:f1 , -86
1737085924798 , 74:03:bd:ef:8a:00 , -64
1737085924798 , c8:a6:08:9a:fe:71 , -68
1737085924798 , c8:a6:08:9a:fc:90 , -83
1737085924798 , c8:a6:08:9a:fe:70 , -68
1737085924798 , c8:a6:08:9a:fc:91 , -83
1737085924798 , c8:a6:08:9a:fc:94 , -83
1737085924798 , c8:a6:08:9a:fe:74 , -71
1737085924798 , 84:af:ec:86:f0:70 , -69
1737085924798 , ac:44:f2:8c:e8:a8 , -81
1737085924798 , c8:a6:08:9a:bb:c4 , -67
1737085924798 , c8:a6:08:9a:bb:c1 , -67
1737085924798 , c8:a6:08:5a:fe:71 , -71
1737085924798 , c8:a6:08:5a:fe:70 , -73
1737085924798 , c8:a6:08:9a:bb:c0 , -67
1737085924798 , c8:a6:08:9b:16:04 , -47
1737085924798 , 74:03:bd:ef:8a:10 , -78
1737085924798 , c8:a6:08:9a:bf:30 , -86
1737085924798 , c8:a6:08:5b:16:04 , -46
1737085924798 , c8:a6:08:9a:bf:34 , -86
1737085924798 , c8:a6:08:5b:16:01 , -45
1737085924798 , c8:a6:08:9b:16:01 , -46
1737085924798 , c8:a6:08:9a:bf:31 , -86
1737085924798 , c8:a6:08:5b:16:00 , -45
1737085924798 , c8:a6:08:9b:16:00 , -46
1737085924798 , 3c:64:cf:5c:de:09 , -81
1737085924798 , 50:d4:f7:a6:80:f4 , -80
1737085924798 , 50:d4:f7:a6:80:f3 , -89
1737085924798 , c8:a6:08:9a:bc:10 , -65
1737085924798 , c8:a6:08:9a:bc:11 , -65
1737085924798 , c8:a6:08:9a:bc:14 , -70
1737085924798 , c8:a6:08:9a:bb:80 , -74
1737085924798 , c8:a6:08:5a:bc:11 , -59
1737085924798 , c8:a6:08:9a:bb:81 , -74
1737085924798 , c8:a6:08:5a:bc:10 , -59
1737085924798 , ac:44:f2:8c:b0:e0 , -76
1737085924798 , c8:a6:08:9a:bb:84 , -74
1737085924798 , 60:84:bd:de:7c:67 , -68
1737085924798 , ac:44:f2:8c:e9:20 , -76
1737085924798 , c8:a6:08:9a:fd:01 , -86
1737085924798 , c8:a6:08:9a:fd:00 , -86
1737085924798 , c0:25:a2:a7:2e:2b , -65
1737085924798 , 60:84:bd:de:7c:60 , -66
1737085924798 , c8:a6:08:9a:b7:01 , -75
1737085924798 , c8:a6:08:9b:16:24 , -46
1737085924798 , c8:a6:08:5b:15:50 , -63
1737085924798 , c8:a6:08:9a:b7:00 , -75
1737085924798 , c8:a6:08:5b:15:51 , -59
1737085924798 , c0:25:a2:a7:2e:27 , -57
1737085924798 , 74:03:bd:8b:7c:b7 , -85
1737085924798 , c0:25:a2:a7:2e:26 , -47
1737085924798 , c0:25:a2:a9:b1:4f , -56
1737085924798 , c8:a6:08:5b:16:24 , -54
1737085924798 , c8:a6:08:9b:15:51 , -67
1737085924798 , c8:a6:08:9b:15:50 , -67
1737085924798 , 84:af:ec:86:f0:60 , -70
1737085924798 , c8:a6:08:9b:16:21 , -46
1737085924798 , c8:a6:08:5b:16:21 , -56
1737085924798 , c8:a6:08:9b:16:20 , -46
1737085924798 , c8:a6:08:5b:16:20 , -55
1737085924798 , c8:a6:08:9a:b7:04 , -76
1737085924798 , c8:a6:08:9b:15:54 , -68
1737085924798 , f8:b7:97:9b:d6:ff , -84
1737085924798 , c8:a6:08:9a:bb:b0 , -89
1737085924798 , c8:a6:08:9a:fd:04 , -86
1737085924798 , c8:a6:08:9a:bb:b1 , -89
1737085924798 , c8:a6:08:9a:bb:b4 , -89
1737085924798 , c8:a6:08:5a:bb:f1 , -79
1737085924798 , c8:a6:08:5a:bb:f0 , -78
1737085924798 , c8:a6:08:9a:bb:f0 , -86
1737085924798 , c8:a6:08:9a:bb:f1 , -86
1737085925814 , 74:03:bd:ef:8a:00 , -64
1737085925814 , c8:a6:08:9a:fe:71 , -68
1737085925814 , c8:a6:08:9a:fc:90 , -83
1737085925814 , c8:a6:08:9a:fe:70 , -68
1737085925814 , c8:a6:08:9a:fc:91 , -83
1737085925814 , c8:a6:08:9a:fc:94 , -83
1737085925814 , c8:a6:08:9a:fe:74 , -71
1737085925814 , 84:af:ec:86:f0:70 , -69
1737085925814 , ac:44:f2:8c:e8:a8 , -81
1737085925814 , c8:a6:08:9a:bb:c4 , -67
1737085925814 , c8:a6:08:9a:bb:c1 , -67
1737085925814 , c8:a6:08:5a:fe:71 , -71
1737085925814 , c8:a6:08:5a:fe:70 , -73
1737085925814 , c8:a6:08:9a:bb:c0 , -67
1737085925814 , c8:a6:08:9b:16:04 , -47
1737085925814 , 74:03:bd:ef:8a:10 , -78
1737085925814 , c8:a6:08:9a:bf:30 , -86
1737085925814 , c8:a6:08:5b:16:04 , -46
1737085925814 , c8:a6:08:9a:bf:34 , -86
1737085925814 , c8:a6:08:5b:16:01 , -45
1737085925814 , c8:a6:08:9b:16:01 , -46
1737085925814 , c8:a6:08:9a:bf:31 , -86
1737085925814 , c8:a6:08:5b:16:00 , -45
1737085925814 , c8:a6:08:9b:16:00 , -46
1737085925814 , 3c:64:cf:5c:de:09 , -81
1737085925814 , 50:d4:f7:a6:80:f4 , -80
1737085925814 , 50:d4:f7:a6:80:f3 , -89
1737085925814 , c8:a6:08:9a:bc:10 , -65
1737085925814 , c8:a6:08:9a:bc:11 , -65
1737085925814 , c8:a6:08:9a:bc:14 , -70
1737085925814 , c8:a6:08:9a:bb:80 , -74
1737085925814 , c8:a6:08:5a:bc:11 , -59
1737085925814 , c8:a6:08:9a:bb:81 , -74
1737085925814 , c8:a6:08:5a:bc:10 , -59
1737085925814 , ac:44:f2:8c:b0:e0 , -76
1737085925814 , c8:a6:08:9a:bb:84 , -74
1737085925814 , 60:84:bd:de:7c:67 , -68
1737085925814 , ac:44:f2:8c:e9:20 , -76
1737085925814 , c8:a6:08:9a:fd:01 , -86
1737085925814 , c8:a6:08:9a:fd:00 , -86
1737085925814 , c0:25:a2:a7:2e:2b , -65
1737085925814 , 60:84:bd:de:7c:60 , -66
1737085925814 , c8:a6:08:9a:b7:01 , -75
1737085925814 , c8:a6:08:9b:16:24 , -46
1737085925814 , c8:a6:08:5b:15:50 , -63
1737085925814 , c8:a6:08:9a:b7:00 , -75
1737085925814 , c8:a6:08:5b:15:51 , -59
1737085925814 , c0:25:a2:a7:2e:27 , -57
1737085925814 , 74:03:bd:8b:7c:b7 , -85
1737085925814 , c0:25:a2:a7:2e:26 , -47
1737085925814 , c0:25:a2:a9:b1:4f , -56
1737085925814 , c8:a6:08:5b:16:24 , -54
1737085925814 , c8:a6:08:9b:15:51 , -67
1737085925814 , c8:a6:08:9b:15:50 , -67
1737085925814 , 84:af:ec:86:f0:60 , -70
1737085925814 , c8:a6:08:9b:16:21 , -46
1737085925814 , c8:a6:08:5b:16:21 , -56
1737085925814 , c8:a6:08:9b:16:20 , -46
1737085925814 , c8:a6:08:5b:16:20 , -55
1737085925814 , c8:a6:08:9a:b7:04 , -76
1737085925814 , c8:a6:08:9b:15:54 , -68
1737085925814 , f8:b7:97:9b:d6:ff , -84
1737085925814 , c8:a6:08:9a:bb:b0 , -89
1737085925814 , c8:a6:08:9a:fd:04 , -86
1737085925814 , c8:a6:08:9a:bb:b1 , -89
1737085925814 , c8:a6:08:9a:bb:b4 , -89
1737085925814 , c8:a6:08:5a:bb:f1 , -79
1737085925814 , c8:a6:08:5a:bb:f0 , -78
1737085925814 , c8:a6:08:9a:bb:f0 , -86
1737085925814 , c8:a6:08:9a:bb:f1 , -86
1737085926822 , 74:03:bd:ef:8a:00 , -64
1737085926822 , c8:a6:08:9a:fe:71 , -68
1737085926822 , c8:a6:08:9a:fc:90 , -83
1737085926822 , c8:a6:08:9a:fe:70 , -68
1737085926822 , c8:a6:08:9a:fc:91 , -83
1737085926822 , c8:a6:08:9a:fc:94 , -83
1737085926822 , c8:a6:08:9a:fe:74 , -71
1737085926822 , 84:af:ec:86:f0:70 , -69
1737085926822 , ac:44:f2:8c:e8:a8 , -81
1737085926822 , c8:a6:08:9a:bb:c4 , -67
1737085926822 , c8:a6:08:9a:bb:c1 , -67
1737085926822 , c8:a6:08:5a:fe:71 , -71
1737085926822 , c8:a6:08:5a:fe:70 , -73
1737085926822 , c8:a6:08:9a:bb:c0 , -67
1737085926822 , c8:a6:08:9b:16:04 , -47
1737085926822 , 74:03:bd:ef:8a:10 , -78
1737085926822 , c8:a6:08:9a:bf:30 , -86
1737085926822 , c8:a6:08:5b:16:04 , -46
1737085926822 , c8:a6:08:9a:bf:34 , -86
1737085926822 , c8:a6:08:5b:16:01 , -45
1737085926822 , c8:a6:08:9b:16:01 , -46
1737085926822 , c8:a6:08:9a:bf:31 , -86
1737085926822 , c8:a6:08:5b:16:00 , -45
1737085926822 , c8:a6:08:9b:16:00 , -46
1737085926822 , 3c:64:cf:5c:de:09 , -81
1737085926822 , 50:d4:f7:a6:80:f4 , -80
1737085926822 , 50:d4:f7:a6:80:f3 , -89
1737085926822 , c8:a6:08:9a:bc:10 , -65
1737085926822 , c8:a6:08:9a:bc:11 , -65
1737085926822 , c8:a6:08:9a:bc:14 , -70
1737085926822 , c8:a6:08:9a:bb:80 , -74
1737085926822 , c8:a6:08:5a:bc:11 , -59
1737085926822 , c8:a6:08:9a:bb:81 , -74
1737085926822 , c8:a6:08:5a:bc:10 , -59
1737085926822 , ac:44:f2:8c:b0:e0 , -76
1737085926822 , c8:a6:08:9a:bb:84 , -74
1737085926822 , 60:84:bd:de:7c:67 , -68
1737085926822 , ac:44:f2:8c:e9:20 , -76
1737085926822 , c8:a6:08:9a:fd:01 , -86
1737085926822 , c8:a6:08:9a:fd:00 , -86
1737085926822 , c0:25:a2:a7:2e:2b , -65
1737085926822 , 60:84:bd:de:7c:60 , -66
1737085926822 , c8:a6:08:9a:b7:01 , -75
1737085926822 , c8:a6:08:9b:16:24 , -46
1737085926822 , c8:a6:08:5b:15:50 , -63
1737085926822 , c8:a6:08:9a:b7:00 , -75
1737085926822 , c8:a6:08:5b:15:51 , -59
1737085926822 , c0:25:a2:a7:2e:27 , -57
1737085926822 , 74:03:bd:8b:7c:b7 , -85
1737085926822 , c0:25:a2:a7:2e:26 , -47
1737085926822 , c0:25:a2:a9:b1:4f , -56
1737085926822 , c8:a6:08:5b:16:24 , -54
1737085926822 , c8:a6:08:9b:15:51 , -67
1737085926822 , c8:a6:08:9b:15:50 , -67
1737085926822 , 84:af:ec:86:f0:60 , -70
1737085926822 , c8:a6:08:9b:16:21 , -46
1737085926822 , c8:a6:08:5b:16:21 , -56
1737085926822 , c8:a6:08:9b:16:20 , -46
1737085926822 , c8:a6:08:5b:16:20 , -55
1737085926822 , c8:a6:08:9a:b7:04 , -76
1737085926822 , c8:a6:08:9b:15:54 , -68
1737085926822 , f8:b7:97:9b:d6:ff , -84
1737085926822 , c8:a6:08:9a:bb:b0 , -89
1737085926822 , c8:a6:08:9a:fd:04 , -86
1737085926822 , c8:a6:08:9a:bb:b1 , -89
1737085926822 , c8:a6:08:9a:bb:b4 , -89
1737085926822 , c8:a6:08:5a:bb:f1 , -79
1737085926822 , c8:a6:08:5a:bb:f0 , -78
1737085926822 , c8:a6:08:9a:bb:f0 , -86
1737085926822 , c8:a6:08:9a:bb:f1 , -86
1737085927827 , 74:03:bd:ef:8a:00 , -64
1737085927827 , c8:a6:08:9a:fe:71 , -68
1737085927827 , c8:a6:08:9a:fc:90 , -83
1737085927827 , c8:a6:08:9a:fe:70 , -68
1737085927827 , c8:a6:08:9a:fc:91 , -83
1737085927827 , c8:a6:08:9a:fc:94 , -83
1737085927827 , c8:a6:08:9a:fe:74 , -71
1737085927827 , 84:af:ec:86:f0:70 , -69
1737085927827 , ac:44:f2:8c:e8:a8 , -81
1737085927827 , c8:a6:08:9a:bb:c4 , -67
1737085927827 , c8:a6:08:9a:bb:c1 , -67
1737085927827 , c8:a6:08:5a:fe:71 , -71
1737085927827 , c8:a6:08:5a:fe:70 , -73
1737085927827 , c8:a6:08:9a:bb:c0 , -67
1737085927827 , c8:a6:08:9b:16:04 , -47
1737085927827 , 74:03:bd:ef:8a:10 , -78
1737085927827 , c8:a6:08:9a:bf:30 , -86
1737085927827 , c8:a6:08:5b:16:04 , -46
1737085927827 , c8:a6:08:9a:bf:34 , -86
1737085927827 , c8:a6:08:5b:16:01 , -45
1737085927827 , c8:a6:08:9b:16:01 , -46
1737085927827 , c8:a6:08:9a:bf:31 , -86
1737085927827 , c8:a6:08:5b:16:00 , -45
1737085927827 , c8:a6:08:9b:16:00 , -46
1737085927827 , 3c:64:cf:5c:de:09 , -81
1737085927827 , 50:d4:f7:a6:80:f4 , -80
1737085927827 , 50:d4:f7:a6:80:f3 , -89
1737085927827 , c8:a6:08:9a:bc:10 , -65
1737085927827 , c8:a6:08:9a:bc:11 , -65
1737085927827 , c8:a6:08:9a:bc:14 , -70
1737085927827 , c8:a6:08:9a:bb:80 , -74
1737085927827 , c8:a6:08:5a:bc:11 , -59
1737085927827 , c8:a6:08:9a:bb:81 , -74
1737085927827 , c8:a6:08:5a:bc:10 , -59
1737085927827 , ac:44:f2:8c:b0:e0 , -76
1737085927827 , c8:a6:08:9a:bb:84 , -74
1737085927827 , 60:84:bd:de:7c:67 , -68
1737085927827 , ac:44:f2:8c:e9:20 , -76
1737085927827 , c8:a6:08:9a:fd:01 , -86
1737085927827 , c8:a6:08:9a:fd:00 , -86
1737085927827 , c0:25:a2:a7:2e:2b , -65
1737085927827 , 60:84:bd:de:7c:60 , -66
1737085927827 , c8:a6:08:9a:b7:01 , -75
1737085927827 , c8:a6:08:9b:16:24 , -46
1737085927827 , c8:a6:08:5b:15:50 , -63
1737085927827 , c8:a6:08:9a:b7:00 , -75
1737085927827 , c8:a6:08:5b:15:51 , -59
1737085927827 , c0:25:a2:a7:2e:27 , -57
1737085927827 , 74:03:bd:8b:7c:b7 , -85
1737085927827 , c0:25:a2:a7:2e:26 , -47
1737085927827 , c0:25:a2:a9:b1:4f , -56
1737085927827 , c8:a6:08:5b:16:24 , -54
1737085927827 , c8:a6:08:9b:15:51 , -67
1737085927827 , c8:a6:08:9b:15:50 , -67
1737085927827 , 84:af:ec:86:f0:60 , -70
1737085927827 , c8:a6:08:9b:16:21 , -46
1737085927827 , c8:a6:08:5b:16:21 , -56
1737085927827 , c8:a6:08:9b:16:20 , -46
1737085927827 , c8:a6:08:5b:16:20 , -55
1737085927827 , c8:a6:08:9a:b7:04 , -76
1737085927827 , c8:a6:08:9b:15:54 , -68
1737085927827 , f8:b7:97:9b:d6:ff , -84
1737085927827 , c8:a6:08:9a:bb:b0 , -89
1737085927827 , c8:a6:08:9a:fd:04 , -86
1737085927827 , c8:a6:08:9a:bb:b1 , -89
1737085927827 , c8:a6:08:9a:bb:b4 , -89
1737085927827 , c8:a6:08:5a:bb:f1 , -79
1737085927827 , c8:a6:08:5a:bb:f0 , -78
1737085927827 , c8:a6:08:9a:bb:f0 , -86
1737085927827 , c8:a6:08:9a:bb:f1 , -86
1737085928838 , 74:03:bd:ef:8a:00 , -64
1737085928838 , c8:a6:08:9a:fe:71 , -68
1737085928838 , c8:a6:08:9a:fc:90 , -83
1737085928838 , c8:a6:08:9a:fe:70 , -68
1737085928838 , c8:a6:08:9a:fc:91 , -83
1737085928838 , c8:a6:08:9a:fc:94 , -83
1737085928838 , c8:a6:08:9a:fe:74 , -71
1737085928838 , 84:af:ec:86:f0:70 , -69
1737085928838 , ac:44:f2:8c:e8:a8 , -81
1737085928838 , c8:a6:08:9a:bb:c4 , -67
1737085928838 , c8:a6:08:9a:bb:c1 , -67
1737085928838 , c8:a6:08:5a:fe:71 , -71
1737085928838 , c8:a6:08:5a:fe:70 , -73
1737085928838 , c8:a6:08:9a:bb:c0 , -67
1737085928838 , c8:a6:08:9b:16:04 , -47
1737085928838 , 74:03:bd:ef:8a:10 , -78
1737085928838 , c8:a6:08:9a:bf:30 , -86
1737085928838 , c8:a6:08:5b:16:04 , -46
1737085928838 , c8:a6:08:9a:bf:34 , -86
1737085928838 , c8:a6:08:5b:16:01 , -45
1737085928838 , c8:a6:08:9b:16:01 , -46
1737085928838 , c8:a6:08:9a:bf:31 , -86
1737085928838 , c8:a6:08:5b:16:00 , -45
1737085928838 , c8:a6:08:9b:16:00 , -46
1737085928838 , 3c:64:cf:5c:de:09 , -81
1737085928838 , 50:d4:f7:a6:80:f4 , -80
1737085928838 , 50:d4:f7:a6:80:f3 , -89
1737085928838 , c8:a6:08:9a:bc:10 , -65
1737085928838 , c8:a6:08:9a:bc:11 , -65
1737085928838 , c8:a6:08:9a:bc:14 , -70
1737085928838 , c8:a6:08:9a:bb:80 , -74
1737085928838 , c8:a6:08:5a:bc:11 , -59
1737085928838 , c8:a6:08:9a:bb:81 , -74
1737085928838 , c8:a6:08:5a:bc:10 , -59
1737085928838 , ac:44:f2:8c:b0:e0 , -76
1737085928838 , c8:a6:08:9a:bb:84 , -74
1737085928838 , 60:84:bd:de:7c:67 , -68
1737085928838 , ac:44:f2:8c:e9:20 , -76
1737085928838 , c8:a6:08:9a:fd:01 , -86
1737085928838 , c8:a6:08:9a:fd:00 , -86
1737085928838 , c0:25:a2:a7:2e:2b , -65
1737085928838 , 60:84:bd:de:7c:60 , -66
1737085928838 , c8:a6:08:9a:b7:01 , -75
1737085928838 , c8:a6:08:9b:16:24 , -46
1737085928838 , c8:a6:08:5b:15:50 , -63
1737085928838 , c8:a6:08:9a:b7:00 , -75
1737085928838 , c8:a6:08:5b:15:51 , -59
1737085928838 , c0:25:a2:a7:2e:27 , -57
1737085928838 , 74:03:bd:8b:7c:b7 , -85
1737085928838 , c0:25:a2:a7:2e:26 , -47
1737085928838 , c0:25:a2:a9:b1:4f , -56
1737085928838 , c8:a6:08:5b:16:24 , -54
1737085928838 , c8:a6:08:9b:15:51 , -67
1737085928838 , c8:a6:08:9b:15:50 , -67
1737085928838 , 84:af:ec:86:f0:60 , -70
1737085928838 , c8:a6:08:9b:16:21 , -46
1737085928838 , c8:a6:08:5b:16:21 , -56
1737085928838 , c8:a6:08:9b:16:20 , -46
1737085928838 , c8:a6:08:5b:16:20 , -55
1737085928838 , c8:a6:08:9a:b7:04 , -76
1737085928838 , c8:a6:08:9b:15:54 , -68
1737085928838 , f8:b7:97:9b:d6:ff , -84
1737085928838 , c8:a6:08:9a:bb:b0 , -89
1737085928838 , c8:a6:08:9a:fd:04 , -86
1737085928838 , c8:a6:08:9a:bb:b1 , -89
1737085928838 , c8:a6:08:9a:bb:b4 , -89
1737085928838 , c8:a6:08:5a:bb:f1 , -79
1737085928838 , c8:a6:08:5a:bb:f0 , -78
1737085928838 , c8:a6:08:9a:bb:f0 , -86
1737085928838 , c8:a6:08:9a:bb:f1 , -86
1737085929840 , 74:03:bd:ef:8a:00 , -64
1737085929840 , c8:a6:08:9a:fe:71 , -68
1737085929840 , c8:a6:08:9a:fc:90 , -83
1737085929840 , c8:a6:08:9a:fe:70 , -68
1737085929840 , c8:a6:08:9a:fc:91 , -83
1737085929840 , c8:a6:08:9a:fc:94 , -83
1737085929840 , c8:a6:08:9a:fe:74 , -71
1737085929840 , 84:af:ec:86:f0:70 , -69
1737085929840 , ac:44:f2:8c:e8:a8 , -81
1737085929840 , c8:a6:08:9a:bb:c4 , -67
1737085929840 , c8:a6:08:9a:bb:c1 , -67
1737085929840 , c8:a6:08:5a:fe:71 , -71
1737085929840 , c8:a6:08:5a:fe:70 , -73
1737085929840 , c8:a6:08:9a:bb:c0 , -67
1737085929840 , c8:a6:08:9b:16:04 , -47
1737085929840 , 74:03:bd:ef:8a:10 , -78
1737085929840 , c8:a6:08:9a:bf:30 , -86
1737085929840 , c8:a6:08:5b:16:04 , -46
1737085929840 , c8:a6:08:9a:bf:34 , -86
1737085929840 , c8:a6:08:5b:16:01 , -45
1737085929840 , c8:a6:08:9b:16:01 , -46
1737085929840 , c8:a6:08:9a:bf:31 , -86
1737085929840 , c8:a6:08:5b:16:00 , -45
1737085929840 , c8:a6:08:9b:16:00 , -46
1737085929840 , 3c:64:cf:5c:de:09 , -81
1737085929840 , 50:d4:f7:a6:80:f4 , -80
1737085929840 , 50:d4:f7:a6:80:f3 , -89
1737085929840 , c8:a6:08:9a:bc:10 , -65
1737085929840 , c8:a6:08:9a:bc:11 , -65
1737085929840 , c8:a6:08:9a:bc:14 , -70
1737085929840 , c8:a6:08:9a:bb:80 , -74
1737085929840 , c8:a6:08:5a:bc:11 , -59
1737085929840 , c8:a6:08:9a:bb:81 , -74
1737085929840 , c8:a6:08:5a:bc:10 , -59
1737085929840 , ac:44:f2:8c:b0:e0 , -76
1737085929840 , c8:a6:08:9a:bb:84 , -74
1737085929840 , 60:84:bd:de:7c:67 , -68
1737085929840 , ac:44:f2:8c:e9:20 , -76
1737085929840 , c8:a6:08:9a:fd:01 , -86
1737085929840 , c8:a6:08:9a:fd:00 , -86
1737085929840 , c0:25:a2:a7:2e:2b , -65
1737085929840 , 60:84:bd:de:7c:60 , -66
1737085929840 , c8:a6:08:9a:b7:01 , -75
1737085929840 , c8:a6:08:9b:16:24 , -46
1737085929840 , c8:a6:08:5b:15:50 , -63
1737085929840 , c8:a6:08:9a:b7:00 , -75
1737085929840 , c8:a6:08:5b:15:51 , -59
1737085929840 , c0:25:a2:a7:2e:27 , -57
1737085929840 , 74:03:bd:8b:7c:b7 , -85
1737085929840 , c0:25:a2:a7:2e:26 , -47
1737085929840 , c0:25:a2:a9:b1:4f , -56
1737085929840 , c8:a6:08:5b:16:24 , -54
1737085929840 , c8:a6:08:9b:15:51 , -67
1737085929840 , c8:a6:08:9b:15:50 , -67
1737085929840 , 84:af:ec:86:f0:60 , -70
1737085929840 , c8:a6:08:9b:16:21 , -46
1737085929840 , c8:a6:08:5b:16:21 , -56
1737085929840 , c8:a6:08:9b:16:20 , -46
1737085929840 , c8:a6:08:5b:16:20 , -55
1737085929840 , c8:a6:08:9a:b7:04 , -76
1737085929840 , c8:a6:08:9b:15:54 , -68
1737085929840 , f8:b7:97:9b:d6:ff , -84
1737085929840 , c8:a6:08:9a:bb:b0 , -89
1737085929840 , c8:a6:08:9a:fd:04 , -86
1737085929840 , c8:a6:08:9a:bb:b1 , -89
1737085929840 , c8:a6:08:9a:bb:b4 , -89
1737085929840 , c8:a6:08:5a:bb:f1 , -79
1737085929840 , c8:a6:08:5a:bb:f0 , -78
1737085929840 , c8:a6:08:9a:bb:f0 , -86
1737085929840 , c8:a6:08:9a:bb:f1 , -86
1737085930856 , 74:03:bd:ef:8a:00 , -64
1737085930856 , c8:a6:08:9a:fe:71 , -68
1737085930856 , c8:a6:08:9a:fc:90 , -83
1737085930856 , c8:a6:08:9a:fe:70 , -68
1737085930856 , c8:a6:08:9a:fc:91 , -83
1737085930856 , c8:a6:08:9a:fc:94 , -83
1737085930856 , c8:a6:08:9a:fe:74 , -71
1737085930856 , 84:af:ec:86:f0:70 , -69
1737085930856 , ac:44:f2:8c:e8:a8 , -81
1737085930856 , c8:a6:08:9a:bb:c4 , -67
1737085930856 , c8:a6:08:9a:bb:c1 , -67
1737085930856 , c8:a6:08:5a:fe:71 , -71
1737085930856 , c8:a6:08:5a:fe:70 , -73
1737085930856 , c8:a6:08:9a:bb:c0 , -67
1737085930856 , c8:a6:08:9b:16:04 , -47
1737085930856 , 74:03:bd:ef:8a:10 , -78
1737085930856 , c8:a6:08:9a:bf:30 , -86
1737085930856 , c8:a6:08:5b:16:04 , -46
1737085930856 , c8:a6:08:9a:bf:34 , -86
1737085930856 , c8:a6:08:5b:16:01 , -45
1737085930856 , c8:a6:08:9b:16:01 , -46
1737085930856 , c8:a6:08:9a:bf:31 , -86
1737085930856 , c8:a6:08:5b:16:00 , -45
1737085930856 , c8:a6:08:9b:16:00 , -46
1737085930856 , 3c:64:cf:5c:de:09 , -81
1737085930856 , 50:d4:f7:a6:80:f4 , -80
1737085930856 , 50:d4:f7:a6:80:f3 , -89
1737085930856 , c8:a6:08:9a:bc:10 , -65
1737085930856 , c8:a6:08:9a:bc:11 , -65
1737085930856 , c8:a6:08:9a:bc:14 , -70
1737085930856 , c8:a6:08:9a:bb:80 , -74
1737085930856 , c8:a6:08:5a:bc:11 , -59
1737085930856 , c8:a6:08:9a:bb:81 , -74
1737085930856 , c8:a6:08:5a:bc:10 , -59
1737085930856 , ac:44:f2:8c:b0:e0 , -76
1737085930856 , c8:a6:08:9a:bb:84 , -74
1737085930856 , 60:84:bd:de:7c:67 , -68
1737085930856 , ac:44:f2:8c:e9:20 , -76
1737085930856 , c8:a6:08:9a:fd:01 , -86
1737085930856 , c8:a6:08:9a:fd:00 , -86
1737085930856 , c0:25:a2:a7:2e:2b , -65
1737085930856 , 60:84:bd:de:7c:60 , -66
1737085930856 , c8:a6:08:9a:b7:01 , -75
1737085930856 , c8:a6:08:9b:16:24 , -46
1737085930856 , c8:a6:08:5b:15:50 , -63
1737085930856 , c8:a6:08:9a:b7:00 , -75
1737085930856 , c8:a6:08:5b:15:51 , -59
1737085930856 , c0:25:a2:a7:2e:27 , -57
1737085930856 , 74:03:bd:8b:7c:b7 , -85
1737085930856 , c0:25:a2:a7:2e:26 , -47
1737085930856 , c0:25:a2:a9:b1:4f , -56
1737085930856 , c8:a6:08:5b:16:24 , -54
1737085930856 , c8:a6:08:9b:15:51 , -67
1737085930856 , c8:a6:08:9b:15:50 , -67
1737085930856 , 84:af:ec:86:f0:60 , -70
1737085930856 , c8:a6:08:9b:16:21 , -46
1737085930856 , c8:a6:08:5b:16:21 , -56
1737085930856 , c8:a6:08:9b:16:20 , -46
1737085930856 , c8:a6:08:5b:16:20 , -55
1737085930856 , c8:a6:08:9a:b7:04 , -76
1737085930856 , c8:a6:08:9b:15:54 , -68
1737085930856 , f8:b7:97:9b:d6:ff , -84
1737085930856 , c8:a6:08:9a:bb:b0 , -89
1737085930856 , c8:a6:08:9a:fd:04 , -86
1737085930856 , c8:a6:08:9a:bb:b1 , -89
1737085930856 , c8:a6:08:9a:bb:b4 , -89
1737085930856 , c8:a6:08:5a:bb:f1 , -79
1737085930856 , c8:a6:08:5a:bb:f0 , -78
1737085930856 , c8:a6:08:9a:bb:f0 , -86
1737085930856 , c8:a6:08:9a:bb:f1 , -86
1737085931873 , 74:03:bd:ef:8a:00 , -64
1737085931873 , c8:a6:08:9a:fe:71 , -68
1737085931873 , c8:a6:08:9a:fc:90 , -83
1737085931873 , c8:a6:08:9a:fe:70 , -68
1737085931873 , c8:a6:08:9a:fc:91 , -83
1737085931873 , c8:a6:08:9a:fc:94 , -83
1737085931873 , c8:a6:08:9a:fe:74 , -71
1737085931873 , 84:af:ec:86:f0:70 , -69
1737085931873 , ac:44:f2:8c:e8:a8 , -81
1737085931873 , c8:a6:08:9a:bb:c4 , -67
1737085931873 , c8:a6:08:9a:bb:c1 , -67
1737085931873 , c8:a6:08:5a:fe:71 , -71
1737085931873 , c8:a6:08:5a:fe:70 , -73
1737085931873 , c8:a6:08:9a:bb:c0 , -67
1737085931873 , c8:a6:08:9b:16:04 , -47
1737085931873 , 74:03:bd:ef:8a:10 , -78
1737085931873 , c8:a6:08:9a:bf:30 , -86
1737085931873 , c8:a6:08:5b:16:04 , -46
1737085931873 , c8:a6:08:9a:bf:34 , -86
1737085931873 , c8:a6:08:5b:16:01 , -45
1737085931873 , c8:a6:08:9b:16:01 , -46
1737085931873 , c8:a6:08:9a:bf:31 , -86
1737085931873 , c8:a6:08:5b:16:00 , -45
1737085931873 , c8:a6:08:9b:16:00 , -46
1737085931873 , 3c:64:cf:5c:de:09 , -81
1737085931873 , 50:d4:f7:a6:80:f4 , -80
1737085931873 , 50:d4:f7:a6:80:f3 , -89
1737085931873 , c8:a6:08:9a:bc:10 , -65
1737085931873 , c8:a6:08:9a:bc:11 , -65
1737085931873 , c8:a6:08:9a:bc:14 , -70
1737085931873 , c8:a6:08:9a:bb:80 , -74
1737085931873 , c8:a6:08:5a:bc:11 , -59
1737085931873 , c8:a6:08:9a:bb:81 , -74
1737085931873 , c8:a6:08:5a:bc:10 , -59
1737085931873 , ac:44:f2:8c:b0:e0 , -76
1737085931873 , c8:a6:08:9a:bb:84 , -74
1737085931873 , 60:84:bd:de:7c:67 , -68
1737085931873 , ac:44:f2:8c:e9:20 , -76
1737085931873 , c8:a6:08:9a:fd:01 , -86
1737085931873 , c8:a6:08:9a:fd:00 , -86
1737085931873 , c0:25:a2:a7:2e:2b , -65
1737085931873 , 60:84:bd:de:7c:60 , -66
1737085931873 , c8:a6:08:9a:b7:01 , -75
1737085931873 , c8:a6:08:9b:16:24 , -46
1737085931873 , c8:a6:08:5b:15:50 , -63
1737085931873 , c8:a6:08:9a:b7:00 , -75
1737085931873 , c8:a6:08:5b:15:51 , -59
1737085931873 , c0:25:a2:a7:2e:27 , -57
1737085931873 , 74:03:bd:8b:7c:b7 , -85
1737085931873 , c0:25:a2:a7:2e:26 , -47
1737085931873 , c0:25:a2:a9:b1:4f , -56
1737085931873 , c8:a6:08:5b:16:24 , -54
1737085931873 , c8:a6:08:9b:15:51 , -67
1737085931873 , c8:a6:08:9b:15:50 , -67
1737085931873 , 84:af:ec:86:f0:60 , -70
1737085931873 , c8:a6:08:9b:16:21 , -46
1737085931873 , c8:a6:08:5b:16:21 , -56
1737085931873 , c8:a6:08:9b:16:20 , -46
1737085931873 , c8:a6:08:5b:16:20 , -55
1737085931873 , c8:a6:08:9a:b7:04 , -76
1737085931873 , c8:a6:08:9b:15:54 , -68
1737085931873 , f8:b7:97:9b:d6:ff , -84
1737085931873 , c8:a6:08:9a:bb:b0 , -89
1737085931873 , c8:a6:08:9a:fd:04 , -86
1737085931873 , c8:a6:08:9a:bb:b1 , -89
1737085931873 , c8:a6:08:9a:bb:b4 , -89
1737085931873 , c8:a6:08:5a:bb:f1 , -79
1737085931873 , c8:a6:08:5a:bb:f0 , -78
1737085931873 , c8:a6:08:9a:bb:f0 , -86
1737085931873 , c8:a6:08:9a:bb:f1 , -86
1737085932884 , 74:03:bd:ef:8a:00 , -64
1737085932884 , c8:a6:08:9a:fe:71 , -68
1737085932884 , c8:a6:08:9a:fc:90 , -83
1737085932884 , c8:a6:08:9a:fe:70 , -68
1737085932884 , c8:a6:08:9a:fc:91 , -83
1737085932884 , c8:a6:08:9a:fc:94 , -83
1737085932884 , c8:a6:08:9a:fe:74 , -71
1737085932884 , 84:af:ec:86:f0:70 , -69
1737085932884 , ac:44:f2:8c:e8:a8 , -81
1737085932884 , c8:a6:08:9a:bb:c4 , -67
1737085932884 , c8:a6:08:9a:bb:c1 , -67
1737085932884 , c8:a6:08:5a:fe:71 , -71
1737085932884 , c8:a6:08:5a:fe:70 , -73
1737085932884 , c8:a6:08:9a:bb:c0 , -67
1737085932884 , c8:a6:08:9b:16:04 , -47
1737085932884 , 74:03:bd:ef:8a:10 , -78
1737085932884 , c8:a6:08:9a:bf:30 , -86
1737085932884 , c8:a6:08:5b:16:04 , -46
1737085932884 , c8:a6:08:9a:bf:34 , -86
1737085932884 , c8:a6:08:5b:16:01 , -45
1737085932884 , c8:a6:08:9b:16:01 , -46
1737085932884 , c8:a6:08:9a:bf:31 , -86
1737085932884 , c8:a6:08:5b:16:00 , -45
1737085932884 , c8:a6:08:9b:16:00 , -46
1737085932884 , 3c:64:cf:5c:de:09 , -81
1737085932884 , 50:d4:f7:a6:80:f4 , -80
1737085932884 , 50:d4:f7:a6:80:f3 , -89
1737085932884 , c8:a6:08:9a:bc:10 , -65
1737085932884 , c8:a6:08:9a:bc:11 , -65
1737085932884 , c8:a6:08:9a:bc:14 , -70
1737085932884 , c8:a6:08:9a:bb:80 , -74
1737085932884 , c8:a6:08:5a:bc:11 , -59
1737085932884 , c8:a6:08:9a:bb:81 , -74
1737085932884 , c8:a6:08:5a:bc:10 , -59
1737085932884 , ac:44:f2:8c:b0:e0 , -76
1737085932884 , c8:a6:08:9a:bb:84 , -74
1737085932884 , 60:84:bd:de:7c:67 , -68
1737085932884 , ac:44:f2:8c:e9:20 , -76
1737085932884 , c8:a6:08:9a:fd:01 , -86
1737085932884 , c8:a6:08:9a:fd:00 , -86
1737085932884 , c0:25:a2:a7:2e:2b , -65
1737085932884 , 60:84:bd:de:7c:60 , -66
1737085932884 , c8:a6:08:9a:b7:01 , -75
1737085932884 , c8:a6:08:9b:16:24 , -46
1737085932884 , c8:a6:08:5b:15:50 , -63
1737085932884 , c8:a6:08:9a:b7:00 , -75
1737085932884 , c8:a6:08:5b:15:51 , -59
1737085932884 , c0:25:a2:a7:2e:27 , -57
1737085932884 , 74:03:bd:8b:7c:b7 , -85
1737085932884 , c0:25:a2:a7:2e:26 , -47
1737085932884 , c0:25:a2:a9:b1:4f , -56
1737085932884 , c8:a6:08:5b:16:24 , -54
1737085932884 , c8:a6:08:9b:15:51 , -67
1737085932884 , c8:a6:08:9b:15:50 , -67
1737085932884 , 84:af:ec:86:f0:60 , -70
1737085932884 , c8:a6:08:9b:16:21 , -46
1737085932884 , c8:a6:08:5b:16:21 , -56
1737085932884 , c8:a6:08:9b:16:20 , -46
1737085932884 , c8:a6:08:5b:16:20 , -55
1737085932884 , c8:a6:08:9a:b7:04 , -76
1737085932884 , c8:a6:08:9b:15:54 , -68
1737085932884 , f8:b7:97:9b:d6:ff , -84
1737085932884 , c8:a6:08:9a:bb:b0 , -89
1737085932884 , c8:a6:08:9a:fd:04 , -86
1737085932884 , c8:a6:08:9a:bb:b1 , -89
1737085932884 , c8:a6:08:9a:bb:b4 , -89
1737085932884 , c8:a6:08:5a:bb:f1 , -79
1737085932884 , c8:a6:08:5a:bb:f0 , -78
1737085932884 , c8:a6:08:9a:bb:f0 , -86
1737085932884 , c8:a6:08:9a:bb:f1 , -86
1737085933891 , 74:03:bd:ef:8a:00 , -64
1737085933891 , c8:a6:08:9a:fe:71 , -68
1737085933891 , c8:a6:08:9a:fc:90 , -83
1737085933891 , c8:a6:08:9a:fe:70 , -68
1737085933891 , c8:a6:08:9a:fc:91 , -83
1737085933891 , c8:a6:08:9a:fc:94 , -83
1737085933891 , c8:a6:08:9a:fe:74 , -71
1737085933891 , 84:af:ec:86:f0:70 , -69
1737085933891 , ac:44:f2:8c:e8:a8 , -81
1737085933891 , c8:a6:08:9a:bb:c4 , -67
1737085933891 , c8:a6:08:9a:bb:c1 , -67
1737085933891 , c8:a6:08:5a:fe:71 , -71
1737085933891 , c8:a6:08:5a:fe:70 , -73
1737085933891 , c8:a6:08:9a:bb:c0 , -67
1737085933891 , c8:a6:08:9b:16:04 , -47
1737085933891 , 74:03:bd:ef:8a:10 , -78
1737085933891 , c8:a6:08:9a:bf:30 , -86
1737085933891 , c8:a6:08:5b:16:04 , -46
1737085933891 , c8:a6:08:9a:bf:34 , -86
1737085933891 , c8:a6:08:5b:16:01 , -45
1737085933891 , c8:a6:08:9b:16:01 , -46
1737085933891 , c8:a6:08:9a:bf:31 , -86
1737085933891 , c8:a6:08:5b:16:00 , -45
1737085933891 , c8:a6:08:9b:16:00 , -46
1737085933891 , 3c:64:cf:5c:de:09 , -81
1737085933891 , 50:d4:f7:a6:80:f4 , -80
1737085933891 , 50:d4:f7:a6:80:f3 , -89
1737085933891 , c8:a6:08:9a:bc:10 , -65
1737085933891 , c8:a6:08:9a:bc:11 , -65
1737085933891 , c8:a6:08:9a:bc:14 , -70
1737085933891 , c8:a6:08:9a:bb:80 , -74
1737085933891 , c8:a6:08:5a:bc:11 , -59
1737085933891 , c8:a6:08:9a:bb:81 , -74
1737085933891 , c8:a6:08:5a:bc:10 , -59
1737085933891 , ac:44:f2:8c:b0:e0 , -76
1737085933891 , c8:a6:08:9a:bb:84 , -74
1737085933891 , 60:84:bd:de:7c:67 , -68
1737085933891 , ac:44:f2:8c:e9:20 , -76
1737085933891 , c8:a6:08:9a:fd:01 , -86
1737085933891 , c8:a6:08:9a:fd:00 , -86
1737085933891 , c0:25:a2:a7:2e:2b , -65
1737085933891 , 60:84:bd:de:7c:60 , -66
1737085933891 , c8:a6:08:9a:b7:01 , -75
1737085933891 , c8:a6:08:9b:16:24 , -46
1737085933891 , c8:a6:08:5b:15:50 , -63
1737085933891 , c8:a6:08:9a:b7:00 , -75
1737085933891 , c8:a6:08:5b:15:51 , -59
1737085933891 , c0:25:a2:a7:2e:27 , -57
1737085933891 , 74:03:bd:8b:7c:b7 , -85
1737085933891 , c0:25:a2:a7:2e:26 , -47
1737085933891 , c0:25:a2:a9:b1:4f , -56
1737085933891 , c8:a6:08:5b:16:24 , -54
1737085933891 , c8:a6:08:9b:15:51 , -67
1737085933891 , c8:a6:08:9b:15:50 , -67
1737085933891 , 84:af:ec:86:f0:60 , -70
1737085933891 , c8:a6:08:9b:16:21 , -46
1737085933891 , c8:a6:08:5b:16:21 , -56
1737085933891 , c8:a6:08:9b:16:20 , -46
1737085933891 , c8:a6:08:5b:16:20 , -55
1737085933891 , c8:a6:08:9a:b7:04 , -76
1737085933891 , c8:a6:08:9b:15:54 , -68
1737085933891 , f8:b7:97:9b:d6:ff , -84
1737085933891 , c8:a6:08:9a:bb:b0 , -89
1737085933891 , c8:a6:08:9a:fd:04 , -86
1737085933891 , c8:a6:08:9a:bb:b1 , -89
1737085933891 , c8:a6:08:9a:bb:b4 , -89
1737085933891 , c8:a6:08:5a:bb:f1 , -79
1737085933891 , c8:a6:08:5a:bb:f0 , -78
1737085933891 , c8:a6:08:9a:bb:f0 , -86
1737085933891 , c8:a6:08:9a:bb:f1 , -86
1737085934907 , 74:03:bd:ef:8a:00 , -64
1737085934907 , c8:a6:08:9a:fe:71 , -68
1737085934907 , c8:a6:08:9a:fc:90 , -83
1737085934907 , c8:a6:08:9a:fe:70 , -68
1737085934907 , c8:a6:08:9a:fc:91 , -83
1737085934907 , c8:a6:08:9a:fc:94 , -83
1737085934907 , c8:a6:08:9a:fe:74 , -71
1737085934907 , 84:af:ec:86:f0:70 , -69
1737085934907 , ac:44:f2:8c:e8:a8 , -81
1737085934907 , c8:a6:08:9a:bb:c4 , -67
1737085934907 , c8:a6:08:9a:bb:c1 , -67
1737085934907 , c8:a6:08:5a:fe:71 , -71
1737085934907 , c8:a6:08:5a:fe:70 , -73
1737085934907 , c8:a6:08:9a:bb:c0 , -67
1737085934907 , c8:a6:08:9b:16:04 , -47
1737085934907 , 74:03:bd:ef:8a:10 , -78
1737085934907 , c8:a6:08:9a:bf:30 , -86
1737085934907 , c8:a6:08:5b:16:04 , -46
1737085934907 , c8:a6:08:9a:bf:34 , -86
1737085934907 , c8:a6:08:5b:16:01 , -45
1737085934907 , c8:a6:08:9b:16:01 , -46
1737085934907 , c8:a6:08:9a:bf:31 , -86
1737085934907 , c8:a6:08:5b:16:00 , -45
1737085934907 , c8:a6:08:9b:16:00 , -46
1737085934907 , 3c:64:cf:5c:de:09 , -81
1737085934907 , 50:d4:f7:a6:80:f4 , -80
1737085934907 , 50:d4:f7:a6:80:f3 , -89
1737085934907 , c8:a6:08:9a:bc:10 , -65
1737085934907 , c8:a6:08:9a:bc:11 , -65
1737085934907 , c8:a6:08:9a:bc:14 , -70
1737085934907 , c8:a6:08:9a:bb:80 , -74
1737085934907 , c8:a6:08:5a:bc:11 , -59
1737085934907 , c8:a6:08:9a:bb:81 , -74
1737085934907 , c8:a6:08:5a:bc:10 , -59
1737085934907 , ac:44:f2:8c:b0:e0 , -76
1737085934907 , c8:a6:08:9a:bb:84 , -74
1737085934907 , 60:84:bd:de:7c:67 , -68
1737085934907 , ac:44:f2:8c:e9:20 , -76
1737085934907 , c8:a6:08:9a:fd:01 , -86
1737085934907 , c8:a6:08:9a:fd:00 , -86
1737085934907 , c0:25:a2:a7:2e:2b , -65
1737085934907 , 60:84:bd:de:7c:60 , -66
1737085934907 , c8:a6:08:9a:b7:01 , -75
1737085934907 , c8:a6:08:9b:16:24 , -46
1737085934907 , c8:a6:08:5b:15:50 , -63
1737085934907 , c8:a6:08:9a:b7:00 , -75
1737085934907 , c8:a6:08:5b:15:51 , -59
1737085934907 , c0:25:a2:a7:2e:27 , -57
1737085934907 , 74:03:bd:8b:7c:b7 , -85
1737085934907 , c0:25:a2:a7:2e:26 , -47
1737085934907 , c0:25:a2:a9:b1:4f , -56
1737085934907 , c8:a6:08:5b:16:24 , -54
1737085934907 , c8:a6:08:9b:15:51 , -67
1737085934907 , c8:a6:08:9b:15:50 , -67
1737085934907 , 84:af:ec:86:f0:60 , -70
1737085934907 , c8:a6:08:9b:16:21 , -46
1737085934907 , c8:a6:08:5b:16:21 , -56
1737085934907 , c8:a6:08:9b:16:20 , -46
1737085934907 , c8:a6:08:5b:16:20 , -55
1737085934907 , c8:a6:08:9a:b7:04 , -76
1737085934907 , c8:a6:08:9b:15:54 , -68
1737085934907 , f8:b7:97:9b:d6:ff , -84
1737085934907 , c8:a6:08:9a:bb:b0 , -89
1737085934907 , c8:a6:08:9a:fd:04 , -86
1737085934907 , c8:a6:08:9a:bb:b1 , -89
1737085934907 , c8:a6:08:9a:bb:b4 , -89
1737085934907 , c8:a6:08:5a:bb:f1 , -79
1737085934907 , c8:a6:08:5a:bb:f0 , -78
1737085934907 , c8:a6:08:9a:bb:f0 , -86
1737085934907 , c8:a6:08:9a:bb:f1 , -86
1737085935927 , 74:03:bd:ef:8a:00 , -64
1737085935927 , c8:a6:08:9a:fe:71 , -68
1737085935927 , c8:a6:08:9a:fc:90 , -83
1737085935927 , c8:a6:08:9a:fe:70 , -68
1737085935927 , c8:a6:08:9a:fc:91 , -83
1737085935927 , c8:a6:08:9a:fc:94 , -83
1737085935927 , c8:a6:08:9a:fe:74 , -71
1737085935927 , 84:af:ec:86:f0:70 , -69
1737085935927 , ac:44:f2:8c:e8:a8 , -81
1737085935927 , c8:a6:08:9a:bb:c4 , -67
1737085935927 , c8:a6:08:9a:bb:c1 , -67
1737085935927 , c8:a6:08:5a:fe:71 , -71
1737085935927 , c8:a6:08:5a:fe:70 , -73
1737085935927 , c8:a6:08:9a:bb:c0 , -67
1737085935927 , c8:a6:08:9b:16:04 , -47
1737085935927 , 74:03:bd:ef:8a:10 , -78
1737085935927 , c8:a6:08:9a:bf:30 , -86
1737085935927 , c8:a6:08:5b:16:04 , -46
1737085935927 , c8:a6:08:9a:bf:34 , -86
1737085935927 , c8:a6:08:5b:16:01 , -45
1737085935927 , c8:a6:08:9b:16:01 , -46
1737085935927 , c8:a6:08:9a:bf:31 , -86
1737085935927 , c8:a6:08:5b:16:00 , -45
1737085935927 , c8:a6:08:9b:16:00 , -46
1737085935927 , 3c:64:cf:5c:de:09 , -81
1737085935927 , 50:d4:f7:a6:80:f4 , -80
1737085935927 , 50:d4:f7:a6:80:f3 , -89
1737085935927 , c8:a6:08:9a:bc:10 , -65
1737085935927 , c8:a6:08:9a:bc:11 , -65
1737085935927 , c8:a6:08:9a:bc:14 , -70
1737085935927 , c8:a6:08:9a:bb:80 , -74
1737085935927 , c8:a6:08:5a:bc:11 , -59
1737085935927 , c8:a6:08:9a:bb:81 , -74
1737085935927 , c8:a6:08:5a:bc:10 , -59
1737085935927 , ac:44:f2:8c:b0:e0 , -76
1737085935927 , c8:a6:08:9a:bb:84 , -74
1737085935927 , 60:84:bd:de:7c:67 , -68
1737085935927 , ac:44:f2:8c:e9:20 , -76
1737085935927 , c8:a6:08:9a:fd:01 , -86
1737085935927 , c8:a6:08:9a:fd:00 , -86
1737085935927 , c0:25:a2:a7:2e:2b , -65
1737085935927 , 60:84:bd:de:7c:60 , -66
1737085935927 , c8:a6:08:9a:b7:01 , -75
1737085935927 , c8:a6:08:9b:16:24 , -46
1737085935927 , c8:a6:08:5b:15:50 , -63
1737085935927 , c8:a6:08:9a:b7:00 , -75
1737085935927 , c8:a6:08:5b:15:51 , -59
1737085935927 , c0:25:a2:a7:2e:27 , -57
1737085935927 , 74:03:bd:8b:7c:b7 , -85
1737085935927 , c0:25:a2:a7:2e:26 , -47
1737085935927 , c0:25:a2:a9:b1:4f , -56
1737085935927 , c8:a6:08:5b:16:24 , -54
1737085935927 , c8:a6:08:9b:15:51 , -67
1737085935927 , c8:a6:08:9b:15:50 , -67
1737085935927 , 84:af:ec:86:f0:60 , -70
1737085935927 , c8:a6:08:9b:16:21 , -46
1737085935927 , c8:a6:08:5b:16:21 , -56
1737085935927 , c8:a6:08:9b:16:20 , -46
1737085935927 , c8:a6:08:5b:16:20 , -55
1737085935927 , c8:a6:08:9a:b7:04 , -76
1737085935927 , c8:a6:08:9b:15:54 , -68
1737085935927 , f8:b7:97:9b:d6:ff , -84
1737085935927 , c8:a6:08:9a:bb:b0 , -89
1737085935927 , c8:a6:08:9a:fd:04 , -86
1737085935927 , c8:a6:08:9a:bb:b1 , -89
1737085935927 , c8:a6:08:9a:bb:b4 , -89
1737085935927 , c8:a6:08:5a:bb:f1 , -79
1737085935927 , c8:a6:08:5a:bb:f0 , -78
1737085935927 , c8:a6:08:9a:bb:f0 , -86
1737085935927 , c8:a6:08:9a:bb:f1 , -86
1737085936948 , 74:03:bd:ef:8a:00 , -64
1737085936948 , c8:a6:08:9a:fe:71 , -68
1737085936948 , c8:a6:08:9a:fc:90 , -83
1737085936948 , c8:a6:08:9a:fe:70 , -68
1737085936948 , c8:a6:08:9a:fc:91 , -83
1737085936948 , c8:a6:08:9a:fc:94 , -83
1737085936948 , c8:a6:08:9a:fe:74 , -71
1737085936948 , 84:af:ec:86:f0:70 , -69
1737085936948 , ac:44:f2:8c:e8:a8 , -81
1737085936948 , c8:a6:08:9a:bb:c4 , -67
1737085936948 , c8:a6:08:9a:bb:c1 , -67
1737085936948 , c8:a6:08:5a:fe:71 , -71
1737085936948 , c8:a6:08:5a:fe:70 , -73
1737085936948 , c8:a6:08:9a:bb:c0 , -67
1737085936948 , c8:a6:08:9b:16:04 , -47
1737085936948 , 74:03:bd:ef:8a:10 , -78
1737085936948 , c8:a6:08:9a:bf:30 , -86
1737085936948 , c8:a6:08:5b:16:04 , -46
1737085936948 , c8:a6:08:9a:bf:34 , -86
1737085936948 , c8:a6:08:5b:16:01 , -45
1737085936948 , c8:a6:08:9b:16:01 , -46
1737085936948 , c8:a6:08:9a:bf:31 , -86
1737085936948 , c8:a6:08:5b:16:00 , -45
1737085936948 , c8:a6:08:9b:16:00 , -46
1737085936948 , 3c:64:cf:5c:de:09 , -81
1737085936948 , 50:d4:f7:a6:80:f4 , -80
1737085936948 , 50:d4:f7:a6:80:f3 , -89
1737085936948 , c8:a6:08:9a:bc:10 , -65
1737085936948 , c8:a6:08:9a:bc:11 , -65
1737085936948 , c8:a6:08:9a:bc:14 , -70
1737085936948 , c8:a6:08:9a:bb:80 , -74
1737085936948 , c8:a6:08:5a:bc:11 , -59
1737085936948 , c8:a6:08:9a:bb:81 , -74
1737085936948 , c8:a6:08:5a:bc:10 , -59
1737085936948 , ac:44:f2:8c:b0:e0 , -76
1737085936948 , c8:a6:08:9a:bb:84 , -74
1737085936948 , 60:84:bd:de:7c:67 , -68
1737085936948 , ac:44:f2:8c:e9:20 , -76
1737085936948 , c8:a6:08:9a:fd:01 , -86
1737085936948 , c8:a6:08:9a:fd:00 , -86
1737085936948 , c0:25:a2:a7:2e:2b , -65
1737085936948 , 60:84:bd:de:7c:60 , -66
1737085936948 , c8:a6:08:9a:b7:01 , -75
1737085936948 , c8:a6:08:9b:16:24 , -46
1737085936948 , c8:a6:08:5b:15:50 , -63
1737085936948 , c8:a6:08:9a:b7:00 , -75
1737085936948 , c8:a6:08:5b:15:51 , -59
1737085936948 , c0:25:a2:a7:2e:27 , -57
1737085936948 , 74:03:bd:8b:7c:b7 , -85
1737085936948 , c0:25:a2:a7:2e:26 , -47
1737085936948 , c0:25:a2:a9:b1:4f , -56
1737085936948 , c8:a6:08:5b:16:24 , -54
1737085936948 , c8:a6:08:9b:15:51 , -67
1737085936948 , c8:a6:08:9b:15:50 , -67
1737085936948 , 84:af:ec:86:f0:60 , -70
1737085936948 , c8:a6:08:9b:16:21 , -46
1737085936948 , c8:a6:08:5b:16:21 , -56
1737085936948 , c8:a6:08:9b:16:20 , -46
1737085936948 , c8:a6:08:5b:16:20 , -55
1737085936948 , c8:a6:08:9a:b7:04 , -76
1737085936948 , c8:a6:08:9b:15:54 , -68
1737085936948 , f8:b7:97:9b:d6:ff , -84
1737085936948 , c8:a6:08:9a:bb:b0 , -89
1737085936948 , c8:a6:08:9a:fd:04 , -86
1737085936948 , c8:a6:08:9a:bb:b1 , -89
1737085936948 , c8:a6:08:9a:bb:b4 , -89
1737085936948 , c8:a6:08:5a:bb:f1 , -79
1737085936948 , c8:a6:08:5a:bb:f0 , -78
1737085936948 , c8:a6:08:9a:bb:f0 , -86
1737085936948 , c8:a6:08:9a:bb:f1 , -86
1737085937931 , 74:03:bd:ef:8a:00 , -64
1737085937931 , c8:a6:08:9a:fe:71 , -68
1737085937931 , c8:a6:08:9a:fc:90 , -83
1737085937931 , c8:a6:08:9a:fe:70 , -68
1737085937931 , c8:a6:08:9a:fc:91 , -83
1737085937931 , c8:a6:08:9a:fc:94 , -83
1737085937931 , c8:a6:08:9a:fe:74 , -71
1737085937931 , 84:af:ec:86:f0:70 , -69
1737085937931 , ac:44:f2:8c:e8:a8 , -81
1737085937931 , c8:a6:08:9a:bb:c4 , -67
1737085937931 , c8:a6:08:9a:bb:c1 , -67
1737085937931 , c8:a6:08:5a:fe:71 , -71
1737085937931 , c8:a6:08:5a:fe:70 , -73
1737085937931 , c8:a6:08:9a:bb:c0 , -67
1737085937931 , c8:a6:08:9b:16:04 , -47
1737085937931 , 74:03:bd:ef:8a:10 , -78
1737085937931 , c8:a6:08:9a:bf:30 , -86
1737085937931 , c8:a6:08:5b:16:04 , -46
1737085937931 , c8:a6:08:9a:bf:34 , -86
1737085937931 , c8:a6:08:5b:16:01 , -45
1737085937931 , c8:a6:08:9b:16:01 , -46
1737085937931 , c8:a6:08:9a:bf:31 , -86
1737085937931 , c8:a6:08:5b:16:00 , -45
1737085937931 , c8:a6:08:9b:16:00 , -46
1737085937931 , 3c:64:cf:5c:de:09 , -81
1737085937931 , 50:d4:f7:a6:80:f4 , -80
1737085937931 , 50:d4:f7:a6:80:f3 , -89
1737085937931 , c8:a6:08:9a:bc:10 , -65
1737085937931 , c8:a6:08:9a:bc:11 , -65
1737085937931 , c8:a6:08:9a:bc:14 , -70
1737085937931 , c8:a6:08:9a:bb:80 , -74
1737085937931 , c8:a6:08:5a:bc:11 , -59
1737085937931 , c8:a6:08:9a:bb:81 , -74
1737085937931 , c8:a6:08:5a:bc:10 , -59
1737085937931 , ac:44:f2:8c:b0:e0 , -76
1737085937931 , c8:a6:08:9a:bb:84 , -74
1737085937931 , 60:84:bd:de:7c:67 , -68
1737085937931 , ac:44:f2:8c:e9:20 , -76
1737085937931 , c8:a6:08:9a:fd:01 , -86
1737085937931 , c8:a6:08:9a:fd:00 , -86
1737085937931 , c0:25:a2:a7:2e:2b , -65
1737085937931 , 60:84:bd:de:7c:60 , -66
1737085937931 , c8:a6:08:9a:b7:01 , -75
1737085937931 , c8:a6:08:9b:16:24 , -46
1737085937931 , c8:a6:08:5b:15:50 , -63
1737085937931 , c8:a6:08:9a:b7:00 , -75
1737085937931 , c8:a6:08:5b:15:51 , -59
1737085937931 , c0:25:a2:a7:2e:27 , -57
1737085937931 , 74:03:bd:8b:7c:b7 , -85
1737085937931 , c0:25:a2:a7:2e:26 , -47
1737085937931 , c0:25:a2:a9:b1:4f , -56
1737085937931 , c8:a6:08:5b:16:24 , -54
1737085937931 , c8:a6:08:9b:15:51 , -67
1737085937931 , c8:a6:08:9b:15:50 , -67
1737085937931 , 84:af:ec:86:f0:60 , -70
1737085937931 , c8:a6:08:9b:16:21 , -46
1737085937931 , c8:a6:08:5b:16:21 , -56
1737085937931 , c8:a6:08:9b:16:20 , -46
1737085937931 , c8:a6:08:5b:16:20 , -55
1737085937931 , c8:a6:08:9a:b7:04 , -76
1737085937931 , c8:a6:08:9b:15:54 , -68
1737085937931 , f8:b7:97:9b:d6:ff , -84
1737085937931 , c8:a6:08:9a:bb:b0 , -89
1737085937931 , c8:a6:08:9a:fd:04 , -86
1737085937931 , c8:a6:08:9a:bb:b1 , -89
1737085937931 , c8:a6:08:9a:bb:b4 , -89
1737085937931 , c8:a6:08:5a:bb:f1 , -79
1737085937931 , c8:a6:08:5a:bb:f0 , -78
1737085937931 , c8:a6:08:9a:bb:f0 , -86
1737085937931 , c8:a6:08:9a:bb:f1 , -86
1737085938940 , 74:03:bd:ef:8a:00 , -64
1737085938940 , c8:a6:08:9a:fe:71 , -68
1737085938940 , c8:a6:08:9a:fc:90 , -83
1737085938940 , c8:a6:08:9a:fe:70 , -68
1737085938940 , c8:a6:08:9a:fc:91 , -83
1737085938940 , c8:a6:08:9a:fc:94 , -83
1737085938940 , c8:a6:08:9a:fe:74 , -71
1737085938940 , 84:af:ec:86:f0:70 , -69
1737085938940 , ac:44:f2:8c:e8:a8 , -81
1737085938940 , c8:a6:08:9a:bb:c4 , -67
1737085938940 , c8:a6:08:9a:bb:c1 , -67
1737085938940 , c8:a6:08:5a:fe:71 , -71
1737085938940 , c8:a6:08:5a:fe:70 , -73
1737085938940 , c8:a6:08:9a:bb:c0 , -67
1737085938940 , c8:a6:08:9b:16:04 , -47
1737085938940 , 74:03:bd:ef:8a:10 , -78
1737085938940 , c8:a6:08:9a:bf:30 , -86
1737085938940 , c8:a6:08:5b:16:04 , -46
1737085938940 , c8:a6:08:9a:bf:34 , -86
1737085938940 , c8:a6:08:5b:16:01 , -45
1737085938940 , c8:a6:08:9b:16:01 , -46
1737085938940 , c8:a6:08:9a:bf:31 , -86
1737085938940 , c8:a6:08:5b:16:00 , -45
1737085938940 , c8:a6:08:9b:16:00 , -46
1737085938940 , 3c:64:cf:5c:de:09 , -81
1737085938940 , 50:d4:f7:a6:80:f4 , -80
1737085938940 , 50:d4:f7:a6:80:f3 , -89
1737085938940 , c8:a6:08:9a:bc:10 , -65
1737085938940 , c8:a6:08:9a:bc:11 , -65
1737085938940 , c8:a6:08:9a:bc:14 , -70
1737085938940 , c8:a6:08:9a:bb:80 , -74
1737085938940 , c8:a6:08:5a:bc:11 , -59
1737085938940 , c8:a6:08:9a:bb:81 , -74
1737085938940 , c8:a6:08:5a:bc:10 , -59
1737085938940 , ac:44:f2:8c:b0:e0 , -76
1737085938940 , c8:a6:08:9a:bb:84 , -74
1737085938940 , 60:84:bd:de:7c:67 , -68
1737085938940 , ac:44:f2:8c:e9:20 , -76
1737085938940 , c8:a6:08:9a:fd:01 , -86
1737085938940 , c8:a6:08:9a:fd:00 , -86
1737085938940 , c0:25:a2:a7:2e:2b , -65
1737085938940 , 60:84:bd:de:7c:60 , -66
1737085938940 , c8:a6:08:9a:b7:01 , -75
1737085938940 , c8:a6:08:9b:16:24 , -46
1737085938940 , c8:a6:08:5b:15:50 , -63
1737085938940 , c8:a6:08:9a:b7:00 , -75
1737085938940 , c8:a6:08:5b:15:51 , -59
1737085938940 , c0:25:a2:a7:2e:27 , -57
1737085938940 , 74:03:bd:8b:7c:b7 , -85
1737085938940 , c0:25:a2:a7:2e:26 , -47
1737085938940 , c0:25:a2:a9:b1:4f , -56
1737085938940 , c8:a6:08:5b:16:24 , -54
1737085938940 , c8:a6:08:9b:15:51 , -67
1737085938940 , c8:a6:08:9b:15:50 , -67
1737085938940 , 84:af:ec:86:f0:60 , -70
1737085938940 , c8:a6:08:9b:16:21 , -46
1737085938940 , c8:a6:08:5b:16:21 , -56
1737085938940 , c8:a6:08:9b:16:20 , -46
1737085938940 , c8:a6:08:5b:16:20 , -55
1737085938940 , c8:a6:08:9a:b7:04 , -76
1737085938940 , c8:a6:08:9b:15:54 , -68
1737085938940 , f8:b7:97:9b:d6:ff , -84
1737085938940 , c8:a6:08:9a:bb:b0 , -89
1737085938940 , c8:a6:08:9a:fd:04 , -86
1737085938940 , c8:a6:08:9a:bb:b1 , -89
1737085938940 , c8:a6:08:9a:bb:b4 , -89
1737085938940 , c8:a6:08:5a:bb:f1 , -79
1737085938940 , c8:a6:08:5a:bb:f0 , -78
1737085938940 , c8:a6:08:9a:bb:f0 , -86
1737085938940 , c8:a6:08:9a:bb:f1 , -86
1737085939953 , 74:03:bd:ef:8a:00 , -64
1737085939953 , c8:a6:08:9a:fe:71 , -68
1737085939953 , c8:a6:08:9a:fc:90 , -83
1737085939953 , c8:a6:08:9a:fe:70 , -68
1737085939953 , c8:a6:08:9a:fc:91 , -83
1737085939953 , c8:a6:08:9a:fc:94 , -83
1737085939953 , c8:a6:08:9a:fe:74 , -71
1737085939953 , 84:af:ec:86:f0:70 , -69
1737085939953 , ac:44:f2:8c:e8:a8 , -81
1737085939953 , c8:a6:08:9a:bb:c4 , -67
1737085939953 , c8:a6:08:9a:bb:c1 , -67
1737085939953 , c8:a6:08:5a:fe:71 , -71
1737085939953 , c8:a6:08:5a:fe:70 , -73
1737085939953 , c8:a6:08:9a:bb:c0 , -67
1737085939953 , c8:a6:08:9b:16:04 , -47
1737085939953 , 74:03:bd:ef:8a:10 , -78
1737085939953 , c8:a6:08:9a:bf:30 , -86
1737085939953 , c8:a6:08:5b:16:04 , -46
1737085939953 , c8:a6:08:9a:bf:34 , -86
1737085939953 , c8:a6:08:5b:16:01 , -45
1737085939953 , c8:a6:08:9b:16:01 , -46
1737085939953 , c8:a6:08:9a:bf:31 , -86
1737085939953 , c8:a6:08:5b:16:00 , -45
1737085939953 , c8:a6:08:9b:16:00 , -46
1737085939953 , 3c:64:cf:5c:de:09 , -81
1737085939953 , 50:d4:f7:a6:80:f4 , -80
1737085939953 , 50:d4:f7:a6:80:f3 , -89
1737085939953 , c8:a6:08:9a:bc:10 , -65
1737085939953 , c8:a6:08:9a:bc:11 , -65
1737085939953 , c8:a6:08:9a:bc:14 , -70
1737085939953 , c8:a6:08:9a:bb:80 , -74
1737085939953 , c8:a6:08:5a:bc:11 , -59
1737085939953 , c8:a6:08:9a:bb:81 , -74
1737085939953 , c8:a6:08:5a:bc:10 , -59
1737085939953 , ac:44:f2:8c:b0:e0 , -76
1737085939953 , c8:a6:08:9a:bb:84 , -74
1737085939953 , 60:84:bd:de:7c:67 , -68
1737085939953 , ac:44:f2:8c:e9:20 , -76
1737085939953 , c8:a6:08:9a:fd:01 , -86
1737085939953 , c8:a6:08:9a:fd:00 , -86
1737085939953 , c0:25:a2:a7:2e:2b , -65
1737085939953 , 60:84:bd:de:7c:60 , -66
1737085939953 , c8:a6:08:9a:b7:01 , -75
1737085939953 , c8:a6:08:9b:16:24 , -46
1737085939953 , c8:a6:08:5b:15:50 , -63
1737085939953 , c8:a6:08:9a:b7:00 , -75
1737085939953 , c8:a6:08:5b:15:51 , -59
1737085939953 , c0:25:a2:a7:2e:27 , -57
1737085939953 , 74:03:bd:8b:7c:b7 , -85
1737085939953 , c0:25:a2:a7:2e:26 , -47
1737085939953 , c0:25:a2:a9:b1:4f , -56
1737085939953 , c8:a6:08:5b:16:24 , -54
1737085939953 , c8:a6:08:9b:15:51 , -67
1737085939953 , c8:a6:08:9b:15:50 , -67
1737085939953 , 84:af:ec:86:f0:60 , -70
1737085939953 , c8:a6:08:9b:16:21 , -46
1737085939953 , c8:a6:08:5b:16:21 , -56
1737085939953 , c8:a6:08:9b:16:20 , -46
1737085939953 , c8:a6:08:5b:16:20 , -55
1737085939953 , c8:a6:08:9a:b7:04 , -76
1737085939953 , c8:a6:08:9b:15:54 , -68
1737085939953 , f8:b7:97:9b:d6:ff , -84
1737085939953 , c8:a6:08:9a:bb:b0 , -89
1737085939953 , c8:a6:08:9a:fd:04 , -86
1737085939953 , c8:a6:08:9a:bb:b1 , -89
1737085939953 , c8:a6:08:9a:bb:b4 , -89
1737085939953 , c8:a6:08:5a:bb:f1 , -79
1737085939953 , c8:a6:08:5a:bb:f0 , -78
1737085939953 , c8:a6:08:9a:bb:f0 , -86
1737085939953 , c8:a6:08:9a:bb:f1 , -86
1737085940976 , 74:03:bd:ef:8a:00 , -64
1737085940976 , c8:a6:08:9a:fe:71 , -68
1737085940976 , c8:a6:08:9a:fc:90 , -83
1737085940976 , c8:a6:08:9a:fe:70 , -68
1737085940976 , c8:a6:08:9a:fc:91 , -83
1737085940976 , c8:a6:08:9a:fc:94 , -83
1737085940976 , c8:a6:08:9a:fe:74 , -71
1737085940976 , 84:af:ec:86:f0:70 , -69
1737085940976 , ac:44:f2:8c:e8:a8 , -81
1737085940976 , c8:a6:08:9a:bb:c4 , -67
1737085940976 , c8:a6:08:9a:bb:c1 , -67
1737085940976 , c8:a6:08:5a:fe:71 , -71
1737085940976 , c8:a6:08:5a:fe:70 , -73
1737085940976 , c8:a6:08:9a:bb:c0 , -67
1737085940976 , c8:a6:08:9b:16:04 , -47
1737085940976 , 74:03:bd:ef:8a:10 , -78
1737085940976 , c8:a6:08:9a:bf:30 , -86
1737085940976 , c8:a6:08:5b:16:04 , -46
1737085940976 , c8:a6:08:9a:bf:34 , -86
1737085940976 , c8:a6:08:5b:16:01 , -45
1737085940976 , c8:a6:08:9b:16:01 , -46
1737085940976 , c8:a6:08:9a:bf:31 , -86
1737085940976 , c8:a6:08:5b:16:00 , -45
1737085940976 , c8:a6:08:9b:16:00 , -46
1737085940976 , 3c:64:cf:5c:de:09 , -81
1737085940976 , 50:d4:f7:a6:80:f4 , -80
1737085940976 , 50:d4:f7:a6:80:f3 , -89
1737085940976 , c8:a6:08:9a:bc:10 , -65
1737085940976 , c8:a6:08:9a:bc:11 , -65
1737085940976 , c8:a6:08:9a:bc:14 , -70
1737085940976 , c8:a6:08:9a:bb:80 , -74
1737085940976 , c8:a6:08:5a:bc:11 , -59
1737085940976 , c8:a6:08:9a:bb:81 , -74
1737085940976 , c8:a6:08:5a:bc:10 , -59
1737085940976 , ac:44:f2:8c:b0:e0 , -76
1737085940976 , c8:a6:08:9a:bb:84 , -74
1737085940976 , 60:84:bd:de:7c:67 , -68
1737085940976 , ac:44:f2:8c:e9:20 , -76
1737085940976 , c8:a6:08:9a:fd:01 , -86
1737085940976 , c8:a6:08:9a:fd:00 , -86
1737085940976 , c0:25:a2:a7:2e:2b , -65
1737085940976 , 60:84:bd:de:7c:60 , -66
1737085940976 , c8:a6:08:9a:b7:01 , -75
1737085940976 , c8:a6:08:9b:16:24 , -46
1737085940976 , c8:a6:08:5b:15:50 , -63
1737085940976 , c8:a6:08:9a:b7:00 , -75
1737085940976 , c8:a6:08:5b:15:51 , -59
1737085940976 , c0:25:a2:a7:2e:27 , -57
1737085940976 , 74:03:bd:8b:7c:b7 , -85
1737085940976 , c0:25:a2:a7:2e:26 , -47
1737085940976 , c0:25:a2:a9:b1:4f , -56
1737085940976 , c8:a6:08:5b:16:24 , -54
1737085940976 , c8:a6:08:9b:15:51 , -67
1737085940976 , c8:a6:08:9b:15:50 , -67
1737085940976 , 84:af:ec:86:f0:60 , -70
1737085940976 , c8:a6:08:9b:16:21 , -46
1737085940976 , c8:a6:08:5b:16:21 , -56
1737085940976 , c8:a6:08:9b:16:20 , -46
1737085940976 , c8:a6:08:5b:16:20 , -55
1737085940976 , c8:a6:08:9a:b7:04 , -76
1737085940976 , c8:a6:08:9b:15:54 , -68
1737085940976 , f8:b7:97:9b:d6:ff , -84
1737085940976 , c8:a6:08:9a:bb:b0 , -89
1737085940976 , c8:a6:08:9a:fd:04 , -86
1737085940976 , c8:a6:08:9a:bb:b1 , -89
1737085940976 , c8:a6:08:9a:bb:b4 , -89
1737085940976 , c8:a6:08:5a:bb:f1 , -79
1737085940976 , c8:a6:08:5a:bb:f0 , -78
1737085940976 , c8:a6:08:9a:bb:f0 , -86
1737085940976 , c8:a6:08:9a:bb:f1 , -86
1737085941980 , 74:03:bd:ef:8a:00 , -64
1737085941980 , c8:a6:08:9a:fe:71 , -68
1737085941980 , c8:a6:08:9a:fc:90 , -83
1737085941980 , c8:a6:08:9a:fe:70 , -68
1737085941980 , c8:a6:08:9a:fc:91 , -83
1737085941980 , c8:a6:08:9a:fc:94 , -83
1737085941980 , c8:a6:08:9a:fe:74 , -71
1737085941980 , 84:af:ec:86:f0:70 , -69
1737085941980 , ac:44:f2:8c:e8:a8 , -81
1737085941980 , c8:a6:08:9a:bb:c4 , -67
1737085941980 , c8:a6:08:9a:bb:c1 , -67
1737085941980 , c8:a6:08:5a:fe:71 , -71
1737085941980 , c8:a6:08:5a:fe:70 , -73
1737085941980 , c8:a6:08:9a:bb:c0 , -67
1737085941980 , c8:a6:08:9b:16:04 , -47
1737085941980 , 74:03:bd:ef:8a:10 , -78
1737085941980 , c8:a6:08:9a:bf:30 , -86
1737085941980 , c8:a6:08:5b:16:04 , -46
1737085941980 , c8:a6:08:9a:bf:34 , -86
1737085941980 , c8:a6:08:5b:16:01 , -45
1737085941980 , c8:a6:08:9b:16:01 , -46
1737085941980 , c8:a6:08:9a:bf:31 , -86
1737085941980 , c8:a6:08:5b:16:00 , -45
1737085941980 , c8:a6:08:9b:16:00 , -46
1737085941980 , 3c:64:cf:5c:de:09 , -81
1737085941980 , 50:d4:f7:a6:80:f4 , -80
1737085941980 , 50:d4:f7:a6:80:f3 , -89
1737085941980 , c8:a6:08:9a:bc:10 , -65
1737085941980 , c8:a6:08:9a:bc:11 , -65
1737085941980 , c8:a6:08:9a:bc:14 , -70
1737085941980 , c8:a6:08:9a:bb:80 , -74
1737085941980 , c8:a6:08:5a:bc:11 , -59
1737085941980 , c8:a6:08:9a:bb:81 , -74
1737085941980 , c8:a6:08:5a:bc:10 , -59
1737085941980 , ac:44:f2:8c:b0:e0 , -76
1737085941980 , c8:a6:08:9a:bb:84 , -74
1737085941980 , 60:84:bd:de:7c:67 , -68
1737085941980 , ac:44:f2:8c:e9:20 , -76
1737085941980 , c8:a6:08:9a:fd:01 , -86
1737085941980 , c8:a6:08:9a:fd:00 , -86
1737085941980 , c0:25:a2:a7:2e:2b , -65
1737085941980 , 60:84:bd:de:7c:60 , -66
1737085941980 , c8:a6:08:9a:b7:01 , -75
1737085941980 , c8:a6:08:9b:16:24 , -46
1737085941980 , c8:a6:08:5b:15:50 , -63
1737085941980 , c8:a6:08:9a:b7:00 , -75
1737085941980 , c8:a6:08:5b:15:51 , -59
1737085941980 , c0:25:a2:a7:2e:27 , -57
1737085941980 , 74:03:bd:8b:7c:b7 , -85
1737085941980 , c0:25:a2:a7:2e:26 , -47
1737085941980 , c0:25:a2:a9:b1:4f , -56
1737085941980 , c8:a6:08:5b:16:24 , -54
1737085941980 , c8:a6:08:9b:15:51 , -67
1737085941980 , c8:a6:08:9b:15:50 , -67
1737085941980 , 84:af:ec:86:f0:60 , -70
1737085941980 , c8:a6:08:9b:16:21 , -46
1737085941980 , c8:a6:08:5b:16:21 , -56
1737085941980 , c8:a6:08:9b:16:20 , -46
1737085941980 , c8:a6:08:5b:16:20 , -55
1737085941980 , c8:a6:08:9a:b7:04 , -76
1737085941980 , c8:a6:08:9b:15:54 , -68
1737085941980 , f8:b7:97:9b:d6:ff , -84
1737085941980 , c8:a6:08:9a:bb:b0 , -89
1737085941980 , c8:a6:08:9a:fd:04 , -86
1737085941980 , c8:a6:08:9a:bb:b1 , -89
1737085941980 , c8:a6:08:9a:bb:b4 , -89
1737085941980 , c8:a6:08:5a:bb:f1 , -79
1737085941980 , c8:a6:08:5a:bb:f0 , -78
1737085941980 , c8:a6:08:9a:bb:f0 , -86
1737085941980 , c8:a6:08:9a:bb:f1 , -86
1737085942999 , 74:03:bd:ef:8a:00 , -64
1737085942999 , c8:a6:08:9a:fe:71 , -68
1737085942999 , c8:a6:08:9a:fc:90 , -83
1737085942999 , c8:a6:08:9a:fe:70 , -68
1737085942999 , c8:a6:08:9a:fc:91 , -83
1737085942999 , c8:a6:08:9a:fc:94 , -83
1737085942999 , c8:a6:08:9a:fe:74 , -71
1737085942999 , 84:af:ec:86:f0:70 , -69
1737085942999 , ac:44:f2:8c:e8:a8 , -81
1737085942999 , c8:a6:08:9a:bb:c4 , -67
1737085942999 , c8:a6:08:9a:bb:c1 , -67
1737085942999 , c8:a6:08:5a:fe:71 , -71
1737085942999 , c8:a6:08:5a:fe:70 , -73
1737085942999 , c8:a6:08:9a:bb:c0 , -67
1737085942999 , c8:a6:08:9b:16:04 , -47
1737085942999 , 74:03:bd:ef:8a:10 , -78
1737085942999 , c8:a6:08:9a:bf:30 , -86
1737085942999 , c8:a6:08:5b:16:04 , -46
1737085942999 , c8:a6:08:9a:bf:34 , -86
1737085942999 , c8:a6:08:5b:16:01 , -45
1737085942999 , c8:a6:08:9b:16:01 , -46
1737085942999 , c8:a6:08:9a:bf:31 , -86
1737085942999 , c8:a6:08:5b:16:00 , -45
1737085942999 , c8:a6:08:9b:16:00 , -46
1737085942999 , 3c:64:cf:5c:de:09 , -81
1737085942999 , 50:d4:f7:a6:80:f4 , -80
1737085942999 , 50:d4:f7:a6:80:f3 , -89
1737085942999 , c8:a6:08:9a:bc:10 , -65
1737085942999 , c8:a6:08:9a:bc:11 , -65
1737085942999 , c8:a6:08:9a:bc:14 , -70
1737085942999 , c8:a6:08:9a:bb:80 , -74
1737085942999 , c8:a6:08:5a:bc:11 , -59
1737085942999 , c8:a6:08:9a:bb:81 , -74
1737085942999 , c8:a6:08:5a:bc:10 , -59
1737085942999 , ac:44:f2:8c:b0:e0 , -76
1737085942999 , c8:a6:08:9a:bb:84 , -74
1737085942999 , 60:84:bd:de:7c:67 , -68
1737085942999 , ac:44:f2:8c:e9:20 , -76
1737085942999 , c8:a6:08:9a:fd:01 , -86
1737085942999 , c8:a6:08:9a:fd:00 , -86
1737085942999 , c0:25:a2:a7:2e:2b , -65
1737085942999 , 60:84:bd:de:7c:60 , -66
1737085942999 , c8:a6:08:9a:b7:01 , -75
1737085942999 , c8:a6:08:9b:16:24 , -46
1737085942999 , c8:a6:08:5b:15:50 , -63
1737085942999 , c8:a6:08:9a:b7:00 , -75
1737085942999 , c8:a6:08:5b:15:51 , -59
1737085942999 , c0:25:a2:a7:2e:27 , -57
1737085942999 , 74:03:bd:8b:7c:b7 , -85
1737085942999 , c0:25:a2:a7:2e:26 , -47
1737085942999 , c0:25:a2:a9:b1:4f , -56
1737085942999 , c8:a6:08:5b:16:24 , -54
1737085942999 , c8:a6:08:9b:15:51 , -67
1737085942999 , c8:a6:08:9b:15:50 , -67
1737085942999 , 84:af:ec:86:f0:60 , -70
1737085942999 , c8:a6:08:9b:16:21 , -46
1737085942999 , c8:a6:08:5b:16:21 , -56
1737085942999 , c8:a6:08:9b:16:20 , -46
1737085942999 , c8:a6:08:5b:16:20 , -55
1737085942999 , c8:a6:08:9a:b7:04 , -76
1737085942999 , c8:a6:08:9b:15:54 , -68
1737085942999 , f8:b7:97:9b:d6:ff , -84
1737085942999 , c8:a6:08:9a:bb:b0 , -89
1737085942999 , c8:a6:08:9a:fd:04 , -86
1737085942999 , c8:a6:08:9a:bb:b1 , -89
1737085942999 , c8:a6:08:9a:bb:b4 , -89
1737085942999 , c8:a6:08:5a:bb:f1 , -79
1737085942999 , c8:a6:08:5a:bb:f0 , -78
1737085942999 , c8:a6:08:9a:bb:f0 , -86
1737085942999 , c8:a6:08:9a:bb:f1 , -86
1737085944002 , 74:03:bd:ef:8a:00 , -64
1737085944002 , c8:a6:08:9a:fe:71 , -68
1737085944002 , c8:a6:08:9a:fc:90 , -83
1737085944002 , c8:a6:08:9a:fe:70 , -68
1737085944002 , c8:a6:08:9a:fc:91 , -83
1737085944002 , c8:a6:08:9a:fc:94 , -83
1737085944002 , c8:a6:08:9a:fe:74 , -71
1737085944002 , 84:af:ec:86:f0:70 , -69
1737085944002 , ac:44:f2:8c:e8:a8 , -81
1737085944002 , c8:a6:08:9a:bb:c4 , -67
1737085944002 , c8:a6:08:9a:bb:c1 , -67
1737085944002 , c8:a6:08:5a:fe:71 , -71
1737085944002 , c8:a6:08:5a:fe:70 , -73
1737085944002 , c8:a6:08:9a:bb:c0 , -67
1737085944002 , c8:a6:08:9b:16:04 , -47
1737085944002 , 74:03:bd:ef:8a:10 , -78
1737085944002 , c8:a6:08:9a:bf:30 , -86
1737085944002 , c8:a6:08:5b:16:04 , -46
1737085944002 , c8:a6:08:9a:bf:34 , -86
1737085944002 , c8:a6:08:5b:16:01 , -45
1737085944002 , c8:a6:08:9b:16:01 , -46
1737085944002 , c8:a6:08:9a:bf:31 , -86
1737085944002 , c8:a6:08:5b:16:00 , -45
1737085944002 , c8:a6:08:9b:16:00 , -46
1737085944002 , 3c:64:cf:5c:de:09 , -81
1737085944002 , 50:d4:f7:a6:80:f4 , -80
1737085944002 , 50:d4:f7:a6:80:f3 , -89
1737085944002 , c8:a6:08:9a:bc:10 , -65
1737085944002 , c8:a6:08:9a:bc:11 , -65
1737085944002 , c8:a6:08:9a:bc:14 , -70
1737085944002 , c8:a6:08:9a:bb:80 , -74
1737085944002 , c8:a6:08:5a:bc:11 , -59
1737085944002 , c8:a6:08:9a:bb:81 , -74
1737085944002 , c8:a6:08:5a:bc:10 , -59
1737085944002 , ac:44:f2:8c:b0:e0 , -76
1737085944002 , c8:a6:08:9a:bb:84 , -74
1737085944002 , 60:84:bd:de:7c:67 , -68
1737085944002 , ac:44:f2:8c:e9:20 , -76
1737085944002 , c8:a6:08:9a:fd:01 , -86
1737085944002 , c8:a6:08:9a:fd:00 , -86
1737085944002 , c0:25:a2:a7:2e:2b , -65
1737085944002 , 60:84:bd:de:7c:60 , -66
1737085944002 , c8:a6:08:9a:b7:01 , -75
1737085944002 , c8:a6:08:9b:16:24 , -46
1737085944002 , c8:a6:08:5b:15:50 , -63
1737085944002 , c8:a6:08:9a:b7:00 , -75
1737085944002 , c8:a6:08:5b:15:51 , -59
1737085944002 , c0:25:a2:a7:2e:27 , -57
1737085944002 , 74:03:bd:8b:7c:b7 , -85
1737085944002 , c0:25:a2:a7:2e:26 , -47
1737085944002 , c0:25:a2:a9:b1:4f , -56
1737085944002 , c8:a6:08:5b:16:24 , -54
1737085944002 , c8:a6:08:9b:15:51 , -67
1737085944002 , c8:a6:08:9b:15:50 , -67
1737085944002 , 84:af:ec:86:f0:60 , -70
1737085944002 , c8:a6:08:9b:16:21 , -46
1737085944002 , c8:a6:08:5b:16:21 , -56
1737085944002 , c8:a6:08:9b:16:20 , -46
1737085944002 , c8:a6:08:5b:16:20 , -55
1737085944002 , c8:a6:08:9a:b7:04 , -76
1737085944002 , c8:a6:08:9b:15:54 , -68
1737085944002 , f8:b7:97:9b:d6:ff , -84
1737085944002 , c8:a6:08:9a:bb:b0 , -89
1737085944002 , c8:a6:08:9a:fd:04 , -86
1737085944002 , c8:a6:08:9a:bb:b1 , -89
1737085944002 , c8:a6:08:9a:bb:b4 , -89
1737085944002 , c8:a6:08:5a:bb:f1 , -79
1737085944002 , c8:a6:08:5a:bb:f0 , -78
1737085944002 , c8:a6:08:9a:bb:f0 , -86
1737085944002 , c8:a6:08:9a:bb:f1 , -86
1737085945031 , 74:03:bd:ef:8a:00 , -64
1737085945031 , c8:a6:08:9a:fe:71 , -68
1737085945031 , c8:a6:08:9a:fc:90 , -83
1737085945031 , c8:a6:08:9a:fe:70 , -68
1737085945031 , c8:a6:08:9a:fc:91 , -83
1737085945031 , c8:a6:08:9a:fc:94 , -83
1737085945031 , c8:a6:08:9a:fe:74 , -71
1737085945031 , 84:af:ec:86:f0:70 , -69
1737085945031 , ac:44:f2:8c:e8:a8 , -81
1737085945031 , c8:a6:08:9a:bb:c4 , -67
1737085945031 , c8:a6:08:9a:bb:c1 , -67
1737085945031 , c8:a6:08:5a:fe:71 , -71
1737085945031 , c8:a6:08:5a:fe:70 , -73
1737085945031 , c8:a6:08:9a:bb:c0 , -67
1737085945031 , c8:a6:08:9b:16:04 , -47
1737085945031 , 74:03:bd:ef:8a:10 , -78
1737085945031 , c8:a6:08:9a:bf:30 , -86
1737085945031 , c8:a6:08:5b:16:04 , -46
1737085945031 , c8:a6:08:9a:bf:34 , -86
1737085945031 , c8:a6:08:5b:16:01 , -45
1737085945031 , c8:a6:08:9b:16:01 , -46
1737085945031 , c8:a6:08:9a:bf:31 , -86
1737085945031 , c8:a6:08:5b:16:00 , -45
1737085945031 , c8:a6:08:9b:16:00 , -46
1737085945031 , 3c:64:cf:5c:de:09 , -81
1737085945031 , 50:d4:f7:a6:80:f4 , -80
1737085945031 , 50:d4:f7:a6:80:f3 , -89
1737085945031 , c8:a6:08:9a:bc:10 , -65
1737085945031 , c8:a6:08:9a:bc:11 , -65
1737085945031 , c8:a6:08:9a:bc:14 , -70
1737085945031 , c8:a6:08:9a:bb:80 , -74
1737085945031 , c8:a6:08:5a:bc:11 , -59
1737085945031 , c8:a6:08:9a:bb:81 , -74
1737085945031 , c8:a6:08:5a:bc:10 , -59
1737085945031 , ac:44:f2:8c:b0:e0 , -76
1737085945031 , c8:a6:08:9a:bb:84 , -74
1737085945031 , 60:84:bd:de:7c:67 , -68
1737085945031 , ac:44:f2:8c:e9:20 , -76
1737085945031 , c8:a6:08:9a:fd:01 , -86
1737085945031 , c8:a6:08:9a:fd:00 , -86
1737085945031 , c0:25:a2:a7:2e:2b , -65
1737085945031 , 60:84:bd:de:7c:60 , -66
1737085945031 , c8:a6:08:9a:b7:01 , -75
1737085945031 , c8:a6:08:9b:16:24 , -46
1737085945031 , c8:a6:08:5b:15:50 , -63
1737085945031 , c8:a6:08:9a:b7:00 , -75
1737085945031 , c8:a6:08:5b:15:51 , -59
1737085945031 , c0:25:a2:a7:2e:27 , -57
1737085945031 , 74:03:bd:8b:7c:b7 , -85
1737085945031 , c0:25:a2:a7:2e:26 , -47
1737085945031 , c0:25:a2:a9:b1:4f , -56
1737085945031 , c8:a6:08:5b:16:24 , -54
1737085945031 , c8:a6:08:9b:15:51 , -67
1737085945031 , c8:a6:08:9b:15:50 , -67
1737085945031 , 84:af:ec:86:f0:60 , -70
1737085945031 , c8:a6:08:9b:16:21 , -46
1737085945031 , c8:a6:08:5b:16:21 , -56
1737085945031 , c8:a6:08:9b:16:20 , -46
1737085945031 , c8:a6:08:5b:16:20 , -55
1737085945031 , c8:a6:08:9a:b7:04 , -76
1737085945031 , c8:a6:08:9b:15:54 , -68
1737085945031 , f8:b7:97:9b:d6:ff , -84
1737085945031 , c8:a6:08:9a:bb:b0 , -89
1737085945031 , c8:a6:08:9a:fd:04 , -86
1737085945031 , c8:a6:08:9a:bb:b1 , -89
1737085945031 , c8:a6:08:9a:bb:b4 , -89
1737085945031 , c8:a6:08:5a:bb:f1 , -79
1737085945031 , c8:a6:08:5a:bb:f0 , -78
1737085945031 , c8:a6:08:9a:bb:f0 , -86
1737085945031 , c8:a6:08:9a:bb:f1 , -86
1737085946035 , 74:03:bd:ef:8a:00 , -64
1737085946035 , c8:a6:08:9a:fe:71 , -68
1737085946035 , c8:a6:08:9a:fc:90 , -83
1737085946035 , c8:a6:08:9a:fe:70 , -68
1737085946035 , c8:a6:08:9a:fc:91 , -83
1737085946035 , c8:a6:08:9a:fc:94 , -83
1737085946035 , c8:a6:08:9a:fe:74 , -71
1737085946035 , 84:af:ec:86:f0:70 , -69
1737085946035 , ac:44:f2:8c:e8:a8 , -81
1737085946035 , c8:a6:08:9a:bb:c4 , -67
1737085946035 , c8:a6:08:9a:bb:c1 , -67
1737085946035 , c8:a6:08:5a:fe:71 , -71
1737085946035 , c8:a6:08:5a:fe:70 , -73
1737085946035 , c8:a6:08:9a:bb:c0 , -67
1737085946035 , c8:a6:08:9b:16:04 , -47
1737085946035 , 74:03:bd:ef:8a:10 , -78
1737085946035 , c8:a6:08:9a:bf:30 , -86
1737085946035 , c8:a6:08:5b:16:04 , -46
1737085946035 , c8:a6:08:9a:bf:34 , -86
1737085946035 , c8:a6:08:5b:16:01 , -45
1737085946035 , c8:a6:08:9b:16:01 , -46
1737085946035 , c8:a6:08:9a:bf:31 , -86
1737085946035 , c8:a6:08:5b:16:00 , -45
1737085946035 , c8:a6:08:9b:16:00 , -46
1737085946035 , 3c:64:cf:5c:de:09 , -81
1737085946035 , 50:d4:f7:a6:80:f4 , -80
1737085946035 , 50:d4:f7:a6:80:f3 , -89
1737085946035 , c8:a6:08:9a:bc:10 , -65
1737085946035 , c8:a6:08:9a:bc:11 , -65
1737085946035 , c8:a6:08:9a:bc:14 , -70
1737085946035 , c8:a6:08:9a:bb:80 , -74
1737085946035 , c8:a6:08:5a:bc:11 , -59
1737085946035 , c8:a6:08:9a:bb:81 , -74
1737085946035 , c8:a6:08:5a:bc:10 , -59
1737085946035 , ac:44:f2:8c:b0:e0 , -76
1737085946035 , c8:a6:08:9a:bb:84 , -74
1737085946035 , 60:84:bd:de:7c:67 , -68
1737085946035 , ac:44:f2:8c:e9:20 , -76
1737085946035 , c8:a6:08:9a:fd:01 , -86
1737085946035 , c8:a6:08:9a:fd:00 , -86
1737085946035 , c0:25:a2:a7:2e:2b , -65
1737085946035 , 60:84:bd:de:7c:60 , -66
1737085946035 , c8:a6:08:9a:b7:01 , -75
1737085946035 , c8:a6:08:9b:16:24 , -46
1737085946035 , c8:a6:08:5b:15:50 , -63
1737085946035 , c8:a6:08:9a:b7:00 , -75
1737085946035 , c8:a6:08:5b:15:51 , -59
1737085946035 , c0:25:a2:a7:2e:27 , -57
1737085946035 , 74:03:bd:8b:7c:b7 , -85
1737085946035 , c0:25:a2:a7:2e:26 , -47
1737085946035 , c0:25:a2:a9:b1:4f , -56
1737085946035 , c8:a6:08:5b:16:24 , -54
1737085946035 , c8:a6:08:9b:15:51 , -67
1737085946035 , c8:a6:08:9b:15:50 , -67
1737085946035 , 84:af:ec:86:f0:60 , -70
1737085946035 , c8:a6:08:9b:16:21 , -46
1737085946035 , c8:a6:08:5b:16:21 , -56
1737085946035 , c8:a6:08:9b:16:20 , -46
1737085946035 , c8:a6:08:5b:16:20 , -55
1737085946035 , c8:a6:08:9a:b7:04 , -76
1737085946035 , c8:a6:08:9b:15:54 , -68
1737085946035 , f8:b7:97:9b:d6:ff , -84
1737085946035 , c8:a6:08:9a:bb:b0 , -89
1737085946035 , c8:a6:08:9a:fd:04 , -86
1737085946035 , c8:a6:08:9a:bb:b1 , -89
1737085946035 , c8:a6:08:9a:bb:b4 , -89
1737085946035 , c8:a6:08:5a:bb:f1 , -79
1737085946035 , c8:a6:08:5a:bb:f0 , -78
1737085946035 , c8:a6:08:9a:bb:f0 , -86
1737085946035 , c8:a6:08:9a:bb:f1 , -86
1737085947030 , 74:03:bd:ef:8a:00 , -64
1737085947030 , c8:a6:08:9a:fe:71 , -68
1737085947030 , c8:a6:08:9a:fc:90 , -83
1737085947030 , c8:a6:08:9a:fe:70 , -68
1737085947030 , c8:a6:08:9a:fc:91 , -83
1737085947030 , c8:a6:08:9a:fc:94 , -83
1737085947030 , c8:a6:08:9a:fe:74 , -71
1737085947030 , 84:af:ec:86:f0:70 , -69
1737085947030 , ac:44:f2:8c:e8:a8 , -81
1737085947030 , c8:a6:08:9a:bb:c4 , -67
1737085947030 , c8:a6:08:9a:bb:c1 , -67
1737085947030 , c8:a6:08:5a:fe:71 , -71
1737085947030 , c8:a6:08:5a:fe:70 , -73
1737085947030 , c8:a6:08:9a:bb:c0 , -67
1737085947030 , c8:a6:08:9b:16:04 , -47
1737085947030 , 74:03:bd:ef:8a:10 , -78
1737085947030 , c8:a6:08:9a:bf:30 , -86
1737085947030 , c8:a6:08:5b:16:04 , -46
1737085947030 , c8:a6:08:9a:bf:34 , -86
1737085947030 , c8:a6:08:5b:16:01 , -45
1737085947030 , c8:a6:08:9b:16:01 , -46
1737085947030 , c8:a6:08:9a:bf:31 , -86
1737085947030 , c8:a6:08:5b:16:00 , -45
1737085947030 , c8:a6:08:9b:16:00 , -46
1737085947030 , 3c:64:cf:5c:de:09 , -81
1737085947030 , 50:d4:f7:a6:80:f4 , -80
1737085947030 , 50:d4:f7:a6:80:f3 , -89
1737085947030 , c8:a6:08:9a:bc:10 , -65
1737085947030 , c8:a6:08:9a:bc:11 , -65
1737085947030 , c8:a6:08:9a:bc:14 , -70
1737085947030 , c8:a6:08:9a:bb:80 , -74
1737085947030 , c8:a6:08:5a:bc:11 , -59
1737085947030 , c8:a6:08:9a:bb:81 , -74
1737085947030 , c8:a6:08:5a:bc:10 , -59
1737085947030 , ac:44:f2:8c:b0:e0 , -76
1737085947030 , c8:a6:08:9a:bb:84 , -74
1737085947030 , 60:84:bd:de:7c:67 , -68
1737085947030 , ac:44:f2:8c:e9:20 , -76
1737085947030 , c8:a6:08:9a:fd:01 , -86
1737085947030 , c8:a6:08:9a:fd:00 , -86
1737085947030 , c0:25:a2:a7:2e:2b , -65
1737085947030 , 60:84:bd:de:7c:60 , -66
1737085947030 , c8:a6:08:9a:b7:01 , -75
1737085947030 , c8:a6:08:9b:16:24 , -46
1737085947030 , c8:a6:08:5b:15:50 , -63
1737085947030 , c8:a6:08:9a:b7:00 , -75
1737085947030 , c8:a6:08:5b:15:51 , -59
1737085947030 , c0:25:a2:a7:2e:27 , -57
1737085947030 , 74:03:bd:8b:7c:b7 , -85
1737085947030 , c0:25:a2:a7:2e:26 , -47
1737085947030 , c0:25:a2:a9:b1:4f , -56
1737085947030 , c8:a6:08:5b:16:24 , -54
1737085947030 , c8:a6:08:9b:15:51 , -67
1737085947030 , c8:a6:08:9b:15:50 , -67
1737085947030 , 84:af:ec:86:f0:60 , -70
1737085947030 , c8:a6:08:9b:16:21 , -46
1737085947030 , c8:a6:08:5b:16:21 , -56
1737085947030 , c8:a6:08:9b:16:20 , -46
1737085947030 , c8:a6:08:5b:16:20 , -55
1737085947030 , c8:a6:08:9a:b7:04 , -76
1737085947030 , c8:a6:08:9b:15:54 , -68
1737085947030 , f8:b7:97:9b:d6:ff , -84
1737085947030 , c8:a6:08:9a:bb:b0 , -89
1737085947030 , c8:a6:08:9a:fd:04 , -86
1737085947030 , c8:a6:08:9a:bb:b1 , -89
1737085947030 , c8:a6:08:9a:bb:b4 , -89
1737085947030 , c8:a6:08:5a:bb:f1 , -79
1737085947030 , c8:a6:08:5a:bb:f0 , -78
1737085947030 , c8:a6:08:9a:bb:f0 , -86
1737085947030 , c8:a6:08:9a:bb:f1 , -86
1737085948047 , 74:03:bd:ef:8a:00 , -64
1737085948047 , c8:a6:08:9a:fe:71 , -68
1737085948047 , c8:a6:08:9a:fc:90 , -83
1737085948047 , c8:a6:08:9a:fe:70 , -68
1737085948047 , c8:a6:08:9a:fc:91 , -83
1737085948047 , c8:a6:08:9a:fc:94 , -83
1737085948047 , c8:a6:08:9a:fe:74 , -71
1737085948047 , 84:af:ec:86:f0:70 , -69
1737085948047 , ac:44:f2:8c:e8:a8 , -81
1737085948047 , c8:a6:08:9a:bb:c4 , -67
1737085948047 , c8:a6:08:9a:bb:c1 , -67
1737085948047 , c8:a6:08:5a:fe:71 , -71
1737085948047 , c8:a6:08:5a:fe:70 , -73
1737085948047 , c8:a6:08:9a:bb:c0 , -67
1737085948047 , c8:a6:08:9b:16:04 , -47
1737085948047 , 74:03:bd:ef:8a:10 , -78
1737085948047 , c8:a6:08:9a:bf:30 , -86
1737085948047 , c8:a6:08:5b:16:04 , -46
1737085948047 , c8:a6:08:9a:bf:34 , -86
1737085948047 , c8:a6:08:5b:16:01 , -45
1737085948047 , c8:a6:08:9b:16:01 , -46
1737085948047 , c8:a6:08:9a:bf:31 , -86
1737085948047 , c8:a6:08:5b:16:00 , -45
1737085948047 , c8:a6:08:9b:16:00 , -46
1737085948047 , 3c:64:cf:5c:de:09 , -81
1737085948047 , 50:d4:f7:a6:80:f4 , -80
1737085948047 , 50:d4:f7:a6:80:f3 , -89
1737085948047 , c8:a6:08:9a:bc:10 , -65
1737085948047 , c8:a6:08:9a:bc:11 , -65
1737085948047 , c8:a6:08:9a:bc:14 , -70
1737085948047 , c8:a6:08:9a:bb:80 , -74
1737085948047 , c8:a6:08:5a:bc:11 , -59
1737085948047 , c8:a6:08:9a:bb:81 , -74
1737085948047 , c8:a6:08:5a:bc:10 , -59
1737085948047 , ac:44:f2:8c:b0:e0 , -76
1737085948047 , c8:a6:08:9a:bb:84 , -74
1737085948047 , 60:84:bd:de:7c:67 , -68
1737085948047 , ac:44:f2:8c:e9:20 , -76
1737085948047 , c8:a6:08:9a:fd:01 , -86
1737085948047 , c8:a6:08:9a:fd:00 , -86
1737085948047 , c0:25:a2:a7:2e:2b , -65
1737085948047 , 60:84:bd:de:7c:60 , -66
1737085948047 , c8:a6:08:9a:b7:01 , -75
1737085948047 , c8:a6:08:9b:16:24 , -46
1737085948047 , c8:a6:08:5b:15:50 , -63
1737085948047 , c8:a6:08:9a:b7:00 , -75
1737085948047 , c8:a6:08:5b:15:51 , -59
1737085948047 , c0:25:a2:a7:2e:27 , -57
1737085948047 , 74:03:bd:8b:7c:b7 , -85
1737085948047 , c0:25:a2:a7:2e:26 , -47
1737085948047 , c0:25:a2:a9:b1:4f , -56
1737085948047 , c8:a6:08:5b:16:24 , -54
1737085948047 , c8:a6:08:9b:15:51 , -67
1737085948047 , c8:a6:08:9b:15:50 , -67
1737085948047 , 84:af:ec:86:f0:60 , -70
1737085948047 , c8:a6:08:9b:16:21 , -46
1737085948047 , c8:a6:08:5b:16:21 , -56
1737085948047 , c8:a6:08:9b:16:20 , -46
1737085948047 , c8:a6:08:5b:16:20 , -55
1737085948047 , c8:a6:08:9a:b7:04 , -76
1737085948047 , c8:a6:08:9b:15:54 , -68
1737085948047 , f8:b7:97:9b:d6:ff , -84
1737085948047 , c8:a6:08:9a:bb:b0 , -89
1737085948047 , c8:a6:08:9a:fd:04 , -86
1737085948047 , c8:a6:08:9a:bb:b1 , -89
1737085948047 , c8:a6:08:9a:bb:b4 , -89
1737085948047 , c8:a6:08:5a:bb:f1 , -79
1737085948047 , c8:a6:08:5a:bb:f0 , -78
1737085948047 , c8:a6:08:9a:bb:f0 , -86
1737085948047 , c8:a6:08:9a:bb:f1 , -86
1737085949051 , 74:03:bd:ef:8a:00 , -64
1737085949051 , c8:a6:08:9a:fe:71 , -68
1737085949051 , c8:a6:08:9a:fc:90 , -83
1737085949051 , c8:a6:08:9a:fe:70 , -68
1737085949051 , c8:a6:08:9a:fc:91 , -83
1737085949051 , c8:a6:08:9a:fc:94 , -83
1737085949051 , c8:a6:08:9a:fe:74 , -71
1737085949051 , 84:af:ec:86:f0:70 , -69
1737085949051 , ac:44:f2:8c:e8:a8 , -81
1737085949051 , c8:a6:08:9a:bb:c4 , -67
1737085949051 , c8:a6:08:9a:bb:c1 , -67
1737085949051 , c8:a6:08:5a:fe:71 , -71
1737085949051 , c8:a6:08:5a:fe:70 , -73
1737085949051 , c8:a6:08:9a:bb:c0 , -67
1737085949051 , c8:a6:08:9b:16:04 , -47
1737085949051 , 74:03:bd:ef:8a:10 , -78
1737085949051 , c8:a6:08:9a:bf:30 , -86
1737085949051 , c8:a6:08:5b:16:04 , -46
1737085949051 , c8:a6:08:9a:bf:34 , -86
1737085949051 , c8:a6:08:5b:16:01 , -45
1737085949051 , c8:a6:08:9b:16:01 , -46
1737085949051 , c8:a6:08:9a:bf:31 , -86
1737085949051 , c8:a6:08:5b:16:00 , -45
1737085949051 , c8:a6:08:9b:16:00 , -46
1737085949051 , 3c:64:cf:5c:de:09 , -81
1737085949051 , 50:d4:f7:a6:80:f4 , -80
1737085949051 , 50:d4:f7:a6:80:f3 , -89
1737085949051 , c8:a6:08:9a:bc:10 , -65
1737085949051 , c8:a6:08:9a:bc:11 , -65
1737085949051 , c8:a6:08:9a:bc:14 , -70
1737085949051 , c8:a6:08:9a:bb:80 , -74
1737085949051 , c8:a6:08:5a:bc:11 , -59
1737085949051 , c8:a6:08:9a:bb:81 , -74
1737085949051 , c8:a6:08:5a:bc:10 , -59
1737085949051 , ac:44:f2:8c:b0:e0 , -76
1737085949051 , c8:a6:08:9a:bb:84 , -74
1737085949051 , 60:84:bd:de:7c:67 , -68
1737085949051 , ac:44:f2:8c:e9:20 , -76
1737085949051 , c8:a6:08:9a:fd:01 , -86
1737085949051 , c8:a6:08:9a:fd:00 , -86
1737085949051 , c0:25:a2:a7:2e:2b , -65
1737085949051 , 60:84:bd:de:7c:60 , -66
1737085949051 , c8:a6:08:9a:b7:01 , -75
1737085949051 , c8:a6:08:9b:16:24 , -46
1737085949051 , c8:a6:08:5b:15:50 , -63
1737085949051 , c8:a6:08:9a:b7:00 , -75
1737085949051 , c8:a6:08:5b:15:51 , -59
1737085949051 , c0:25:a2:a7:2e:27 , -57
1737085949051 , 74:03:bd:8b:7c:b7 , -85
1737085949051 , c0:25:a2:a7:2e:26 , -47
1737085949051 , c0:25:a2:a9:b1:4f , -56
1737085949051 , c8:a6:08:5b:16:24 , -54
1737085949051 , c8:a6:08:9b:15:51 , -67
1737085949051 , c8:a6:08:9b:15:50 , -67
1737085949051 , 84:af:ec:86:f0:60 , -70
1737085949051 , c8:a6:08:9b:16:21 , -46
1737085949051 , c8:a6:08:5b:16:21 , -56
1737085949051 , c8:a6:08:9b:16:20 , -46
1737085949051 , c8:a6:08:5b:16:20 , -55
1737085949051 , c8:a6:08:9a:b7:04 , -76
1737085949051 , c8:a6:08:9b:15:54 , -68
1737085949051 , f8:b7:97:9b:d6:ff , -84
1737085949051 , c8:a6:08:9a:bb:b0 , -89
1737085949051 , c8:a6:08:9a:fd:04 , -86
1737085949051 , c8:a6:08:9a:bb:b1 , -89
1737085949051 , c8:a6:08:9a:bb:b4 , -89
1737085949051 , c8:a6:08:5a:bb:f1 , -79
1737085949051 , c8:a6:08:5a:bb:f0 , -78
1737085949051 , c8:a6:08:9a:bb:f0 , -86
1737085949051 , c8:a6:08:9a:bb:f1 , -86
1737085950051 , 74:03:bd:ef:8a:00 , -64
1737085950051 , c8:a6:08:9a:fe:71 , -68
1737085950051 , c8:a6:08:9a:fc:90 , -83
1737085950051 , c8:a6:08:9a:fe:70 , -68
1737085950051 , c8:a6:08:9a:fc:91 , -83
1737085950051 , c8:a6:08:9a:fc:94 , -83
1737085950051 , c8:a6:08:9a:fe:74 , -71
1737085950051 , 84:af:ec:86:f0:70 , -69
1737085950051 , ac:44:f2:8c:e8:a8 , -81
1737085950051 , c8:a6:08:9a:bb:c4 , -67
1737085950051 , c8:a6:08:9a:bb:c1 , -67
1737085950051 , c8:a6:08:5a:fe:71 , -71
1737085950051 , c8:a6:08:5a:fe:70 , -73
1737085950051 , c8:a6:08:9a:bb:c0 , -67
1737085950051 , c8:a6:08:9b:16:04 , -47
1737085950051 , 74:03:bd:ef:8a:10 , -78
1737085950051 , c8:a6:08:9a:bf:30 , -86
1737085950051 , c8:a6:08:5b:16:04 , -46
1737085950051 , c8:a6:08:9a:bf:34 , -86
1737085950051 , c8:a6:08:5b:16:01 , -45
1737085950051 , c8:a6:08:9b:16:01 , -46
1737085950051 , c8:a6:08:9a:bf:31 , -86
1737085950051 , c8:a6:08:5b:16:00 , -45
1737085950051 , c8:a6:08:9b:16:00 , -46
1737085950051 , 3c:64:cf:5c:de:09 , -81
1737085950051 , 50:d4:f7:a6:80:f4 , -80
1737085950051 , 50:d4:f7:a6:80:f3 , -89
1737085950051 , c8:a6:08:9a:bc:10 , -65
1737085950051 , c8:a6:08:9a:bc:11 , -65
1737085950051 , c8:a6:08:9a:bc:14 , -70
1737085950051 , c8:a6:08:9a:bb:80 , -74
1737085950051 , c8:a6:08:5a:bc:11 , -59
1737085950051 , c8:a6:08:9a:bb:81 , -74
1737085950051 , c8:a6:08:5a:bc:10 , -59
1737085950051 , ac:44:f2:8c:b0:e0 , -76
1737085950051 , c8:a6:08:9a:bb:84 , -74
1737085950051 , 60:84:bd:de:7c:67 , -68
1737085950051 , ac:44:f2:8c:e9:20 , -76
1737085950051 , c8:a6:08:9a:fd:01 , -86
1737085950051 , c8:a6:08:9a:fd:00 , -86
1737085950051 , c0:25:a2:a7:2e:2b , -65
1737085950051 , 60:84:bd:de:7c:60 , -66
1737085950051 , c8:a6:08:9a:b7:01 , -75
1737085950051 , c8:a6:08:9b:16:24 , -46
1737085950051 , c8:a6:08:5b:15:50 , -63
1737085950051 , c8:a6:08:9a:b7:00 , -75
1737085950051 , c8:a6:08:5b:15:51 , -59
1737085950051 , c0:25:a2:a7:2e:27 , -57
1737085950051 , 74:03:bd:8b:7c:b7 , -85
1737085950051 , c0:25:a2:a7:2e:26 , -47
1737085950051 , c0:25:a2:a9:b1:4f , -56
1737085950051 , c8:a6:08:5b:16:24 , -54
1737085950051 , c8:a6:08:9b:15:51 , -67
1737085950051 , c8:a6:08:9b:15:50 , -67
1737085950051 , 84:af:ec:86:f0:60 , -70
1737085950051 , c8:a6:08:9b:16:21 , -46
1737085950051 , c8:a6:08:5b:16:21 , -56
1737085950051 , c8:a6:08:9b:16:20 , -46
1737085950051 , c8:a6:08:5b:16:20 , -55
1737085950051 , c8:a6:08:9a:b7:04 , -76
1737085950051 , c8:a6:08:9b:15:54 , -68
1737085950051 , f8:b7:97:9b:d6:ff , -84
1737085950051 , c8:a6:08:9a:bb:b0 , -89
1737085950051 , c8:a6:08:9a:fd:04 , -86
1737085950051 , c8:a6:08:9a:bb:b1 , -89
1737085950051 , c8:a6:08:9a:bb:b4 , -89
1737085950051 , c8:a6:08:5a:bb:f1 , -79
1737085950051 , c8:a6:08:5a:bb:f0 , -78
1737085950051 , c8:a6:08:9a:bb:f0 , -86
1737085950051 , c8:a6:08:9a:bb:f1 , -86
