1729066744773 , c8:a6:08:9a:fe:72 , -74
1729066744773 , c8:a6:08:9a:fe:71 , -74
1729066744773 , 74:03:bd:ef:8a:00 , -75
1729066744773 , c8:a6:08:9a:fe:70 , -73
1729066744773 , d2:c0:bf:4d:f0:d3 , -66
1729066744773 , c8:a6:08:9a:fe:74 , -74
1729066744773 , 84:af:ec:86:f0:70 , -75
1729066744773 , ac:44:f2:8c:e8:a8 , -80
1729066744773 , c8:a6:08:9a:bb:c1 , -66
1729066744773 , c8:a6:08:5a:fe:74 , -82
1729066744773 , c8:a6:08:9a:bb:c2 , -66
1729066744773 , c8:a6:08:5a:fe:72 , -82
1729066744773 , c8:a6:08:5a:fe:71 , -81
1729066744773 , c8:a6:08:5a:fe:70 , -82
1729066744773 , c8:a6:08:9a:bb:c0 , -66
1729066744773 , c8:a6:08:9b:16:02 , -56
1729066744773 , c8:a6:08:5b:16:01 , -55
1729066744773 , c8:a6:08:9b:16:01 , -56
1729066744773 , c8:a6:08:5b:16:00 , -54
1729066744773 , c8:a6:08:9b:16:00 , -56
1729066744773 , 80:ea:96:f2:cc:76 , -74
1729066744773 , 80:ea:96:f2:cc:77 , -84
1729066744773 , c8:a6:08:9a:bc:12 , -63
1729066744773 , c8:a6:08:5a:bb:81 , -68
1729066744773 , c8:a6:08:9a:bc:10 , -63
1729066744773 , c8:a6:08:5a:bb:80 , -68
1729066744773 , c8:a6:08:9a:bc:11 , -63
1729066744773 , c8:a6:08:9a:bc:14 , -64
1729066744773 , c8:a6:08:9a:bb:80 , -69
1729066744773 , c8:a6:08:9a:bb:81 , -69
1729066744773 , ac:44:f2:8c:b0:e0 , -85
1729066744773 , c8:a6:08:5a:bc:12 , -66
1729066744773 , c8:a6:08:9a:bb:84 , -69
1729066744773 , 60:84:bd:de:7c:67 , -64
1729066744773 , c8:a6:08:5a:bb:82 , -69
1729066744773 , ac:44:f2:8c:e9:20 , -71
1729066744773 , c8:a6:08:9a:bb:82 , -69
1729066744773 , c0:25:a2:a7:2e:2b , -60
1729066744773 , c0:25:a2:a7:2e:2a , -59
1729066744773 , 60:84:bd:de:7c:60 , -58
1729066744773 , c0:25:a2:a9:b1:4f , -57
1729066744773 , c8:a6:08:9b:15:51 , -76
1729066744773 , c8:a6:08:9b:15:50 , -76
1729066744773 , c8:a6:08:9b:16:21 , -37
1729066744773 , c8:a6:08:5b:16:21 , -45
1729066744773 , c8:a6:08:9b:16:20 , -37
1729066744773 , c8:a6:08:5b:16:20 , -45
1729066744773 , c8:a6:08:9b:15:52 , -76
1729066744773 , c8:a6:08:9a:b7:04 , -94
1729066744773 , c8:a6:08:9b:16:22 , -37
1729066744773 , c8:a6:08:9b:15:54 , -77
1729066744773 , f8:b7:97:9b:d6:ff , -88
1729066744773 , c8:a6:08:9a:bb:f4 , -80
1729066744773 , f8:b7:97:9b:d6:fe , -84
1729066744773 , c8:a6:08:5a:bc:14 , -66
1729066744773 , c8:a6:08:9a:bb:f2 , -80
1729066744773 , c8:a6:08:9a:bb:f0 , -80
1729066744773 , c8:a6:08:9a:bb:f1 , -80
1729066745830 , c8:a6:08:9a:fe:72 , -74
1729066745830 , c8:a6:08:9a:fe:71 , -74
1729066745830 , 74:03:bd:ef:8a:00 , -75
1729066745830 , c8:a6:08:9a:fe:70 , -73
1729066745830 , d2:c0:bf:4d:f0:d3 , -66
1729066745830 , c8:a6:08:9a:fe:74 , -74
1729066745830 , 84:af:ec:86:f0:70 , -75
1729066745830 , ac:44:f2:8c:e8:a8 , -80
1729066745830 , c8:a6:08:9a:bb:c1 , -66
1729066745830 , c8:a6:08:5a:fe:74 , -82
1729066745830 , c8:a6:08:9a:bb:c2 , -66
1729066745830 , c8:a6:08:5a:fe:72 , -82
1729066745830 , c8:a6:08:5a:fe:71 , -81
1729066745830 , c8:a6:08:5a:fe:70 , -82
1729066745830 , c8:a6:08:9a:bb:c0 , -66
1729066745830 , c8:a6:08:9b:16:02 , -56
1729066745830 , c8:a6:08:5b:16:01 , -55
1729066745830 , c8:a6:08:9b:16:01 , -56
1729066745830 , c8:a6:08:5b:16:00 , -54
1729066745830 , c8:a6:08:9b:16:00 , -56
1729066745830 , 80:ea:96:f2:cc:76 , -74
1729066745830 , 80:ea:96:f2:cc:77 , -84
1729066745830 , c8:a6:08:9a:bc:12 , -63
1729066745830 , c8:a6:08:5a:bb:81 , -68
1729066745830 , c8:a6:08:9a:bc:10 , -63
1729066745830 , c8:a6:08:5a:bb:80 , -68
1729066745830 , c8:a6:08:9a:bc:11 , -63
1729066745830 , c8:a6:08:9a:bc:14 , -64
1729066745830 , c8:a6:08:9a:bb:80 , -69
1729066745830 , c8:a6:08:9a:bb:81 , -69
1729066745830 , ac:44:f2:8c:b0:e0 , -85
1729066745830 , c8:a6:08:5a:bc:12 , -66
1729066745830 , c8:a6:08:9a:bb:84 , -69
1729066745830 , 60:84:bd:de:7c:67 , -64
1729066745830 , c8:a6:08:5a:bb:82 , -69
1729066745830 , ac:44:f2:8c:e9:20 , -71
1729066745830 , c8:a6:08:9a:bb:82 , -69
1729066745830 , c0:25:a2:a7:2e:2b , -60
1729066745830 , c0:25:a2:a7:2e:2a , -59
1729066745830 , 60:84:bd:de:7c:60 , -58
1729066745830 , c0:25:a2:a9:b1:4f , -57
1729066745830 , c8:a6:08:9b:15:51 , -76
1729066745830 , c8:a6:08:9b:15:50 , -76
1729066745830 , c8:a6:08:9b:16:21 , -37
1729066745830 , c8:a6:08:5b:16:21 , -45
1729066745830 , c8:a6:08:9b:16:20 , -37
1729066745830 , c8:a6:08:5b:16:20 , -45
1729066745830 , c8:a6:08:9b:15:52 , -76
1729066745830 , c8:a6:08:9a:b7:04 , -94
1729066745830 , c8:a6:08:9b:16:22 , -37
1729066745830 , c8:a6:08:9b:15:54 , -77
1729066745830 , f8:b7:97:9b:d6:ff , -88
1729066745830 , c8:a6:08:9a:bb:f4 , -80
1729066745830 , f8:b7:97:9b:d6:fe , -84
1729066745830 , c8:a6:08:5a:bc:14 , -66
1729066745830 , c8:a6:08:9a:bb:f2 , -80
1729066745830 , c8:a6:08:9a:bb:f0 , -80
1729066745830 , c8:a6:08:9a:bb:f1 , -80
1729066746845 , c8:a6:08:9a:fe:72 , -74
1729066746845 , c8:a6:08:9a:fe:71 , -74
1729066746845 , 74:03:bd:ef:8a:00 , -75
1729066746845 , c8:a6:08:9a:fe:70 , -73
1729066746845 , d2:c0:bf:4d:f0:d3 , -66
1729066746845 , c8:a6:08:9a:fe:74 , -74
1729066746845 , 84:af:ec:86:f0:70 , -75
1729066746845 , ac:44:f2:8c:e8:a8 , -80
1729066746845 , c8:a6:08:9a:bb:c1 , -66
1729066746845 , c8:a6:08:5a:fe:74 , -82
1729066746845 , c8:a6:08:9a:bb:c2 , -66
1729066746845 , c8:a6:08:5a:fe:72 , -82
1729066746845 , c8:a6:08:5a:fe:71 , -81
1729066746845 , c8:a6:08:5a:fe:70 , -82
1729066746845 , c8:a6:08:9a:bb:c0 , -66
1729066746845 , c8:a6:08:9b:16:02 , -56
1729066746845 , c8:a6:08:5b:16:01 , -55
1729066746845 , c8:a6:08:9b:16:01 , -56
1729066746845 , c8:a6:08:5b:16:00 , -54
1729066746845 , c8:a6:08:9b:16:00 , -56
1729066746845 , 80:ea:96:f2:cc:76 , -74
1729066746845 , 80:ea:96:f2:cc:77 , -84
1729066746845 , c8:a6:08:9a:bc:12 , -63
1729066746845 , c8:a6:08:5a:bb:81 , -68
1729066746845 , c8:a6:08:9a:bc:10 , -63
1729066746845 , c8:a6:08:5a:bb:80 , -68
1729066746845 , c8:a6:08:9a:bc:11 , -63
1729066746845 , c8:a6:08:9a:bc:14 , -64
1729066746845 , c8:a6:08:9a:bb:80 , -69
1729066746845 , c8:a6:08:9a:bb:81 , -69
1729066746845 , ac:44:f2:8c:b0:e0 , -85
1729066746845 , c8:a6:08:5a:bc:12 , -66
1729066746845 , c8:a6:08:9a:bb:84 , -69
1729066746845 , 60:84:bd:de:7c:67 , -64
1729066746845 , c8:a6:08:5a:bb:82 , -69
1729066746845 , ac:44:f2:8c:e9:20 , -71
1729066746845 , c8:a6:08:9a:bb:82 , -69
1729066746845 , c0:25:a2:a7:2e:2b , -60
1729066746845 , c0:25:a2:a7:2e:2a , -59
1729066746845 , 60:84:bd:de:7c:60 , -58
1729066746845 , c0:25:a2:a9:b1:4f , -57
1729066746845 , c8:a6:08:9b:15:51 , -76
1729066746845 , c8:a6:08:9b:15:50 , -76
1729066746845 , c8:a6:08:9b:16:21 , -37
1729066746845 , c8:a6:08:5b:16:21 , -45
1729066746845 , c8:a6:08:9b:16:20 , -37
1729066746845 , c8:a6:08:5b:16:20 , -45
1729066746845 , c8:a6:08:9b:15:52 , -76
1729066746845 , c8:a6:08:9a:b7:04 , -94
1729066746845 , c8:a6:08:9b:16:22 , -37
1729066746845 , c8:a6:08:9b:15:54 , -77
1729066746845 , f8:b7:97:9b:d6:ff , -88
1729066746845 , c8:a6:08:9a:bb:f4 , -80
1729066746845 , f8:b7:97:9b:d6:fe , -84
1729066746845 , c8:a6:08:5a:bc:14 , -66
1729066746845 , c8:a6:08:9a:bb:f2 , -80
1729066746845 , c8:a6:08:9a:bb:f0 , -80
1729066746845 , c8:a6:08:9a:bb:f1 , -80
1729066747750 , c8:a6:08:9a:fe:72 , -75
1729066747750 , c8:a6:08:9a:fe:71 , -75
1729066747750 , c8:a6:08:9a:fe:70 , -75
1729066747750 , d2:c0:bf:4d:f0:d3 , -59
1729066747750 , c8:a6:08:9a:fe:74 , -75
1729066747750 , 84:af:ec:86:f0:70 , -72
1729066747750 , ac:44:f2:8c:e8:a8 , -80
1729066747750 , c8:a6:08:9a:bb:c1 , -68
1729066747750 , c8:a6:08:9a:bb:c2 , -69
1729066747750 , c8:a6:08:5a:bb:c1 , -72
1729066747750 , c8:a6:08:9a:ac:70 , -93
1729066747750 , c8:a6:08:9a:bb:c0 , -68
1729066747750 , c8:a6:08:5a:bb:c0 , -72
1729066747750 , c8:a6:08:9b:16:02 , -53
1729066747750 , c8:a6:08:9b:16:04 , -53
1729066747750 , c8:a6:08:5b:16:02 , -54
1729066747750 , c8:a6:08:5b:16:04 , -54
1729066747750 , c8:a6:08:9b:16:01 , -53
1729066747750 , c8:a6:08:5b:16:01 , -54
1729066747750 , c8:a6:08:9b:16:00 , -53
1729066747750 , c8:a6:08:5b:16:00 , -54
1729066747750 , c8:a6:08:5a:bb:d2 , -86
1729066747750 , c8:a6:08:5a:bb:d4 , -86
1729066747750 , 80:ea:96:f2:cc:76 , -73
1729066747750 , c8:a6:08:5a:bb:d1 , -87
1729066747750 , 80:ea:96:f2:cc:77 , -78
1729066747750 , c8:a6:08:9a:bc:12 , -59
1729066747750 , c8:a6:08:5a:bb:81 , -65
1729066747750 , c8:a6:08:9a:bc:10 , -59
1729066747750 , c8:a6:08:5a:bb:80 , -65
1729066747750 , c8:a6:08:9a:bc:11 , -59
1729066747750 , c8:a6:08:9a:bc:14 , -59
1729066747750 , c8:a6:08:9a:bb:80 , -69
1729066747750 , c8:a6:08:5a:bc:11 , -64
1729066747750 , c8:a6:08:9a:bb:81 , -69
1729066747750 , c8:a6:08:5a:bc:10 , -63
1729066747750 , ac:44:f2:8c:b0:e0 , -73
1729066747750 , c8:a6:08:9a:bb:84 , -69
1729066747750 , 60:84:bd:de:7c:67 , -64
1729066747750 , ac:44:f2:8c:e9:20 , -69
1729066747750 , c8:a6:08:9a:bb:82 , -69
1729066747750 , c0:25:a2:a7:2e:2b , -56
1729066747750 , c0:25:a2:a7:2e:2a , -60
1729066747750 , 60:84:bd:de:7c:60 , -58
1729066747750 , c8:a6:08:9a:b7:01 , -93
1729066747750 , c8:a6:08:9a:b7:02 , -93
1729066747750 , c8:a6:08:9b:16:24 , -35
1729066747750 , c8:a6:08:9a:b7:00 , -93
1729066747750 , c0:25:a2:a9:b1:4f , -57
1729066747750 , c8:a6:08:5b:16:24 , -46
1729066747750 , c8:a6:08:9b:15:51 , -75
1729066747750 , c8:a6:08:9b:15:50 , -75
1729066747750 , 84:af:ec:86:f0:60 , -64
1729066747750 , c8:a6:08:9b:16:21 , -35
1729066747750 , c8:a6:08:5b:16:21 , -46
1729066747750 , c8:a6:08:9b:16:20 , -35
1729066747750 , c8:a6:08:5b:16:20 , -46
1729066747750 , c8:a6:08:9b:15:52 , -75
1729066747750 , c8:a6:08:9a:b7:04 , -93
1729066747750 , c8:a6:08:9b:16:22 , -35
1729066747750 , c8:a6:08:5b:16:22 , -46
1729066747750 , c8:a6:08:9b:15:54 , -76
1729066747750 , c0:25:a2:a7:2e:1a , -61
1729066747750 , f8:b7:97:9b:d6:ff , -83
1729066747750 , c8:a6:08:9a:bb:f4 , -81
1729066747750 , c8:a6:08:9a:bb:f2 , -81
1729066747750 , c8:a6:08:9a:bb:f0 , -81
1729066747750 , c8:a6:08:9a:bb:f1 , -80
1729066747861 , c8:a6:08:9a:fe:72 , -75
1729066747861 , c8:a6:08:9a:fe:71 , -75
1729066747861 , c8:a6:08:9a:fe:70 , -75
1729066747861 , d2:c0:bf:4d:f0:d3 , -59
1729066747861 , c8:a6:08:9a:fe:74 , -75
1729066747861 , 84:af:ec:86:f0:70 , -72
1729066747861 , ac:44:f2:8c:e8:a8 , -80
1729066747861 , c8:a6:08:9a:bb:c1 , -68
1729066747861 , c8:a6:08:9a:bb:c2 , -69
1729066747861 , c8:a6:08:5a:bb:c1 , -72
1729066747861 , c8:a6:08:9a:ac:70 , -93
1729066747861 , c8:a6:08:9a:bb:c0 , -68
1729066747861 , c8:a6:08:5a:bb:c0 , -72
1729066747861 , c8:a6:08:9b:16:02 , -53
1729066747861 , c8:a6:08:9b:16:04 , -53
1729066747861 , c8:a6:08:5b:16:02 , -54
1729066747861 , c8:a6:08:5b:16:04 , -54
1729066747861 , c8:a6:08:9b:16:01 , -53
1729066747861 , c8:a6:08:5b:16:01 , -54
1729066747861 , c8:a6:08:9b:16:00 , -53
1729066747861 , c8:a6:08:5b:16:00 , -54
1729066747861 , c8:a6:08:5a:bb:d2 , -86
1729066747861 , c8:a6:08:5a:bb:d4 , -86
1729066747861 , 80:ea:96:f2:cc:76 , -73
1729066747861 , c8:a6:08:5a:bb:d1 , -87
1729066747861 , 80:ea:96:f2:cc:77 , -78
1729066747861 , c8:a6:08:9a:bc:12 , -59
1729066747861 , c8:a6:08:5a:bb:81 , -65
1729066747861 , c8:a6:08:9a:bc:10 , -59
1729066747861 , c8:a6:08:5a:bb:80 , -65
1729066747861 , c8:a6:08:9a:bc:11 , -59
1729066747861 , c8:a6:08:9a:bc:14 , -59
1729066747861 , c8:a6:08:9a:bb:80 , -69
1729066747861 , c8:a6:08:5a:bc:11 , -64
1729066747861 , c8:a6:08:9a:bb:81 , -69
1729066747861 , c8:a6:08:5a:bc:10 , -63
1729066747861 , ac:44:f2:8c:b0:e0 , -73
1729066747861 , c8:a6:08:9a:bb:84 , -69
1729066747861 , 60:84:bd:de:7c:67 , -64
1729066747861 , ac:44:f2:8c:e9:20 , -69
1729066747861 , c8:a6:08:9a:bb:82 , -69
1729066747861 , c0:25:a2:a7:2e:2b , -56
1729066747861 , c0:25:a2:a7:2e:2a , -60
1729066747861 , 60:84:bd:de:7c:60 , -58
1729066747861 , c8:a6:08:9a:b7:01 , -93
1729066747861 , c8:a6:08:9a:b7:02 , -93
1729066747861 , c8:a6:08:9b:16:24 , -35
1729066747861 , c8:a6:08:9a:b7:00 , -93
1729066747861 , c0:25:a2:a9:b1:4f , -57
1729066747861 , c8:a6:08:5b:16:24 , -46
1729066747861 , c8:a6:08:9b:15:51 , -75
1729066747861 , c8:a6:08:9b:15:50 , -75
1729066747861 , 84:af:ec:86:f0:60 , -64
1729066747861 , c8:a6:08:9b:16:21 , -35
1729066747861 , c8:a6:08:5b:16:21 , -46
1729066747861 , c8:a6:08:9b:16:20 , -35
1729066747861 , c8:a6:08:5b:16:20 , -46
1729066747861 , c8:a6:08:9b:15:52 , -75
1729066747861 , c8:a6:08:9a:b7:04 , -93
1729066747861 , c8:a6:08:9b:16:22 , -35
1729066747861 , c8:a6:08:5b:16:22 , -46
1729066747861 , c8:a6:08:9b:15:54 , -76
1729066747861 , c0:25:a2:a7:2e:1a , -61
1729066747861 , f8:b7:97:9b:d6:ff , -83
1729066747861 , c8:a6:08:9a:bb:f4 , -81
1729066747861 , c8:a6:08:9a:bb:f2 , -81
1729066747861 , c8:a6:08:9a:bb:f0 , -81
1729066747861 , c8:a6:08:9a:bb:f1 , -80
1729066748868 , c8:a6:08:9a:fe:72 , -75
1729066748868 , c8:a6:08:9a:fe:71 , -75
1729066748868 , c8:a6:08:9a:fe:70 , -75
1729066748868 , d2:c0:bf:4d:f0:d3 , -59
1729066748868 , c8:a6:08:9a:fe:74 , -75
1729066748868 , 84:af:ec:86:f0:70 , -72
1729066748868 , ac:44:f2:8c:e8:a8 , -80
1729066748868 , c8:a6:08:9a:bb:c1 , -68
1729066748868 , c8:a6:08:9a:bb:c2 , -69
1729066748868 , c8:a6:08:5a:bb:c1 , -72
1729066748868 , c8:a6:08:9a:ac:70 , -93
1729066748868 , c8:a6:08:9a:bb:c0 , -68
1729066748868 , c8:a6:08:5a:bb:c0 , -72
1729066748868 , c8:a6:08:9b:16:02 , -53
1729066748868 , c8:a6:08:9b:16:04 , -53
1729066748868 , c8:a6:08:5b:16:02 , -54
1729066748868 , c8:a6:08:5b:16:04 , -54
1729066748868 , c8:a6:08:9b:16:01 , -53
1729066748868 , c8:a6:08:5b:16:01 , -54
1729066748868 , c8:a6:08:9b:16:00 , -53
1729066748868 , c8:a6:08:5b:16:00 , -54
1729066748868 , c8:a6:08:5a:bb:d2 , -86
1729066748868 , c8:a6:08:5a:bb:d4 , -86
1729066748868 , 80:ea:96:f2:cc:76 , -73
1729066748868 , c8:a6:08:5a:bb:d1 , -87
1729066748868 , 80:ea:96:f2:cc:77 , -78
1729066748868 , c8:a6:08:9a:bc:12 , -59
1729066748868 , c8:a6:08:5a:bb:81 , -65
1729066748868 , c8:a6:08:9a:bc:10 , -59
1729066748868 , c8:a6:08:5a:bb:80 , -65
1729066748868 , c8:a6:08:9a:bc:11 , -59
1729066748868 , c8:a6:08:9a:bc:14 , -59
1729066748868 , c8:a6:08:9a:bb:80 , -69
1729066748868 , c8:a6:08:5a:bc:11 , -64
1729066748868 , c8:a6:08:9a:bb:81 , -69
1729066748868 , c8:a6:08:5a:bc:10 , -63
1729066748868 , ac:44:f2:8c:b0:e0 , -73
1729066748868 , c8:a6:08:9a:bb:84 , -69
1729066748868 , 60:84:bd:de:7c:67 , -64
1729066748868 , ac:44:f2:8c:e9:20 , -69
1729066748868 , c8:a6:08:9a:bb:82 , -69
1729066748868 , c0:25:a2:a7:2e:2b , -56
1729066748868 , c0:25:a2:a7:2e:2a , -60
1729066748868 , 60:84:bd:de:7c:60 , -58
1729066748868 , c8:a6:08:9a:b7:01 , -93
1729066748868 , c8:a6:08:9a:b7:02 , -93
1729066748868 , c8:a6:08:9b:16:24 , -35
1729066748868 , c8:a6:08:9a:b7:00 , -93
1729066748868 , c0:25:a2:a9:b1:4f , -57
1729066748868 , c8:a6:08:5b:16:24 , -46
1729066748868 , c8:a6:08:9b:15:51 , -75
1729066748868 , c8:a6:08:9b:15:50 , -75
1729066748868 , 84:af:ec:86:f0:60 , -64
1729066748868 , c8:a6:08:9b:16:21 , -35
1729066748868 , c8:a6:08:5b:16:21 , -46
1729066748868 , c8:a6:08:9b:16:20 , -35
1729066748868 , c8:a6:08:5b:16:20 , -46
1729066748868 , c8:a6:08:9b:15:52 , -75
1729066748868 , c8:a6:08:9a:b7:04 , -93
1729066748868 , c8:a6:08:9b:16:22 , -35
1729066748868 , c8:a6:08:5b:16:22 , -46
1729066748868 , c8:a6:08:9b:15:54 , -76
1729066748868 , c0:25:a2:a7:2e:1a , -61
1729066748868 , f8:b7:97:9b:d6:ff , -83
1729066748868 , c8:a6:08:9a:bb:f4 , -81
1729066748868 , c8:a6:08:9a:bb:f2 , -81
1729066748868 , c8:a6:08:9a:bb:f0 , -81
1729066748868 , c8:a6:08:9a:bb:f1 , -80
1729066749877 , c8:a6:08:9a:fe:72 , -75
1729066749877 , c8:a6:08:9a:fe:71 , -75
1729066749877 , c8:a6:08:9a:fe:70 , -75
1729066749877 , d2:c0:bf:4d:f0:d3 , -59
1729066749877 , c8:a6:08:9a:fe:74 , -75
1729066749877 , 84:af:ec:86:f0:70 , -72
1729066749877 , ac:44:f2:8c:e8:a8 , -80
1729066749877 , c8:a6:08:9a:bb:c1 , -68
1729066749877 , c8:a6:08:9a:bb:c2 , -69
1729066749877 , c8:a6:08:5a:bb:c1 , -72
1729066749877 , c8:a6:08:9a:ac:70 , -93
1729066749877 , c8:a6:08:9a:bb:c0 , -68
1729066749877 , c8:a6:08:5a:bb:c0 , -72
1729066749877 , c8:a6:08:9b:16:02 , -53
1729066749877 , c8:a6:08:9b:16:04 , -53
1729066749877 , c8:a6:08:5b:16:02 , -54
1729066749877 , c8:a6:08:5b:16:04 , -54
1729066749877 , c8:a6:08:9b:16:01 , -53
1729066749877 , c8:a6:08:5b:16:01 , -54
1729066749877 , c8:a6:08:9b:16:00 , -53
1729066749877 , c8:a6:08:5b:16:00 , -54
1729066749877 , c8:a6:08:5a:bb:d2 , -86
1729066749877 , c8:a6:08:5a:bb:d4 , -86
1729066749877 , 80:ea:96:f2:cc:76 , -73
1729066749877 , c8:a6:08:5a:bb:d1 , -87
1729066749877 , 80:ea:96:f2:cc:77 , -78
1729066749877 , c8:a6:08:9a:bc:12 , -59
1729066749877 , c8:a6:08:5a:bb:81 , -65
1729066749877 , c8:a6:08:9a:bc:10 , -59
1729066749877 , c8:a6:08:5a:bb:80 , -65
1729066749877 , c8:a6:08:9a:bc:11 , -59
1729066749877 , c8:a6:08:9a:bc:14 , -59
1729066749877 , c8:a6:08:9a:bb:80 , -69
1729066749877 , c8:a6:08:5a:bc:11 , -64
1729066749877 , c8:a6:08:9a:bb:81 , -69
1729066749877 , c8:a6:08:5a:bc:10 , -63
1729066749877 , ac:44:f2:8c:b0:e0 , -73
1729066749877 , c8:a6:08:9a:bb:84 , -69
1729066749877 , 60:84:bd:de:7c:67 , -64
1729066749877 , ac:44:f2:8c:e9:20 , -69
1729066749877 , c8:a6:08:9a:bb:82 , -69
1729066749877 , c0:25:a2:a7:2e:2b , -56
1729066749877 , c0:25:a2:a7:2e:2a , -60
1729066749877 , 60:84:bd:de:7c:60 , -58
1729066749877 , c8:a6:08:9a:b7:01 , -93
1729066749877 , c8:a6:08:9a:b7:02 , -93
1729066749877 , c8:a6:08:9b:16:24 , -35
1729066749877 , c8:a6:08:9a:b7:00 , -93
1729066749877 , c0:25:a2:a9:b1:4f , -57
1729066749877 , c8:a6:08:5b:16:24 , -46
1729066749877 , c8:a6:08:9b:15:51 , -75
1729066749877 , c8:a6:08:9b:15:50 , -75
1729066749877 , 84:af:ec:86:f0:60 , -64
1729066749877 , c8:a6:08:9b:16:21 , -35
1729066749877 , c8:a6:08:5b:16:21 , -46
1729066749877 , c8:a6:08:9b:16:20 , -35
1729066749877 , c8:a6:08:5b:16:20 , -46
1729066749877 , c8:a6:08:9b:15:52 , -75
1729066749877 , c8:a6:08:9a:b7:04 , -93
1729066749877 , c8:a6:08:9b:16:22 , -35
1729066749877 , c8:a6:08:5b:16:22 , -46
1729066749877 , c8:a6:08:9b:15:54 , -76
1729066749877 , c0:25:a2:a7:2e:1a , -61
1729066749877 , f8:b7:97:9b:d6:ff , -83
1729066749877 , c8:a6:08:9a:bb:f4 , -81
1729066749877 , c8:a6:08:9a:bb:f2 , -81
1729066749877 , c8:a6:08:9a:bb:f0 , -81
1729066749877 , c8:a6:08:9a:bb:f1 , -80
1729066750594 , c8:a6:08:9a:fe:72 , -77
1729066750594 , c8:a6:08:9a:fe:71 , -77
1729066750594 , c8:a6:08:9a:fe:70 , -77
1729066750594 , d2:c0:bf:4d:f0:d3 , -64
1729066750594 , c8:a6:08:9a:fe:74 , -77
1729066750594 , 84:af:ec:86:f0:70 , -70
1729066750594 , ac:44:f2:8c:e8:a8 , -83
1729066750594 , c8:a6:08:9a:bb:c1 , -64
1729066750594 , c8:a6:08:9a:bb:c2 , -64
1729066750594 , c8:a6:08:9a:bb:c0 , -64
1729066750594 , c8:a6:08:9b:16:02 , -50
1729066750594 , 74:03:bd:ef:8a:10 , -81
1729066750594 , 16:27:f5:e3:50:97 , -89
1729066750594 , c8:a6:08:5b:16:02 , -50
1729066750594 , c8:a6:08:5b:16:04 , -50
1729066750594 , 10:27:f5:e3:50:97 , -89
1729066750594 , c8:a6:08:9b:16:01 , -50
1729066750594 , c8:a6:08:5b:16:01 , -50
1729066750594 , c8:a6:08:9b:16:00 , -50
1729066750594 , c8:a6:08:5b:16:00 , -50
1729066750594 , 80:ea:96:f2:cc:76 , -72
1729066750594 , 80:ea:96:f2:cc:77 , -74
1729066750594 , c8:a6:08:9a:bc:12 , -58
1729066750594 , c8:a6:08:9a:bc:10 , -59
1729066750594 , c8:a6:08:5a:bb:80 , -62
1729066750594 , c8:a6:08:9a:bc:11 , -59
1729066750594 , c8:a6:08:9a:bc:14 , -59
1729066750594 , c8:a6:08:9a:bb:80 , -67
1729066750594 , c8:a6:08:9a:bb:81 , -67
1729066750594 , ac:44:f2:8c:b0:e0 , -77
1729066750594 , c8:a6:08:9a:bb:84 , -67
1729066750594 , 60:84:bd:de:7c:67 , -67
1729066750594 , c8:a6:08:5a:bb:82 , -64
1729066750594 , ac:44:f2:8c:e9:20 , -70
1729066750594 , c8:a6:08:9a:bb:82 , -67
1729066750594 , c8:a6:08:5a:bb:84 , -64
1729066750594 , c0:25:a2:a7:2e:2b , -59
1729066750594 , c0:25:a2:a7:2e:2a , -60
1729066750594 , c8:a6:08:5a:fd:84 , -85
1729066750594 , c8:a6:08:5a:fd:82 , -87
1729066750594 , 60:84:bd:de:7c:60 , -56
1729066750594 , c8:a6:08:9a:b7:01 , -91
1729066750594 , c8:a6:08:9a:b7:02 , -90
1729066750594 , c8:a6:08:5b:15:50 , -76
1729066750594 , c8:a6:08:9a:b7:00 , -90
1729066750594 , c8:a6:08:5b:15:51 , -76
1729066750594 , c0:25:a2:a9:b1:4f , -59
1729066750594 , c8:a6:08:9b:15:51 , -77
1729066750594 , c8:a6:08:9b:15:50 , -77
1729066750594 , c8:a6:08:9b:16:21 , -35
1729066750594 , c8:a6:08:5b:16:21 , -45
1729066750594 , c8:a6:08:5b:15:52 , -76
1729066750594 , c8:a6:08:9b:16:20 , -35
1729066750594 , c8:a6:08:5b:16:20 , -44
1729066750594 , c8:a6:08:9b:15:52 , -77
1729066750594 , c8:a6:08:5b:15:54 , -77
1729066750594 , c8:a6:08:9a:b7:04 , -91
1729066750594 , c8:a6:08:9b:16:22 , -35
1729066750594 , c8:a6:08:5b:16:22 , -45
1729066750594 , c8:a6:08:9b:15:54 , -77
1729066750594 , c0:25:a2:a7:2e:1a , -63
1729066750594 , f8:b7:97:9b:d6:ff , -82
1729066750594 , c8:a6:08:9a:bb:f4 , -77
1729066750594 , f8:b7:97:9b:d6:fe , -79
1729066750594 , c8:a6:08:5a:bb:f4 , -85
1729066750594 , c8:a6:08:9a:bb:f2 , -76
1729066750594 , c8:a6:08:9a:bb:f0 , -76
1729066750594 , c8:a6:08:9a:bb:f1 , -77
1729066750594 , c8:a6:08:5a:bb:f2 , -81
1729066750891 , c8:a6:08:9a:fe:72 , -77
1729066750891 , c8:a6:08:9a:fe:71 , -77
1729066750891 , c8:a6:08:9a:fe:70 , -77
1729066750891 , d2:c0:bf:4d:f0:d3 , -64
1729066750891 , c8:a6:08:9a:fe:74 , -77
1729066750891 , 84:af:ec:86:f0:70 , -70
1729066750891 , ac:44:f2:8c:e8:a8 , -83
1729066750891 , c8:a6:08:9a:bb:c1 , -64
1729066750891 , c8:a6:08:9a:bb:c2 , -64
1729066750891 , c8:a6:08:9a:bb:c0 , -64
1729066750891 , c8:a6:08:9b:16:02 , -50
1729066750891 , 74:03:bd:ef:8a:10 , -81
1729066750891 , 16:27:f5:e3:50:97 , -89
1729066750891 , c8:a6:08:5b:16:02 , -50
1729066750891 , c8:a6:08:5b:16:04 , -50
1729066750891 , 10:27:f5:e3:50:97 , -89
1729066750891 , c8:a6:08:9b:16:01 , -50
1729066750891 , c8:a6:08:5b:16:01 , -50
1729066750891 , c8:a6:08:9b:16:00 , -50
1729066750891 , c8:a6:08:5b:16:00 , -50
1729066750891 , 80:ea:96:f2:cc:76 , -72
1729066750891 , 80:ea:96:f2:cc:77 , -74
1729066750891 , c8:a6:08:9a:bc:12 , -58
1729066750891 , c8:a6:08:9a:bc:10 , -59
1729066750891 , c8:a6:08:5a:bb:80 , -62
1729066750891 , c8:a6:08:9a:bc:11 , -59
1729066750891 , c8:a6:08:9a:bc:14 , -59
1729066750891 , c8:a6:08:9a:bb:80 , -67
1729066750891 , c8:a6:08:9a:bb:81 , -67
1729066750891 , ac:44:f2:8c:b0:e0 , -77
1729066750891 , c8:a6:08:9a:bb:84 , -67
1729066750891 , 60:84:bd:de:7c:67 , -67
1729066750891 , c8:a6:08:5a:bb:82 , -64
1729066750891 , ac:44:f2:8c:e9:20 , -70
1729066750891 , c8:a6:08:9a:bb:82 , -67
1729066750891 , c8:a6:08:5a:bb:84 , -64
1729066750891 , c0:25:a2:a7:2e:2b , -59
1729066750891 , c0:25:a2:a7:2e:2a , -60
1729066750891 , c8:a6:08:5a:fd:84 , -85
1729066750891 , c8:a6:08:5a:fd:82 , -87
1729066750891 , 60:84:bd:de:7c:60 , -56
1729066750891 , c8:a6:08:9a:b7:01 , -91
1729066750891 , c8:a6:08:9a:b7:02 , -90
1729066750891 , c8:a6:08:5b:15:50 , -76
1729066750891 , c8:a6:08:9a:b7:00 , -90
1729066750891 , c8:a6:08:5b:15:51 , -76
1729066750891 , c0:25:a2:a9:b1:4f , -59
1729066750891 , c8:a6:08:9b:15:51 , -77
1729066750891 , c8:a6:08:9b:15:50 , -77
1729066750891 , c8:a6:08:9b:16:21 , -35
1729066750891 , c8:a6:08:5b:16:21 , -45
1729066750891 , c8:a6:08:5b:15:52 , -76
1729066750891 , c8:a6:08:9b:16:20 , -35
1729066750891 , c8:a6:08:5b:16:20 , -44
1729066750891 , c8:a6:08:9b:15:52 , -77
1729066750891 , c8:a6:08:5b:15:54 , -77
1729066750891 , c8:a6:08:9a:b7:04 , -91
1729066750891 , c8:a6:08:9b:16:22 , -35
1729066750891 , c8:a6:08:5b:16:22 , -45
1729066750891 , c8:a6:08:9b:15:54 , -77
1729066750891 , c0:25:a2:a7:2e:1a , -63
1729066750891 , f8:b7:97:9b:d6:ff , -82
1729066750891 , c8:a6:08:9a:bb:f4 , -77
1729066750891 , f8:b7:97:9b:d6:fe , -79
1729066750891 , c8:a6:08:5a:bb:f4 , -85
1729066750891 , c8:a6:08:9a:bb:f2 , -76
1729066750891 , c8:a6:08:9a:bb:f0 , -76
1729066750891 , c8:a6:08:9a:bb:f1 , -77
1729066750891 , c8:a6:08:5a:bb:f2 , -81
1729066751894 , c8:a6:08:9a:fe:72 , -77
1729066751894 , c8:a6:08:9a:fe:71 , -77
1729066751894 , c8:a6:08:9a:fe:70 , -77
1729066751894 , d2:c0:bf:4d:f0:d3 , -64
1729066751894 , c8:a6:08:9a:fe:74 , -77
1729066751894 , 84:af:ec:86:f0:70 , -70
1729066751894 , ac:44:f2:8c:e8:a8 , -83
1729066751894 , c8:a6:08:9a:bb:c1 , -64
1729066751894 , c8:a6:08:9a:bb:c2 , -64
1729066751894 , c8:a6:08:9a:bb:c0 , -64
1729066751894 , c8:a6:08:9b:16:02 , -50
1729066751894 , 74:03:bd:ef:8a:10 , -81
1729066751894 , 16:27:f5:e3:50:97 , -89
1729066751894 , c8:a6:08:5b:16:02 , -50
1729066751894 , c8:a6:08:5b:16:04 , -50
1729066751894 , 10:27:f5:e3:50:97 , -89
1729066751894 , c8:a6:08:9b:16:01 , -50
1729066751894 , c8:a6:08:5b:16:01 , -50
1729066751894 , c8:a6:08:9b:16:00 , -50
1729066751894 , c8:a6:08:5b:16:00 , -50
1729066751894 , 80:ea:96:f2:cc:76 , -72
1729066751894 , 80:ea:96:f2:cc:77 , -74
1729066751894 , c8:a6:08:9a:bc:12 , -58
1729066751894 , c8:a6:08:9a:bc:10 , -59
1729066751894 , c8:a6:08:5a:bb:80 , -62
1729066751894 , c8:a6:08:9a:bc:11 , -59
1729066751894 , c8:a6:08:9a:bc:14 , -59
1729066751894 , c8:a6:08:9a:bb:80 , -67
1729066751894 , c8:a6:08:9a:bb:81 , -67
1729066751894 , ac:44:f2:8c:b0:e0 , -77
1729066751894 , c8:a6:08:9a:bb:84 , -67
1729066751894 , 60:84:bd:de:7c:67 , -67
1729066751894 , c8:a6:08:5a:bb:82 , -64
1729066751894 , ac:44:f2:8c:e9:20 , -70
1729066751894 , c8:a6:08:9a:bb:82 , -67
1729066751894 , c8:a6:08:5a:bb:84 , -64
1729066751894 , c0:25:a2:a7:2e:2b , -59
1729066751894 , c0:25:a2:a7:2e:2a , -60
1729066751894 , c8:a6:08:5a:fd:84 , -85
1729066751894 , c8:a6:08:5a:fd:82 , -87
1729066751894 , 60:84:bd:de:7c:60 , -56
1729066751894 , c8:a6:08:9a:b7:01 , -91
1729066751894 , c8:a6:08:9a:b7:02 , -90
1729066751894 , c8:a6:08:5b:15:50 , -76
1729066751894 , c8:a6:08:9a:b7:00 , -90
1729066751894 , c8:a6:08:5b:15:51 , -76
1729066751894 , c0:25:a2:a9:b1:4f , -59
1729066751894 , c8:a6:08:9b:15:51 , -77
1729066751894 , c8:a6:08:9b:15:50 , -77
1729066751894 , c8:a6:08:9b:16:21 , -35
1729066751894 , c8:a6:08:5b:16:21 , -45
1729066751894 , c8:a6:08:5b:15:52 , -76
1729066751894 , c8:a6:08:9b:16:20 , -35
1729066751894 , c8:a6:08:5b:16:20 , -44
1729066751894 , c8:a6:08:9b:15:52 , -77
1729066751894 , c8:a6:08:5b:15:54 , -77
1729066751894 , c8:a6:08:9a:b7:04 , -91
1729066751894 , c8:a6:08:9b:16:22 , -35
1729066751894 , c8:a6:08:5b:16:22 , -45
1729066751894 , c8:a6:08:9b:15:54 , -77
1729066751894 , c0:25:a2:a7:2e:1a , -63
1729066751894 , f8:b7:97:9b:d6:ff , -82
1729066751894 , c8:a6:08:9a:bb:f4 , -77
1729066751894 , f8:b7:97:9b:d6:fe , -79
1729066751894 , c8:a6:08:5a:bb:f4 , -85
1729066751894 , c8:a6:08:9a:bb:f2 , -76
1729066751894 , c8:a6:08:9a:bb:f0 , -76
1729066751894 , c8:a6:08:9a:bb:f1 , -77
1729066751894 , c8:a6:08:5a:bb:f2 , -81
1729066752912 , c8:a6:08:9a:fe:72 , -77
1729066752912 , c8:a6:08:9a:fe:71 , -77
1729066752912 , c8:a6:08:9a:fe:70 , -77
1729066752912 , d2:c0:bf:4d:f0:d3 , -64
1729066752912 , c8:a6:08:9a:fe:74 , -77
1729066752912 , 84:af:ec:86:f0:70 , -70
1729066752912 , ac:44:f2:8c:e8:a8 , -83
1729066752912 , c8:a6:08:9a:bb:c1 , -64
1729066752912 , c8:a6:08:9a:bb:c2 , -64
1729066752912 , c8:a6:08:9a:bb:c0 , -64
1729066752912 , c8:a6:08:9b:16:02 , -50
1729066752912 , 74:03:bd:ef:8a:10 , -81
1729066752912 , 16:27:f5:e3:50:97 , -89
1729066752912 , c8:a6:08:5b:16:02 , -50
1729066752912 , c8:a6:08:5b:16:04 , -50
1729066752912 , 10:27:f5:e3:50:97 , -89
1729066752912 , c8:a6:08:9b:16:01 , -50
1729066752912 , c8:a6:08:5b:16:01 , -50
1729066752912 , c8:a6:08:9b:16:00 , -50
1729066752912 , c8:a6:08:5b:16:00 , -50
1729066752912 , 80:ea:96:f2:cc:76 , -72
1729066752912 , 80:ea:96:f2:cc:77 , -74
1729066752912 , c8:a6:08:9a:bc:12 , -58
1729066752912 , c8:a6:08:9a:bc:10 , -59
1729066752912 , c8:a6:08:5a:bb:80 , -62
1729066752912 , c8:a6:08:9a:bc:11 , -59
1729066752912 , c8:a6:08:9a:bc:14 , -59
1729066752912 , c8:a6:08:9a:bb:80 , -67
1729066752912 , c8:a6:08:9a:bb:81 , -67
1729066752912 , ac:44:f2:8c:b0:e0 , -77
1729066752912 , c8:a6:08:9a:bb:84 , -67
1729066752912 , 60:84:bd:de:7c:67 , -67
1729066752912 , c8:a6:08:5a:bb:82 , -64
1729066752912 , ac:44:f2:8c:e9:20 , -70
1729066752912 , c8:a6:08:9a:bb:82 , -67
1729066752912 , c8:a6:08:5a:bb:84 , -64
1729066752912 , c0:25:a2:a7:2e:2b , -59
1729066752912 , c0:25:a2:a7:2e:2a , -60
1729066752912 , c8:a6:08:5a:fd:84 , -85
1729066752912 , c8:a6:08:5a:fd:82 , -87
1729066752912 , 60:84:bd:de:7c:60 , -56
1729066752912 , c8:a6:08:9a:b7:01 , -91
1729066752912 , c8:a6:08:9a:b7:02 , -90
1729066752912 , c8:a6:08:5b:15:50 , -76
1729066752912 , c8:a6:08:9a:b7:00 , -90
1729066752912 , c8:a6:08:5b:15:51 , -76
1729066752912 , c0:25:a2:a9:b1:4f , -59
1729066752912 , c8:a6:08:9b:15:51 , -77
1729066752912 , c8:a6:08:9b:15:50 , -77
1729066752912 , c8:a6:08:9b:16:21 , -35
1729066752912 , c8:a6:08:5b:16:21 , -45
1729066752912 , c8:a6:08:5b:15:52 , -76
1729066752912 , c8:a6:08:9b:16:20 , -35
1729066752912 , c8:a6:08:5b:16:20 , -44
1729066752912 , c8:a6:08:9b:15:52 , -77
1729066752912 , c8:a6:08:5b:15:54 , -77
1729066752912 , c8:a6:08:9a:b7:04 , -91
1729066752912 , c8:a6:08:9b:16:22 , -35
1729066752912 , c8:a6:08:5b:16:22 , -45
1729066752912 , c8:a6:08:9b:15:54 , -77
1729066752912 , c0:25:a2:a7:2e:1a , -63
1729066752912 , f8:b7:97:9b:d6:ff , -82
1729066752912 , c8:a6:08:9a:bb:f4 , -77
1729066752912 , f8:b7:97:9b:d6:fe , -79
1729066752912 , c8:a6:08:5a:bb:f4 , -85
1729066752912 , c8:a6:08:9a:bb:f2 , -76
1729066752912 , c8:a6:08:9a:bb:f0 , -76
1729066752912 , c8:a6:08:9a:bb:f1 , -77
1729066752912 , c8:a6:08:5a:bb:f2 , -81
1729066753922 , c8:a6:08:9a:fe:72 , -77
1729066753922 , c8:a6:08:9a:fe:71 , -77
1729066753922 , c8:a6:08:9a:fe:70 , -77
1729066753922 , d2:c0:bf:4d:f0:d3 , -64
1729066753922 , c8:a6:08:9a:fe:74 , -77
1729066753922 , 84:af:ec:86:f0:70 , -70
1729066753922 , ac:44:f2:8c:e8:a8 , -83
1729066753922 , c8:a6:08:9a:bb:c1 , -64
1729066753922 , c8:a6:08:9a:bb:c2 , -64
1729066753922 , c8:a6:08:9a:bb:c0 , -64
1729066753922 , c8:a6:08:9b:16:02 , -50
1729066753922 , 74:03:bd:ef:8a:10 , -81
1729066753922 , 16:27:f5:e3:50:97 , -89
1729066753922 , c8:a6:08:5b:16:02 , -50
1729066753922 , c8:a6:08:5b:16:04 , -50
1729066753922 , 10:27:f5:e3:50:97 , -89
1729066753922 , c8:a6:08:9b:16:01 , -50
1729066753922 , c8:a6:08:5b:16:01 , -50
1729066753922 , c8:a6:08:9b:16:00 , -50
1729066753922 , c8:a6:08:5b:16:00 , -50
1729066753922 , 80:ea:96:f2:cc:76 , -72
1729066753922 , 80:ea:96:f2:cc:77 , -74
1729066753922 , c8:a6:08:9a:bc:12 , -58
1729066753922 , c8:a6:08:9a:bc:10 , -59
1729066753922 , c8:a6:08:5a:bb:80 , -62
1729066753922 , c8:a6:08:9a:bc:11 , -59
1729066753922 , c8:a6:08:9a:bc:14 , -59
1729066753922 , c8:a6:08:9a:bb:80 , -67
1729066753922 , c8:a6:08:9a:bb:81 , -67
1729066753922 , ac:44:f2:8c:b0:e0 , -77
1729066753922 , c8:a6:08:9a:bb:84 , -67
1729066753922 , 60:84:bd:de:7c:67 , -67
1729066753922 , c8:a6:08:5a:bb:82 , -64
1729066753922 , ac:44:f2:8c:e9:20 , -70
1729066753922 , c8:a6:08:9a:bb:82 , -67
1729066753922 , c8:a6:08:5a:bb:84 , -64
1729066753922 , c0:25:a2:a7:2e:2b , -59
1729066753922 , c0:25:a2:a7:2e:2a , -60
1729066753922 , c8:a6:08:5a:fd:84 , -85
1729066753922 , c8:a6:08:5a:fd:82 , -87
1729066753922 , 60:84:bd:de:7c:60 , -56
1729066753922 , c8:a6:08:9a:b7:01 , -91
1729066753922 , c8:a6:08:9a:b7:02 , -90
1729066753922 , c8:a6:08:5b:15:50 , -76
1729066753922 , c8:a6:08:9a:b7:00 , -90
1729066753922 , c8:a6:08:5b:15:51 , -76
1729066753922 , c0:25:a2:a9:b1:4f , -59
1729066753922 , c8:a6:08:9b:15:51 , -77
1729066753922 , c8:a6:08:9b:15:50 , -77
1729066753922 , c8:a6:08:9b:16:21 , -35
1729066753922 , c8:a6:08:5b:16:21 , -45
1729066753922 , c8:a6:08:5b:15:52 , -76
1729066753922 , c8:a6:08:9b:16:20 , -35
1729066753922 , c8:a6:08:5b:16:20 , -44
1729066753922 , c8:a6:08:9b:15:52 , -77
1729066753922 , c8:a6:08:5b:15:54 , -77
1729066753922 , c8:a6:08:9a:b7:04 , -91
1729066753922 , c8:a6:08:9b:16:22 , -35
1729066753922 , c8:a6:08:5b:16:22 , -45
1729066753922 , c8:a6:08:9b:15:54 , -77
1729066753922 , c0:25:a2:a7:2e:1a , -63
1729066753922 , f8:b7:97:9b:d6:ff , -82
1729066753922 , c8:a6:08:9a:bb:f4 , -77
1729066753922 , f8:b7:97:9b:d6:fe , -79
1729066753922 , c8:a6:08:5a:bb:f4 , -85
1729066753922 , c8:a6:08:9a:bb:f2 , -76
1729066753922 , c8:a6:08:9a:bb:f0 , -76
1729066753922 , c8:a6:08:9a:bb:f1 , -77
1729066753922 , c8:a6:08:5a:bb:f2 , -81
1729066754939 , c8:a6:08:9a:fe:72 , -77
1729066754939 , c8:a6:08:9a:fe:71 , -77
1729066754939 , c8:a6:08:9a:fe:70 , -77
1729066754939 , d2:c0:bf:4d:f0:d3 , -64
1729066754939 , c8:a6:08:9a:fe:74 , -77
1729066754939 , 84:af:ec:86:f0:70 , -70
1729066754939 , ac:44:f2:8c:e8:a8 , -83
1729066754939 , c8:a6:08:9a:bb:c1 , -64
1729066754939 , c8:a6:08:9a:bb:c2 , -64
1729066754939 , c8:a6:08:9a:bb:c0 , -64
1729066754939 , c8:a6:08:9b:16:02 , -50
1729066754939 , 74:03:bd:ef:8a:10 , -81
1729066754939 , 16:27:f5:e3:50:97 , -89
1729066754939 , c8:a6:08:5b:16:02 , -50
1729066754939 , c8:a6:08:5b:16:04 , -50
1729066754939 , 10:27:f5:e3:50:97 , -89
1729066754939 , c8:a6:08:9b:16:01 , -50
1729066754939 , c8:a6:08:5b:16:01 , -50
1729066754939 , c8:a6:08:9b:16:00 , -50
1729066754939 , c8:a6:08:5b:16:00 , -50
1729066754939 , 80:ea:96:f2:cc:76 , -72
1729066754939 , 80:ea:96:f2:cc:77 , -74
1729066754939 , c8:a6:08:9a:bc:12 , -58
1729066754939 , c8:a6:08:9a:bc:10 , -59
1729066754939 , c8:a6:08:5a:bb:80 , -62
1729066754939 , c8:a6:08:9a:bc:11 , -59
1729066754939 , c8:a6:08:9a:bc:14 , -59
1729066754939 , c8:a6:08:9a:bb:80 , -67
1729066754939 , c8:a6:08:9a:bb:81 , -67
1729066754939 , ac:44:f2:8c:b0:e0 , -77
1729066754939 , c8:a6:08:9a:bb:84 , -67
1729066754939 , 60:84:bd:de:7c:67 , -67
1729066754939 , c8:a6:08:5a:bb:82 , -64
1729066754939 , ac:44:f2:8c:e9:20 , -70
1729066754939 , c8:a6:08:9a:bb:82 , -67
1729066754939 , c8:a6:08:5a:bb:84 , -64
1729066754939 , c0:25:a2:a7:2e:2b , -59
1729066754939 , c0:25:a2:a7:2e:2a , -60
1729066754939 , c8:a6:08:5a:fd:84 , -85
1729066754939 , c8:a6:08:5a:fd:82 , -87
1729066754939 , 60:84:bd:de:7c:60 , -56
1729066754939 , c8:a6:08:9a:b7:01 , -91
1729066754939 , c8:a6:08:9a:b7:02 , -90
1729066754939 , c8:a6:08:5b:15:50 , -76
1729066754939 , c8:a6:08:9a:b7:00 , -90
1729066754939 , c8:a6:08:5b:15:51 , -76
1729066754939 , c0:25:a2:a9:b1:4f , -59
1729066754939 , c8:a6:08:9b:15:51 , -77
1729066754939 , c8:a6:08:9b:15:50 , -77
1729066754939 , c8:a6:08:9b:16:21 , -35
1729066754939 , c8:a6:08:5b:16:21 , -45
1729066754939 , c8:a6:08:5b:15:52 , -76
1729066754939 , c8:a6:08:9b:16:20 , -35
1729066754939 , c8:a6:08:5b:16:20 , -44
1729066754939 , c8:a6:08:9b:15:52 , -77
1729066754939 , c8:a6:08:5b:15:54 , -77
1729066754939 , c8:a6:08:9a:b7:04 , -91
1729066754939 , c8:a6:08:9b:16:22 , -35
1729066754939 , c8:a6:08:5b:16:22 , -45
1729066754939 , c8:a6:08:9b:15:54 , -77
1729066754939 , c0:25:a2:a7:2e:1a , -63
1729066754939 , f8:b7:97:9b:d6:ff , -82
1729066754939 , c8:a6:08:9a:bb:f4 , -77
1729066754939 , f8:b7:97:9b:d6:fe , -79
1729066754939 , c8:a6:08:5a:bb:f4 , -85
1729066754939 , c8:a6:08:9a:bb:f2 , -76
1729066754939 , c8:a6:08:9a:bb:f0 , -76
1729066754939 , c8:a6:08:9a:bb:f1 , -77
1729066754939 , c8:a6:08:5a:bb:f2 , -81
1729066755951 , c8:a6:08:9a:fe:72 , -77
1729066755951 , c8:a6:08:9a:fe:71 , -77
1729066755951 , c8:a6:08:9a:fe:70 , -77
1729066755951 , d2:c0:bf:4d:f0:d3 , -64
1729066755951 , c8:a6:08:9a:fe:74 , -77
1729066755951 , 84:af:ec:86:f0:70 , -70
1729066755951 , ac:44:f2:8c:e8:a8 , -83
1729066755951 , c8:a6:08:9a:bb:c1 , -64
1729066755951 , c8:a6:08:9a:bb:c2 , -64
1729066755951 , c8:a6:08:9a:bb:c0 , -64
1729066755951 , c8:a6:08:9b:16:02 , -50
1729066755951 , 74:03:bd:ef:8a:10 , -81
1729066755951 , 16:27:f5:e3:50:97 , -89
1729066755951 , c8:a6:08:5b:16:02 , -50
1729066755951 , c8:a6:08:5b:16:04 , -50
1729066755951 , 10:27:f5:e3:50:97 , -89
1729066755951 , c8:a6:08:9b:16:01 , -50
1729066755951 , c8:a6:08:5b:16:01 , -50
1729066755951 , c8:a6:08:9b:16:00 , -50
1729066755951 , c8:a6:08:5b:16:00 , -50
1729066755951 , 80:ea:96:f2:cc:76 , -72
1729066755951 , 80:ea:96:f2:cc:77 , -74
1729066755951 , c8:a6:08:9a:bc:12 , -58
1729066755951 , c8:a6:08:9a:bc:10 , -59
1729066755951 , c8:a6:08:5a:bb:80 , -62
1729066755951 , c8:a6:08:9a:bc:11 , -59
1729066755951 , c8:a6:08:9a:bc:14 , -59
1729066755951 , c8:a6:08:9a:bb:80 , -67
1729066755951 , c8:a6:08:9a:bb:81 , -67
1729066755951 , ac:44:f2:8c:b0:e0 , -77
1729066755951 , c8:a6:08:9a:bb:84 , -67
1729066755951 , 60:84:bd:de:7c:67 , -67
1729066755951 , c8:a6:08:5a:bb:82 , -64
1729066755951 , ac:44:f2:8c:e9:20 , -70
1729066755951 , c8:a6:08:9a:bb:82 , -67
1729066755951 , c8:a6:08:5a:bb:84 , -64
1729066755951 , c0:25:a2:a7:2e:2b , -59
1729066755951 , c0:25:a2:a7:2e:2a , -60
1729066755951 , c8:a6:08:5a:fd:84 , -85
1729066755951 , c8:a6:08:5a:fd:82 , -87
1729066755951 , 60:84:bd:de:7c:60 , -56
1729066755951 , c8:a6:08:9a:b7:01 , -91
1729066755951 , c8:a6:08:9a:b7:02 , -90
1729066755951 , c8:a6:08:5b:15:50 , -76
1729066755951 , c8:a6:08:9a:b7:00 , -90
1729066755951 , c8:a6:08:5b:15:51 , -76
1729066755951 , c0:25:a2:a9:b1:4f , -59
1729066755951 , c8:a6:08:9b:15:51 , -77
1729066755951 , c8:a6:08:9b:15:50 , -77
1729066755951 , c8:a6:08:9b:16:21 , -35
1729066755951 , c8:a6:08:5b:16:21 , -45
1729066755951 , c8:a6:08:5b:15:52 , -76
1729066755951 , c8:a6:08:9b:16:20 , -35
1729066755951 , c8:a6:08:5b:16:20 , -44
1729066755951 , c8:a6:08:9b:15:52 , -77
1729066755951 , c8:a6:08:5b:15:54 , -77
1729066755951 , c8:a6:08:9a:b7:04 , -91
1729066755951 , c8:a6:08:9b:16:22 , -35
1729066755951 , c8:a6:08:5b:16:22 , -45
1729066755951 , c8:a6:08:9b:15:54 , -77
1729066755951 , c0:25:a2:a7:2e:1a , -63
1729066755951 , f8:b7:97:9b:d6:ff , -82
1729066755951 , c8:a6:08:9a:bb:f4 , -77
1729066755951 , f8:b7:97:9b:d6:fe , -79
1729066755951 , c8:a6:08:5a:bb:f4 , -85
1729066755951 , c8:a6:08:9a:bb:f2 , -76
1729066755951 , c8:a6:08:9a:bb:f0 , -76
1729066755951 , c8:a6:08:9a:bb:f1 , -77
1729066755951 , c8:a6:08:5a:bb:f2 , -81
1729066756963 , c8:a6:08:9a:fe:72 , -77
1729066756963 , c8:a6:08:9a:fe:71 , -77
1729066756963 , c8:a6:08:9a:fe:70 , -77
1729066756963 , d2:c0:bf:4d:f0:d3 , -64
1729066756963 , c8:a6:08:9a:fe:74 , -77
1729066756963 , 84:af:ec:86:f0:70 , -70
1729066756963 , ac:44:f2:8c:e8:a8 , -83
1729066756963 , c8:a6:08:9a:bb:c1 , -64
1729066756963 , c8:a6:08:9a:bb:c2 , -64
1729066756963 , c8:a6:08:9a:bb:c0 , -64
1729066756963 , c8:a6:08:9b:16:02 , -50
1729066756963 , 74:03:bd:ef:8a:10 , -81
1729066756963 , 16:27:f5:e3:50:97 , -89
1729066756963 , c8:a6:08:5b:16:02 , -50
1729066756963 , c8:a6:08:5b:16:04 , -50
1729066756963 , 10:27:f5:e3:50:97 , -89
1729066756963 , c8:a6:08:9b:16:01 , -50
1729066756963 , c8:a6:08:5b:16:01 , -50
1729066756963 , c8:a6:08:9b:16:00 , -50
1729066756963 , c8:a6:08:5b:16:00 , -50
1729066756963 , 80:ea:96:f2:cc:76 , -72
1729066756963 , 80:ea:96:f2:cc:77 , -74
1729066756963 , c8:a6:08:9a:bc:12 , -58
1729066756963 , c8:a6:08:9a:bc:10 , -59
1729066756963 , c8:a6:08:5a:bb:80 , -62
1729066756963 , c8:a6:08:9a:bc:11 , -59
1729066756963 , c8:a6:08:9a:bc:14 , -59
1729066756963 , c8:a6:08:9a:bb:80 , -67
1729066756963 , c8:a6:08:9a:bb:81 , -67
1729066756963 , ac:44:f2:8c:b0:e0 , -77
1729066756963 , c8:a6:08:9a:bb:84 , -67
1729066756963 , 60:84:bd:de:7c:67 , -67
1729066756963 , c8:a6:08:5a:bb:82 , -64
1729066756963 , ac:44:f2:8c:e9:20 , -70
1729066756963 , c8:a6:08:9a:bb:82 , -67
1729066756963 , c8:a6:08:5a:bb:84 , -64
1729066756963 , c0:25:a2:a7:2e:2b , -59
1729066756963 , c0:25:a2:a7:2e:2a , -60
1729066756963 , c8:a6:08:5a:fd:84 , -85
1729066756963 , c8:a6:08:5a:fd:82 , -87
1729066756963 , 60:84:bd:de:7c:60 , -56
1729066756963 , c8:a6:08:9a:b7:01 , -91
1729066756963 , c8:a6:08:9a:b7:02 , -90
1729066756963 , c8:a6:08:5b:15:50 , -76
1729066756963 , c8:a6:08:9a:b7:00 , -90
1729066756963 , c8:a6:08:5b:15:51 , -76
1729066756963 , c0:25:a2:a9:b1:4f , -59
1729066756963 , c8:a6:08:9b:15:51 , -77
1729066756963 , c8:a6:08:9b:15:50 , -77
1729066756963 , c8:a6:08:9b:16:21 , -35
1729066756963 , c8:a6:08:5b:16:21 , -45
1729066756963 , c8:a6:08:5b:15:52 , -76
1729066756963 , c8:a6:08:9b:16:20 , -35
1729066756963 , c8:a6:08:5b:16:20 , -44
1729066756963 , c8:a6:08:9b:15:52 , -77
1729066756963 , c8:a6:08:5b:15:54 , -77
1729066756963 , c8:a6:08:9a:b7:04 , -91
1729066756963 , c8:a6:08:9b:16:22 , -35
1729066756963 , c8:a6:08:5b:16:22 , -45
1729066756963 , c8:a6:08:9b:15:54 , -77
1729066756963 , c0:25:a2:a7:2e:1a , -63
1729066756963 , f8:b7:97:9b:d6:ff , -82
1729066756963 , c8:a6:08:9a:bb:f4 , -77
1729066756963 , f8:b7:97:9b:d6:fe , -79
1729066756963 , c8:a6:08:5a:bb:f4 , -85
1729066756963 , c8:a6:08:9a:bb:f2 , -76
1729066756963 , c8:a6:08:9a:bb:f0 , -76
1729066756963 , c8:a6:08:9a:bb:f1 , -77
1729066756963 , c8:a6:08:5a:bb:f2 , -81
1729066757986 , c8:a6:08:9a:fe:72 , -77
1729066757986 , c8:a6:08:9a:fe:71 , -77
1729066757986 , c8:a6:08:9a:fe:70 , -77
1729066757986 , d2:c0:bf:4d:f0:d3 , -64
1729066757986 , c8:a6:08:9a:fe:74 , -77
1729066757986 , 84:af:ec:86:f0:70 , -70
1729066757986 , ac:44:f2:8c:e8:a8 , -83
1729066757986 , c8:a6:08:9a:bb:c1 , -64
1729066757986 , c8:a6:08:9a:bb:c2 , -64
1729066757986 , c8:a6:08:9a:bb:c0 , -64
1729066757986 , c8:a6:08:9b:16:02 , -50
1729066757986 , 74:03:bd:ef:8a:10 , -81
1729066757986 , 16:27:f5:e3:50:97 , -89
1729066757986 , c8:a6:08:5b:16:02 , -50
1729066757986 , c8:a6:08:5b:16:04 , -50
1729066757986 , 10:27:f5:e3:50:97 , -89
1729066757986 , c8:a6:08:9b:16:01 , -50
1729066757986 , c8:a6:08:5b:16:01 , -50
1729066757986 , c8:a6:08:9b:16:00 , -50
1729066757986 , c8:a6:08:5b:16:00 , -50
1729066757986 , 80:ea:96:f2:cc:76 , -72
1729066757986 , 80:ea:96:f2:cc:77 , -74
1729066757986 , c8:a6:08:9a:bc:12 , -58
1729066757986 , c8:a6:08:9a:bc:10 , -59
1729066757986 , c8:a6:08:5a:bb:80 , -62
1729066757986 , c8:a6:08:9a:bc:11 , -59
1729066757986 , c8:a6:08:9a:bc:14 , -59
1729066757986 , c8:a6:08:9a:bb:80 , -67
1729066757986 , c8:a6:08:9a:bb:81 , -67
1729066757986 , ac:44:f2:8c:b0:e0 , -77
1729066757986 , c8:a6:08:9a:bb:84 , -67
1729066757986 , 60:84:bd:de:7c:67 , -67
1729066757986 , c8:a6:08:5a:bb:82 , -64
1729066757986 , ac:44:f2:8c:e9:20 , -70
1729066757986 , c8:a6:08:9a:bb:82 , -67
1729066757986 , c8:a6:08:5a:bb:84 , -64
1729066757986 , c0:25:a2:a7:2e:2b , -59
1729066757986 , c0:25:a2:a7:2e:2a , -60
1729066757986 , c8:a6:08:5a:fd:84 , -85
1729066757986 , c8:a6:08:5a:fd:82 , -87
1729066757986 , 60:84:bd:de:7c:60 , -56
1729066757986 , c8:a6:08:9a:b7:01 , -91
1729066757986 , c8:a6:08:9a:b7:02 , -90
1729066757986 , c8:a6:08:5b:15:50 , -76
1729066757986 , c8:a6:08:9a:b7:00 , -90
1729066757986 , c8:a6:08:5b:15:51 , -76
1729066757986 , c0:25:a2:a9:b1:4f , -59
1729066757986 , c8:a6:08:9b:15:51 , -77
1729066757986 , c8:a6:08:9b:15:50 , -77
1729066757986 , c8:a6:08:9b:16:21 , -35
1729066757986 , c8:a6:08:5b:16:21 , -45
1729066757986 , c8:a6:08:5b:15:52 , -76
1729066757986 , c8:a6:08:9b:16:20 , -35
1729066757986 , c8:a6:08:5b:16:20 , -44
1729066757986 , c8:a6:08:9b:15:52 , -77
1729066757986 , c8:a6:08:5b:15:54 , -77
1729066757986 , c8:a6:08:9a:b7:04 , -91
1729066757986 , c8:a6:08:9b:16:22 , -35
1729066757986 , c8:a6:08:5b:16:22 , -45
1729066757986 , c8:a6:08:9b:15:54 , -77
1729066757986 , c0:25:a2:a7:2e:1a , -63
1729066757986 , f8:b7:97:9b:d6:ff , -82
1729066757986 , c8:a6:08:9a:bb:f4 , -77
1729066757986 , f8:b7:97:9b:d6:fe , -79
1729066757986 , c8:a6:08:5a:bb:f4 , -85
1729066757986 , c8:a6:08:9a:bb:f2 , -76
1729066757986 , c8:a6:08:9a:bb:f0 , -76
1729066757986 , c8:a6:08:9a:bb:f1 , -77
1729066757986 , c8:a6:08:5a:bb:f2 , -81
1729066758997 , c8:a6:08:9a:fe:72 , -77
1729066758997 , c8:a6:08:9a:fe:71 , -77
1729066758997 , c8:a6:08:9a:fe:70 , -77
1729066758997 , d2:c0:bf:4d:f0:d3 , -64
1729066758997 , c8:a6:08:9a:fe:74 , -77
1729066758997 , 84:af:ec:86:f0:70 , -70
1729066758997 , ac:44:f2:8c:e8:a8 , -83
1729066758997 , c8:a6:08:9a:bb:c1 , -64
1729066758997 , c8:a6:08:9a:bb:c2 , -64
1729066758997 , c8:a6:08:9a:bb:c0 , -64
1729066758997 , c8:a6:08:9b:16:02 , -50
1729066758997 , 74:03:bd:ef:8a:10 , -81
1729066758997 , 16:27:f5:e3:50:97 , -89
1729066758997 , c8:a6:08:5b:16:02 , -50
1729066758997 , c8:a6:08:5b:16:04 , -50
1729066758997 , 10:27:f5:e3:50:97 , -89
1729066758997 , c8:a6:08:9b:16:01 , -50
1729066758997 , c8:a6:08:5b:16:01 , -50
1729066758997 , c8:a6:08:9b:16:00 , -50
1729066758997 , c8:a6:08:5b:16:00 , -50
1729066758997 , 80:ea:96:f2:cc:76 , -72
1729066758997 , 80:ea:96:f2:cc:77 , -74
1729066758997 , c8:a6:08:9a:bc:12 , -58
1729066758997 , c8:a6:08:9a:bc:10 , -59
1729066758997 , c8:a6:08:5a:bb:80 , -62
1729066758997 , c8:a6:08:9a:bc:11 , -59
1729066758997 , c8:a6:08:9a:bc:14 , -59
1729066758997 , c8:a6:08:9a:bb:80 , -67
1729066758997 , c8:a6:08:9a:bb:81 , -67
1729066758997 , ac:44:f2:8c:b0:e0 , -77
1729066758997 , c8:a6:08:9a:bb:84 , -67
1729066758997 , 60:84:bd:de:7c:67 , -67
1729066758997 , c8:a6:08:5a:bb:82 , -64
1729066758997 , ac:44:f2:8c:e9:20 , -70
1729066758997 , c8:a6:08:9a:bb:82 , -67
1729066758997 , c8:a6:08:5a:bb:84 , -64
1729066758997 , c0:25:a2:a7:2e:2b , -59
1729066758997 , c0:25:a2:a7:2e:2a , -60
1729066758997 , c8:a6:08:5a:fd:84 , -85
1729066758997 , c8:a6:08:5a:fd:82 , -87
1729066758997 , 60:84:bd:de:7c:60 , -56
1729066758997 , c8:a6:08:9a:b7:01 , -91
1729066758997 , c8:a6:08:9a:b7:02 , -90
1729066758997 , c8:a6:08:5b:15:50 , -76
1729066758997 , c8:a6:08:9a:b7:00 , -90
1729066758997 , c8:a6:08:5b:15:51 , -76
1729066758997 , c0:25:a2:a9:b1:4f , -59
1729066758997 , c8:a6:08:9b:15:51 , -77
1729066758997 , c8:a6:08:9b:15:50 , -77
1729066758997 , c8:a6:08:9b:16:21 , -35
1729066758997 , c8:a6:08:5b:16:21 , -45
1729066758997 , c8:a6:08:5b:15:52 , -76
1729066758997 , c8:a6:08:9b:16:20 , -35
1729066758997 , c8:a6:08:5b:16:20 , -44
1729066758997 , c8:a6:08:9b:15:52 , -77
1729066758997 , c8:a6:08:5b:15:54 , -77
1729066758997 , c8:a6:08:9a:b7:04 , -91
1729066758997 , c8:a6:08:9b:16:22 , -35
1729066758997 , c8:a6:08:5b:16:22 , -45
1729066758997 , c8:a6:08:9b:15:54 , -77
1729066758997 , c0:25:a2:a7:2e:1a , -63
1729066758997 , f8:b7:97:9b:d6:ff , -82
1729066758997 , c8:a6:08:9a:bb:f4 , -77
1729066758997 , f8:b7:97:9b:d6:fe , -79
1729066758997 , c8:a6:08:5a:bb:f4 , -85
1729066758997 , c8:a6:08:9a:bb:f2 , -76
1729066758997 , c8:a6:08:9a:bb:f0 , -76
1729066758997 , c8:a6:08:9a:bb:f1 , -77
1729066758997 , c8:a6:08:5a:bb:f2 , -81
1729066760006 , c8:a6:08:9a:fe:72 , -77
1729066760006 , c8:a6:08:9a:fe:71 , -77
1729066760006 , c8:a6:08:9a:fe:70 , -77
1729066760006 , d2:c0:bf:4d:f0:d3 , -64
1729066760006 , c8:a6:08:9a:fe:74 , -77
1729066760006 , 84:af:ec:86:f0:70 , -70
1729066760006 , ac:44:f2:8c:e8:a8 , -83
1729066760006 , c8:a6:08:9a:bb:c1 , -64
1729066760006 , c8:a6:08:9a:bb:c2 , -64
1729066760006 , c8:a6:08:9a:bb:c0 , -64
1729066760006 , c8:a6:08:9b:16:02 , -50
1729066760006 , 74:03:bd:ef:8a:10 , -81
1729066760006 , 16:27:f5:e3:50:97 , -89
1729066760006 , c8:a6:08:5b:16:02 , -50
1729066760006 , c8:a6:08:5b:16:04 , -50
1729066760006 , 10:27:f5:e3:50:97 , -89
1729066760006 , c8:a6:08:9b:16:01 , -50
1729066760006 , c8:a6:08:5b:16:01 , -50
1729066760006 , c8:a6:08:9b:16:00 , -50
1729066760006 , c8:a6:08:5b:16:00 , -50
1729066760006 , 80:ea:96:f2:cc:76 , -72
1729066760006 , 80:ea:96:f2:cc:77 , -74
1729066760006 , c8:a6:08:9a:bc:12 , -58
1729066760006 , c8:a6:08:9a:bc:10 , -59
1729066760006 , c8:a6:08:5a:bb:80 , -62
1729066760006 , c8:a6:08:9a:bc:11 , -59
1729066760006 , c8:a6:08:9a:bc:14 , -59
1729066760006 , c8:a6:08:9a:bb:80 , -67
1729066760006 , c8:a6:08:9a:bb:81 , -67
1729066760006 , ac:44:f2:8c:b0:e0 , -77
1729066760006 , c8:a6:08:9a:bb:84 , -67
1729066760006 , 60:84:bd:de:7c:67 , -67
1729066760006 , c8:a6:08:5a:bb:82 , -64
1729066760006 , ac:44:f2:8c:e9:20 , -70
1729066760006 , c8:a6:08:9a:bb:82 , -67
1729066760006 , c8:a6:08:5a:bb:84 , -64
1729066760006 , c0:25:a2:a7:2e:2b , -59
1729066760006 , c0:25:a2:a7:2e:2a , -60
1729066760006 , c8:a6:08:5a:fd:84 , -85
1729066760006 , c8:a6:08:5a:fd:82 , -87
1729066760006 , 60:84:bd:de:7c:60 , -56
1729066760006 , c8:a6:08:9a:b7:01 , -91
1729066760006 , c8:a6:08:9a:b7:02 , -90
1729066760006 , c8:a6:08:5b:15:50 , -76
1729066760006 , c8:a6:08:9a:b7:00 , -90
1729066760006 , c8:a6:08:5b:15:51 , -76
1729066760006 , c0:25:a2:a9:b1:4f , -59
1729066760006 , c8:a6:08:9b:15:51 , -77
1729066760006 , c8:a6:08:9b:15:50 , -77
1729066760006 , c8:a6:08:9b:16:21 , -35
1729066760006 , c8:a6:08:5b:16:21 , -45
1729066760006 , c8:a6:08:5b:15:52 , -76
1729066760006 , c8:a6:08:9b:16:20 , -35
1729066760006 , c8:a6:08:5b:16:20 , -44
1729066760006 , c8:a6:08:9b:15:52 , -77
1729066760006 , c8:a6:08:5b:15:54 , -77
1729066760006 , c8:a6:08:9a:b7:04 , -91
1729066760006 , c8:a6:08:9b:16:22 , -35
1729066760006 , c8:a6:08:5b:16:22 , -45
1729066760006 , c8:a6:08:9b:15:54 , -77
1729066760006 , c0:25:a2:a7:2e:1a , -63
1729066760006 , f8:b7:97:9b:d6:ff , -82
1729066760006 , c8:a6:08:9a:bb:f4 , -77
1729066760006 , f8:b7:97:9b:d6:fe , -79
1729066760006 , c8:a6:08:5a:bb:f4 , -85
1729066760006 , c8:a6:08:9a:bb:f2 , -76
1729066760006 , c8:a6:08:9a:bb:f0 , -76
1729066760006 , c8:a6:08:9a:bb:f1 , -77
1729066760006 , c8:a6:08:5a:bb:f2 , -81
1729066761015 , c8:a6:08:9a:fe:72 , -77
1729066761015 , c8:a6:08:9a:fe:71 , -77
1729066761015 , c8:a6:08:9a:fe:70 , -77
1729066761015 , d2:c0:bf:4d:f0:d3 , -64
1729066761015 , c8:a6:08:9a:fe:74 , -77
1729066761015 , 84:af:ec:86:f0:70 , -70
1729066761015 , ac:44:f2:8c:e8:a8 , -83
1729066761015 , c8:a6:08:9a:bb:c1 , -64
1729066761015 , c8:a6:08:9a:bb:c2 , -64
1729066761015 , c8:a6:08:9a:bb:c0 , -64
1729066761015 , c8:a6:08:9b:16:02 , -50
1729066761015 , 74:03:bd:ef:8a:10 , -81
1729066761015 , 16:27:f5:e3:50:97 , -89
1729066761015 , c8:a6:08:5b:16:02 , -50
1729066761015 , c8:a6:08:5b:16:04 , -50
1729066761015 , 10:27:f5:e3:50:97 , -89
1729066761015 , c8:a6:08:9b:16:01 , -50
1729066761015 , c8:a6:08:5b:16:01 , -50
1729066761015 , c8:a6:08:9b:16:00 , -50
1729066761015 , c8:a6:08:5b:16:00 , -50
1729066761015 , 80:ea:96:f2:cc:76 , -72
1729066761015 , 80:ea:96:f2:cc:77 , -74
1729066761015 , c8:a6:08:9a:bc:12 , -58
1729066761015 , c8:a6:08:9a:bc:10 , -59
1729066761015 , c8:a6:08:5a:bb:80 , -62
1729066761015 , c8:a6:08:9a:bc:11 , -59
1729066761015 , c8:a6:08:9a:bc:14 , -59
1729066761015 , c8:a6:08:9a:bb:80 , -67
1729066761015 , c8:a6:08:9a:bb:81 , -67
1729066761015 , ac:44:f2:8c:b0:e0 , -77
1729066761015 , c8:a6:08:9a:bb:84 , -67
1729066761015 , 60:84:bd:de:7c:67 , -67
1729066761015 , c8:a6:08:5a:bb:82 , -64
1729066761015 , ac:44:f2:8c:e9:20 , -70
1729066761015 , c8:a6:08:9a:bb:82 , -67
1729066761015 , c8:a6:08:5a:bb:84 , -64
1729066761015 , c0:25:a2:a7:2e:2b , -59
1729066761015 , c0:25:a2:a7:2e:2a , -60
1729066761015 , c8:a6:08:5a:fd:84 , -85
1729066761015 , c8:a6:08:5a:fd:82 , -87
1729066761015 , 60:84:bd:de:7c:60 , -56
1729066761015 , c8:a6:08:9a:b7:01 , -91
1729066761015 , c8:a6:08:9a:b7:02 , -90
1729066761015 , c8:a6:08:5b:15:50 , -76
1729066761015 , c8:a6:08:9a:b7:00 , -90
1729066761015 , c8:a6:08:5b:15:51 , -76
1729066761015 , c0:25:a2:a9:b1:4f , -59
1729066761015 , c8:a6:08:9b:15:51 , -77
1729066761015 , c8:a6:08:9b:15:50 , -77
1729066761015 , c8:a6:08:9b:16:21 , -35
1729066761015 , c8:a6:08:5b:16:21 , -45
1729066761015 , c8:a6:08:5b:15:52 , -76
1729066761015 , c8:a6:08:9b:16:20 , -35
1729066761015 , c8:a6:08:5b:16:20 , -44
1729066761015 , c8:a6:08:9b:15:52 , -77
1729066761015 , c8:a6:08:5b:15:54 , -77
1729066761015 , c8:a6:08:9a:b7:04 , -91
1729066761015 , c8:a6:08:9b:16:22 , -35
1729066761015 , c8:a6:08:5b:16:22 , -45
1729066761015 , c8:a6:08:9b:15:54 , -77
1729066761015 , c0:25:a2:a7:2e:1a , -63
1729066761015 , f8:b7:97:9b:d6:ff , -82
1729066761015 , c8:a6:08:9a:bb:f4 , -77
1729066761015 , f8:b7:97:9b:d6:fe , -79
1729066761015 , c8:a6:08:5a:bb:f4 , -85
1729066761015 , c8:a6:08:9a:bb:f2 , -76
1729066761015 , c8:a6:08:9a:bb:f0 , -76
1729066761015 , c8:a6:08:9a:bb:f1 , -77
1729066761015 , c8:a6:08:5a:bb:f2 , -81
1729066762021 , c8:a6:08:9a:fe:72 , -77
1729066762021 , c8:a6:08:9a:fe:71 , -77
1729066762021 , c8:a6:08:9a:fe:70 , -77
1729066762021 , d2:c0:bf:4d:f0:d3 , -64
1729066762021 , c8:a6:08:9a:fe:74 , -77
1729066762021 , 84:af:ec:86:f0:70 , -70
1729066762021 , ac:44:f2:8c:e8:a8 , -83
1729066762021 , c8:a6:08:9a:bb:c1 , -64
1729066762021 , c8:a6:08:9a:bb:c2 , -64
1729066762021 , c8:a6:08:9a:bb:c0 , -64
1729066762021 , c8:a6:08:9b:16:02 , -50
1729066762021 , 74:03:bd:ef:8a:10 , -81
1729066762021 , 16:27:f5:e3:50:97 , -89
1729066762021 , c8:a6:08:5b:16:02 , -50
1729066762021 , c8:a6:08:5b:16:04 , -50
1729066762021 , 10:27:f5:e3:50:97 , -89
1729066762021 , c8:a6:08:9b:16:01 , -50
1729066762021 , c8:a6:08:5b:16:01 , -50
1729066762021 , c8:a6:08:9b:16:00 , -50
1729066762021 , c8:a6:08:5b:16:00 , -50
1729066762021 , 80:ea:96:f2:cc:76 , -72
1729066762021 , 80:ea:96:f2:cc:77 , -74
1729066762021 , c8:a6:08:9a:bc:12 , -58
1729066762021 , c8:a6:08:9a:bc:10 , -59
1729066762021 , c8:a6:08:5a:bb:80 , -62
1729066762021 , c8:a6:08:9a:bc:11 , -59
1729066762021 , c8:a6:08:9a:bc:14 , -59
1729066762021 , c8:a6:08:9a:bb:80 , -67
1729066762021 , c8:a6:08:9a:bb:81 , -67
1729066762021 , ac:44:f2:8c:b0:e0 , -77
1729066762021 , c8:a6:08:9a:bb:84 , -67
1729066762021 , 60:84:bd:de:7c:67 , -67
1729066762021 , c8:a6:08:5a:bb:82 , -64
1729066762021 , ac:44:f2:8c:e9:20 , -70
1729066762021 , c8:a6:08:9a:bb:82 , -67
1729066762021 , c8:a6:08:5a:bb:84 , -64
1729066762021 , c0:25:a2:a7:2e:2b , -59
1729066762021 , c0:25:a2:a7:2e:2a , -60
1729066762021 , c8:a6:08:5a:fd:84 , -85
1729066762021 , c8:a6:08:5a:fd:82 , -87
1729066762021 , 60:84:bd:de:7c:60 , -56
1729066762021 , c8:a6:08:9a:b7:01 , -91
1729066762021 , c8:a6:08:9a:b7:02 , -90
1729066762021 , c8:a6:08:5b:15:50 , -76
1729066762021 , c8:a6:08:9a:b7:00 , -90
1729066762021 , c8:a6:08:5b:15:51 , -76
1729066762021 , c0:25:a2:a9:b1:4f , -59
1729066762021 , c8:a6:08:9b:15:51 , -77
1729066762021 , c8:a6:08:9b:15:50 , -77
1729066762021 , c8:a6:08:9b:16:21 , -35
1729066762021 , c8:a6:08:5b:16:21 , -45
1729066762021 , c8:a6:08:5b:15:52 , -76
1729066762021 , c8:a6:08:9b:16:20 , -35
1729066762021 , c8:a6:08:5b:16:20 , -44
1729066762021 , c8:a6:08:9b:15:52 , -77
1729066762021 , c8:a6:08:5b:15:54 , -77
1729066762021 , c8:a6:08:9a:b7:04 , -91
1729066762021 , c8:a6:08:9b:16:22 , -35
1729066762021 , c8:a6:08:5b:16:22 , -45
1729066762021 , c8:a6:08:9b:15:54 , -77
1729066762021 , c0:25:a2:a7:2e:1a , -63
1729066762021 , f8:b7:97:9b:d6:ff , -82
1729066762021 , c8:a6:08:9a:bb:f4 , -77
1729066762021 , f8:b7:97:9b:d6:fe , -79
1729066762021 , c8:a6:08:5a:bb:f4 , -85
1729066762021 , c8:a6:08:9a:bb:f2 , -76
1729066762021 , c8:a6:08:9a:bb:f0 , -76
1729066762021 , c8:a6:08:9a:bb:f1 , -77
1729066762021 , c8:a6:08:5a:bb:f2 , -81
1729066763030 , c8:a6:08:9a:fe:72 , -77
1729066763030 , c8:a6:08:9a:fe:71 , -77
1729066763030 , c8:a6:08:9a:fe:70 , -77
1729066763030 , d2:c0:bf:4d:f0:d3 , -64
1729066763030 , c8:a6:08:9a:fe:74 , -77
1729066763030 , 84:af:ec:86:f0:70 , -70
1729066763030 , ac:44:f2:8c:e8:a8 , -83
1729066763030 , c8:a6:08:9a:bb:c1 , -64
1729066763030 , c8:a6:08:9a:bb:c2 , -64
1729066763030 , c8:a6:08:9a:bb:c0 , -64
1729066763030 , c8:a6:08:9b:16:02 , -50
1729066763030 , 74:03:bd:ef:8a:10 , -81
1729066763030 , 16:27:f5:e3:50:97 , -89
1729066763030 , c8:a6:08:5b:16:02 , -50
1729066763030 , c8:a6:08:5b:16:04 , -50
1729066763030 , 10:27:f5:e3:50:97 , -89
1729066763030 , c8:a6:08:9b:16:01 , -50
1729066763030 , c8:a6:08:5b:16:01 , -50
1729066763030 , c8:a6:08:9b:16:00 , -50
1729066763030 , c8:a6:08:5b:16:00 , -50
1729066763030 , 80:ea:96:f2:cc:76 , -72
1729066763030 , 80:ea:96:f2:cc:77 , -74
1729066763030 , c8:a6:08:9a:bc:12 , -58
1729066763030 , c8:a6:08:9a:bc:10 , -59
1729066763030 , c8:a6:08:5a:bb:80 , -62
1729066763030 , c8:a6:08:9a:bc:11 , -59
1729066763030 , c8:a6:08:9a:bc:14 , -59
1729066763030 , c8:a6:08:9a:bb:80 , -67
1729066763030 , c8:a6:08:9a:bb:81 , -67
1729066763030 , ac:44:f2:8c:b0:e0 , -77
1729066763030 , c8:a6:08:9a:bb:84 , -67
1729066763030 , 60:84:bd:de:7c:67 , -67
1729066763030 , c8:a6:08:5a:bb:82 , -64
1729066763030 , ac:44:f2:8c:e9:20 , -70
1729066763030 , c8:a6:08:9a:bb:82 , -67
1729066763030 , c8:a6:08:5a:bb:84 , -64
1729066763030 , c0:25:a2:a7:2e:2b , -59
1729066763030 , c0:25:a2:a7:2e:2a , -60
1729066763030 , c8:a6:08:5a:fd:84 , -85
1729066763030 , c8:a6:08:5a:fd:82 , -87
1729066763030 , 60:84:bd:de:7c:60 , -56
1729066763030 , c8:a6:08:9a:b7:01 , -91
1729066763030 , c8:a6:08:9a:b7:02 , -90
1729066763030 , c8:a6:08:5b:15:50 , -76
1729066763030 , c8:a6:08:9a:b7:00 , -90
1729066763030 , c8:a6:08:5b:15:51 , -76
1729066763030 , c0:25:a2:a9:b1:4f , -59
1729066763030 , c8:a6:08:9b:15:51 , -77
1729066763030 , c8:a6:08:9b:15:50 , -77
1729066763030 , c8:a6:08:9b:16:21 , -35
1729066763030 , c8:a6:08:5b:16:21 , -45
1729066763030 , c8:a6:08:5b:15:52 , -76
1729066763030 , c8:a6:08:9b:16:20 , -35
1729066763030 , c8:a6:08:5b:16:20 , -44
1729066763030 , c8:a6:08:9b:15:52 , -77
1729066763030 , c8:a6:08:5b:15:54 , -77
1729066763030 , c8:a6:08:9a:b7:04 , -91
1729066763030 , c8:a6:08:9b:16:22 , -35
1729066763030 , c8:a6:08:5b:16:22 , -45
1729066763030 , c8:a6:08:9b:15:54 , -77
1729066763030 , c0:25:a2:a7:2e:1a , -63
1729066763030 , f8:b7:97:9b:d6:ff , -82
1729066763030 , c8:a6:08:9a:bb:f4 , -77
1729066763030 , f8:b7:97:9b:d6:fe , -79
1729066763030 , c8:a6:08:5a:bb:f4 , -85
1729066763030 , c8:a6:08:9a:bb:f2 , -76
1729066763030 , c8:a6:08:9a:bb:f0 , -76
1729066763030 , c8:a6:08:9a:bb:f1 , -77
1729066763030 , c8:a6:08:5a:bb:f2 , -81
1729066764037 , c8:a6:08:9a:fe:72 , -77
1729066764037 , c8:a6:08:9a:fe:71 , -77
1729066764037 , c8:a6:08:9a:fe:70 , -77
1729066764037 , d2:c0:bf:4d:f0:d3 , -64
1729066764037 , c8:a6:08:9a:fe:74 , -77
1729066764037 , 84:af:ec:86:f0:70 , -70
1729066764037 , ac:44:f2:8c:e8:a8 , -83
1729066764037 , c8:a6:08:9a:bb:c1 , -64
1729066764037 , c8:a6:08:9a:bb:c2 , -64
1729066764037 , c8:a6:08:9a:bb:c0 , -64
1729066764037 , c8:a6:08:9b:16:02 , -50
1729066764037 , 74:03:bd:ef:8a:10 , -81
1729066764037 , 16:27:f5:e3:50:97 , -89
1729066764037 , c8:a6:08:5b:16:02 , -50
1729066764037 , c8:a6:08:5b:16:04 , -50
1729066764037 , 10:27:f5:e3:50:97 , -89
1729066764037 , c8:a6:08:9b:16:01 , -50
1729066764037 , c8:a6:08:5b:16:01 , -50
1729066764037 , c8:a6:08:9b:16:00 , -50
1729066764037 , c8:a6:08:5b:16:00 , -50
1729066764037 , 80:ea:96:f2:cc:76 , -72
1729066764037 , 80:ea:96:f2:cc:77 , -74
1729066764037 , c8:a6:08:9a:bc:12 , -58
1729066764037 , c8:a6:08:9a:bc:10 , -59
1729066764037 , c8:a6:08:5a:bb:80 , -62
1729066764037 , c8:a6:08:9a:bc:11 , -59
1729066764037 , c8:a6:08:9a:bc:14 , -59
1729066764037 , c8:a6:08:9a:bb:80 , -67
1729066764037 , c8:a6:08:9a:bb:81 , -67
1729066764037 , ac:44:f2:8c:b0:e0 , -77
1729066764037 , c8:a6:08:9a:bb:84 , -67
1729066764037 , 60:84:bd:de:7c:67 , -67
1729066764037 , c8:a6:08:5a:bb:82 , -64
1729066764037 , ac:44:f2:8c:e9:20 , -70
1729066764037 , c8:a6:08:9a:bb:82 , -67
1729066764037 , c8:a6:08:5a:bb:84 , -64
1729066764037 , c0:25:a2:a7:2e:2b , -59
1729066764037 , c0:25:a2:a7:2e:2a , -60
1729066764037 , c8:a6:08:5a:fd:84 , -85
1729066764037 , c8:a6:08:5a:fd:82 , -87
1729066764037 , 60:84:bd:de:7c:60 , -56
1729066764037 , c8:a6:08:9a:b7:01 , -91
1729066764037 , c8:a6:08:9a:b7:02 , -90
1729066764037 , c8:a6:08:5b:15:50 , -76
1729066764037 , c8:a6:08:9a:b7:00 , -90
1729066764037 , c8:a6:08:5b:15:51 , -76
1729066764037 , c0:25:a2:a9:b1:4f , -59
1729066764037 , c8:a6:08:9b:15:51 , -77
1729066764037 , c8:a6:08:9b:15:50 , -77
1729066764037 , c8:a6:08:9b:16:21 , -35
1729066764037 , c8:a6:08:5b:16:21 , -45
1729066764037 , c8:a6:08:5b:15:52 , -76
1729066764037 , c8:a6:08:9b:16:20 , -35
1729066764037 , c8:a6:08:5b:16:20 , -44
1729066764037 , c8:a6:08:9b:15:52 , -77
1729066764037 , c8:a6:08:5b:15:54 , -77
1729066764037 , c8:a6:08:9a:b7:04 , -91
1729066764037 , c8:a6:08:9b:16:22 , -35
1729066764037 , c8:a6:08:5b:16:22 , -45
1729066764037 , c8:a6:08:9b:15:54 , -77
1729066764037 , c0:25:a2:a7:2e:1a , -63
1729066764037 , f8:b7:97:9b:d6:ff , -82
1729066764037 , c8:a6:08:9a:bb:f4 , -77
1729066764037 , f8:b7:97:9b:d6:fe , -79
1729066764037 , c8:a6:08:5a:bb:f4 , -85
1729066764037 , c8:a6:08:9a:bb:f2 , -76
1729066764037 , c8:a6:08:9a:bb:f0 , -76
1729066764037 , c8:a6:08:9a:bb:f1 , -77
1729066764037 , c8:a6:08:5a:bb:f2 , -81
1729066765053 , c8:a6:08:9a:fe:72 , -77
1729066765053 , c8:a6:08:9a:fe:71 , -77
1729066765053 , c8:a6:08:9a:fe:70 , -77
1729066765053 , d2:c0:bf:4d:f0:d3 , -64
1729066765053 , c8:a6:08:9a:fe:74 , -77
1729066765053 , 84:af:ec:86:f0:70 , -70
1729066765053 , ac:44:f2:8c:e8:a8 , -83
1729066765053 , c8:a6:08:9a:bb:c1 , -64
1729066765053 , c8:a6:08:9a:bb:c2 , -64
1729066765053 , c8:a6:08:9a:bb:c0 , -64
1729066765053 , c8:a6:08:9b:16:02 , -50
1729066765053 , 74:03:bd:ef:8a:10 , -81
1729066765053 , 16:27:f5:e3:50:97 , -89
1729066765053 , c8:a6:08:5b:16:02 , -50
1729066765053 , c8:a6:08:5b:16:04 , -50
1729066765053 , 10:27:f5:e3:50:97 , -89
1729066765053 , c8:a6:08:9b:16:01 , -50
1729066765053 , c8:a6:08:5b:16:01 , -50
1729066765053 , c8:a6:08:9b:16:00 , -50
1729066765053 , c8:a6:08:5b:16:00 , -50
1729066765053 , 80:ea:96:f2:cc:76 , -72
1729066765053 , 80:ea:96:f2:cc:77 , -74
1729066765053 , c8:a6:08:9a:bc:12 , -58
1729066765053 , c8:a6:08:9a:bc:10 , -59
1729066765053 , c8:a6:08:5a:bb:80 , -62
1729066765053 , c8:a6:08:9a:bc:11 , -59
1729066765053 , c8:a6:08:9a:bc:14 , -59
1729066765053 , c8:a6:08:9a:bb:80 , -67
1729066765053 , c8:a6:08:9a:bb:81 , -67
1729066765053 , ac:44:f2:8c:b0:e0 , -77
1729066765053 , c8:a6:08:9a:bb:84 , -67
1729066765053 , 60:84:bd:de:7c:67 , -67
1729066765053 , c8:a6:08:5a:bb:82 , -64
1729066765053 , ac:44:f2:8c:e9:20 , -70
1729066765053 , c8:a6:08:9a:bb:82 , -67
1729066765053 , c8:a6:08:5a:bb:84 , -64
1729066765053 , c0:25:a2:a7:2e:2b , -59
1729066765053 , c0:25:a2:a7:2e:2a , -60
1729066765053 , c8:a6:08:5a:fd:84 , -85
1729066765053 , c8:a6:08:5a:fd:82 , -87
1729066765053 , 60:84:bd:de:7c:60 , -56
1729066765053 , c8:a6:08:9a:b7:01 , -91
1729066765053 , c8:a6:08:9a:b7:02 , -90
1729066765053 , c8:a6:08:5b:15:50 , -76
1729066765053 , c8:a6:08:9a:b7:00 , -90
1729066765053 , c8:a6:08:5b:15:51 , -76
1729066765053 , c0:25:a2:a9:b1:4f , -59
1729066765053 , c8:a6:08:9b:15:51 , -77
1729066765053 , c8:a6:08:9b:15:50 , -77
1729066765053 , c8:a6:08:9b:16:21 , -35
1729066765053 , c8:a6:08:5b:16:21 , -45
1729066765053 , c8:a6:08:5b:15:52 , -76
1729066765053 , c8:a6:08:9b:16:20 , -35
1729066765053 , c8:a6:08:5b:16:20 , -44
1729066765053 , c8:a6:08:9b:15:52 , -77
1729066765053 , c8:a6:08:5b:15:54 , -77
1729066765053 , c8:a6:08:9a:b7:04 , -91
1729066765053 , c8:a6:08:9b:16:22 , -35
1729066765053 , c8:a6:08:5b:16:22 , -45
1729066765053 , c8:a6:08:9b:15:54 , -77
1729066765053 , c0:25:a2:a7:2e:1a , -63
1729066765053 , f8:b7:97:9b:d6:ff , -82
1729066765053 , c8:a6:08:9a:bb:f4 , -77
1729066765053 , f8:b7:97:9b:d6:fe , -79
1729066765053 , c8:a6:08:5a:bb:f4 , -85
1729066765053 , c8:a6:08:9a:bb:f2 , -76
1729066765053 , c8:a6:08:9a:bb:f0 , -76
1729066765053 , c8:a6:08:9a:bb:f1 , -77
1729066765053 , c8:a6:08:5a:bb:f2 , -81
1729066766062 , c8:a6:08:9a:fe:72 , -77
1729066766062 , c8:a6:08:9a:fe:71 , -77
1729066766062 , c8:a6:08:9a:fe:70 , -77
1729066766062 , d2:c0:bf:4d:f0:d3 , -64
1729066766062 , c8:a6:08:9a:fe:74 , -77
1729066766062 , 84:af:ec:86:f0:70 , -70
1729066766062 , ac:44:f2:8c:e8:a8 , -83
1729066766062 , c8:a6:08:9a:bb:c1 , -64
1729066766062 , c8:a6:08:9a:bb:c2 , -64
1729066766062 , c8:a6:08:9a:bb:c0 , -64
1729066766062 , c8:a6:08:9b:16:02 , -50
1729066766062 , 74:03:bd:ef:8a:10 , -81
1729066766062 , 16:27:f5:e3:50:97 , -89
1729066766062 , c8:a6:08:5b:16:02 , -50
1729066766062 , c8:a6:08:5b:16:04 , -50
1729066766062 , 10:27:f5:e3:50:97 , -89
1729066766062 , c8:a6:08:9b:16:01 , -50
1729066766062 , c8:a6:08:5b:16:01 , -50
1729066766062 , c8:a6:08:9b:16:00 , -50
1729066766062 , c8:a6:08:5b:16:00 , -50
1729066766062 , 80:ea:96:f2:cc:76 , -72
1729066766062 , 80:ea:96:f2:cc:77 , -74
1729066766062 , c8:a6:08:9a:bc:12 , -58
1729066766062 , c8:a6:08:9a:bc:10 , -59
1729066766062 , c8:a6:08:5a:bb:80 , -62
1729066766062 , c8:a6:08:9a:bc:11 , -59
1729066766062 , c8:a6:08:9a:bc:14 , -59
1729066766062 , c8:a6:08:9a:bb:80 , -67
1729066766062 , c8:a6:08:9a:bb:81 , -67
1729066766062 , ac:44:f2:8c:b0:e0 , -77
1729066766062 , c8:a6:08:9a:bb:84 , -67
1729066766062 , 60:84:bd:de:7c:67 , -67
1729066766062 , c8:a6:08:5a:bb:82 , -64
1729066766062 , ac:44:f2:8c:e9:20 , -70
1729066766062 , c8:a6:08:9a:bb:82 , -67
1729066766062 , c8:a6:08:5a:bb:84 , -64
1729066766062 , c0:25:a2:a7:2e:2b , -59
1729066766062 , c0:25:a2:a7:2e:2a , -60
1729066766062 , c8:a6:08:5a:fd:84 , -85
1729066766062 , c8:a6:08:5a:fd:82 , -87
1729066766062 , 60:84:bd:de:7c:60 , -56
1729066766062 , c8:a6:08:9a:b7:01 , -91
1729066766062 , c8:a6:08:9a:b7:02 , -90
1729066766062 , c8:a6:08:5b:15:50 , -76
1729066766062 , c8:a6:08:9a:b7:00 , -90
1729066766062 , c8:a6:08:5b:15:51 , -76
1729066766062 , c0:25:a2:a9:b1:4f , -59
1729066766062 , c8:a6:08:9b:15:51 , -77
1729066766062 , c8:a6:08:9b:15:50 , -77
1729066766062 , c8:a6:08:9b:16:21 , -35
1729066766062 , c8:a6:08:5b:16:21 , -45
1729066766062 , c8:a6:08:5b:15:52 , -76
1729066766062 , c8:a6:08:9b:16:20 , -35
1729066766062 , c8:a6:08:5b:16:20 , -44
1729066766062 , c8:a6:08:9b:15:52 , -77
1729066766062 , c8:a6:08:5b:15:54 , -77
1729066766062 , c8:a6:08:9a:b7:04 , -91
1729066766062 , c8:a6:08:9b:16:22 , -35
1729066766062 , c8:a6:08:5b:16:22 , -45
1729066766062 , c8:a6:08:9b:15:54 , -77
1729066766062 , c0:25:a2:a7:2e:1a , -63
1729066766062 , f8:b7:97:9b:d6:ff , -82
1729066766062 , c8:a6:08:9a:bb:f4 , -77
1729066766062 , f8:b7:97:9b:d6:fe , -79
1729066766062 , c8:a6:08:5a:bb:f4 , -85
1729066766062 , c8:a6:08:9a:bb:f2 , -76
1729066766062 , c8:a6:08:9a:bb:f0 , -76
1729066766062 , c8:a6:08:9a:bb:f1 , -77
1729066766062 , c8:a6:08:5a:bb:f2 , -81
1729066767085 , c8:a6:08:9a:fe:72 , -77
1729066767085 , c8:a6:08:9a:fe:71 , -77
1729066767085 , c8:a6:08:9a:fe:70 , -77
1729066767085 , d2:c0:bf:4d:f0:d3 , -64
1729066767085 , c8:a6:08:9a:fe:74 , -77
1729066767085 , 84:af:ec:86:f0:70 , -70
1729066767085 , ac:44:f2:8c:e8:a8 , -83
1729066767085 , c8:a6:08:9a:bb:c1 , -64
1729066767085 , c8:a6:08:9a:bb:c2 , -64
1729066767085 , c8:a6:08:9a:bb:c0 , -64
1729066767085 , c8:a6:08:9b:16:02 , -50
1729066767085 , 74:03:bd:ef:8a:10 , -81
1729066767085 , 16:27:f5:e3:50:97 , -89
1729066767085 , c8:a6:08:5b:16:02 , -50
1729066767085 , c8:a6:08:5b:16:04 , -50
1729066767085 , 10:27:f5:e3:50:97 , -89
1729066767085 , c8:a6:08:9b:16:01 , -50
1729066767085 , c8:a6:08:5b:16:01 , -50
1729066767085 , c8:a6:08:9b:16:00 , -50
1729066767085 , c8:a6:08:5b:16:00 , -50
1729066767085 , 80:ea:96:f2:cc:76 , -72
1729066767085 , 80:ea:96:f2:cc:77 , -74
1729066767085 , c8:a6:08:9a:bc:12 , -58
1729066767085 , c8:a6:08:9a:bc:10 , -59
1729066767085 , c8:a6:08:5a:bb:80 , -62
1729066767085 , c8:a6:08:9a:bc:11 , -59
1729066767085 , c8:a6:08:9a:bc:14 , -59
1729066767085 , c8:a6:08:9a:bb:80 , -67
1729066767085 , c8:a6:08:9a:bb:81 , -67
1729066767085 , ac:44:f2:8c:b0:e0 , -77
1729066767085 , c8:a6:08:9a:bb:84 , -67
1729066767085 , 60:84:bd:de:7c:67 , -67
1729066767085 , c8:a6:08:5a:bb:82 , -64
1729066767085 , ac:44:f2:8c:e9:20 , -70
1729066767085 , c8:a6:08:9a:bb:82 , -67
1729066767085 , c8:a6:08:5a:bb:84 , -64
1729066767085 , c0:25:a2:a7:2e:2b , -59
1729066767085 , c0:25:a2:a7:2e:2a , -60
1729066767085 , c8:a6:08:5a:fd:84 , -85
1729066767085 , c8:a6:08:5a:fd:82 , -87
1729066767085 , 60:84:bd:de:7c:60 , -56
1729066767085 , c8:a6:08:9a:b7:01 , -91
1729066767085 , c8:a6:08:9a:b7:02 , -90
1729066767085 , c8:a6:08:5b:15:50 , -76
1729066767085 , c8:a6:08:9a:b7:00 , -90
1729066767085 , c8:a6:08:5b:15:51 , -76
1729066767085 , c0:25:a2:a9:b1:4f , -59
1729066767085 , c8:a6:08:9b:15:51 , -77
1729066767085 , c8:a6:08:9b:15:50 , -77
1729066767085 , c8:a6:08:9b:16:21 , -35
1729066767085 , c8:a6:08:5b:16:21 , -45
1729066767085 , c8:a6:08:5b:15:52 , -76
1729066767085 , c8:a6:08:9b:16:20 , -35
1729066767085 , c8:a6:08:5b:16:20 , -44
1729066767085 , c8:a6:08:9b:15:52 , -77
1729066767085 , c8:a6:08:5b:15:54 , -77
1729066767085 , c8:a6:08:9a:b7:04 , -91
1729066767085 , c8:a6:08:9b:16:22 , -35
1729066767085 , c8:a6:08:5b:16:22 , -45
1729066767085 , c8:a6:08:9b:15:54 , -77
1729066767085 , c0:25:a2:a7:2e:1a , -63
1729066767085 , f8:b7:97:9b:d6:ff , -82
1729066767085 , c8:a6:08:9a:bb:f4 , -77
1729066767085 , f8:b7:97:9b:d6:fe , -79
1729066767085 , c8:a6:08:5a:bb:f4 , -85
1729066767085 , c8:a6:08:9a:bb:f2 , -76
1729066767085 , c8:a6:08:9a:bb:f0 , -76
1729066767085 , c8:a6:08:9a:bb:f1 , -77
1729066767085 , c8:a6:08:5a:bb:f2 , -81
1729066768089 , c8:a6:08:9a:fe:72 , -77
1729066768089 , c8:a6:08:9a:fe:71 , -77
1729066768089 , c8:a6:08:9a:fe:70 , -77
1729066768089 , d2:c0:bf:4d:f0:d3 , -64
1729066768089 , c8:a6:08:9a:fe:74 , -77
1729066768089 , 84:af:ec:86:f0:70 , -70
1729066768089 , ac:44:f2:8c:e8:a8 , -83
1729066768089 , c8:a6:08:9a:bb:c1 , -64
1729066768089 , c8:a6:08:9a:bb:c2 , -64
1729066768089 , c8:a6:08:9a:bb:c0 , -64
1729066768089 , c8:a6:08:9b:16:02 , -50
1729066768089 , 74:03:bd:ef:8a:10 , -81
1729066768089 , 16:27:f5:e3:50:97 , -89
1729066768089 , c8:a6:08:5b:16:02 , -50
1729066768089 , c8:a6:08:5b:16:04 , -50
1729066768089 , 10:27:f5:e3:50:97 , -89
1729066768089 , c8:a6:08:9b:16:01 , -50
1729066768089 , c8:a6:08:5b:16:01 , -50
1729066768089 , c8:a6:08:9b:16:00 , -50
1729066768089 , c8:a6:08:5b:16:00 , -50
1729066768089 , 80:ea:96:f2:cc:76 , -72
1729066768089 , 80:ea:96:f2:cc:77 , -74
1729066768089 , c8:a6:08:9a:bc:12 , -58
1729066768089 , c8:a6:08:9a:bc:10 , -59
1729066768089 , c8:a6:08:5a:bb:80 , -62
1729066768089 , c8:a6:08:9a:bc:11 , -59
1729066768089 , c8:a6:08:9a:bc:14 , -59
1729066768089 , c8:a6:08:9a:bb:80 , -67
1729066768089 , c8:a6:08:9a:bb:81 , -67
1729066768089 , ac:44:f2:8c:b0:e0 , -77
1729066768089 , c8:a6:08:9a:bb:84 , -67
1729066768089 , 60:84:bd:de:7c:67 , -67
1729066768089 , c8:a6:08:5a:bb:82 , -64
1729066768089 , ac:44:f2:8c:e9:20 , -70
1729066768089 , c8:a6:08:9a:bb:82 , -67
1729066768089 , c8:a6:08:5a:bb:84 , -64
1729066768089 , c0:25:a2:a7:2e:2b , -59
1729066768089 , c0:25:a2:a7:2e:2a , -60
1729066768089 , c8:a6:08:5a:fd:84 , -85
1729066768089 , c8:a6:08:5a:fd:82 , -87
1729066768089 , 60:84:bd:de:7c:60 , -56
1729066768089 , c8:a6:08:9a:b7:01 , -91
1729066768089 , c8:a6:08:9a:b7:02 , -90
1729066768089 , c8:a6:08:5b:15:50 , -76
1729066768089 , c8:a6:08:9a:b7:00 , -90
1729066768089 , c8:a6:08:5b:15:51 , -76
1729066768089 , c0:25:a2:a9:b1:4f , -59
1729066768089 , c8:a6:08:9b:15:51 , -77
1729066768089 , c8:a6:08:9b:15:50 , -77
1729066768089 , c8:a6:08:9b:16:21 , -35
1729066768089 , c8:a6:08:5b:16:21 , -45
1729066768089 , c8:a6:08:5b:15:52 , -76
1729066768089 , c8:a6:08:9b:16:20 , -35
1729066768089 , c8:a6:08:5b:16:20 , -44
1729066768089 , c8:a6:08:9b:15:52 , -77
1729066768089 , c8:a6:08:5b:15:54 , -77
1729066768089 , c8:a6:08:9a:b7:04 , -91
1729066768089 , c8:a6:08:9b:16:22 , -35
1729066768089 , c8:a6:08:5b:16:22 , -45
1729066768089 , c8:a6:08:9b:15:54 , -77
1729066768089 , c0:25:a2:a7:2e:1a , -63
1729066768089 , f8:b7:97:9b:d6:ff , -82
1729066768089 , c8:a6:08:9a:bb:f4 , -77
1729066768089 , f8:b7:97:9b:d6:fe , -79
1729066768089 , c8:a6:08:5a:bb:f4 , -85
1729066768089 , c8:a6:08:9a:bb:f2 , -76
1729066768089 , c8:a6:08:9a:bb:f0 , -76
1729066768089 , c8:a6:08:9a:bb:f1 , -77
1729066768089 , c8:a6:08:5a:bb:f2 , -81
1729066769107 , c8:a6:08:9a:fe:72 , -77
1729066769107 , c8:a6:08:9a:fe:71 , -77
1729066769107 , c8:a6:08:9a:fe:70 , -77
1729066769107 , d2:c0:bf:4d:f0:d3 , -64
1729066769107 , c8:a6:08:9a:fe:74 , -77
1729066769107 , 84:af:ec:86:f0:70 , -70
1729066769107 , ac:44:f2:8c:e8:a8 , -83
1729066769107 , c8:a6:08:9a:bb:c1 , -64
1729066769107 , c8:a6:08:9a:bb:c2 , -64
1729066769107 , c8:a6:08:9a:bb:c0 , -64
1729066769107 , c8:a6:08:9b:16:02 , -50
1729066769107 , 74:03:bd:ef:8a:10 , -81
1729066769107 , 16:27:f5:e3:50:97 , -89
1729066769107 , c8:a6:08:5b:16:02 , -50
1729066769107 , c8:a6:08:5b:16:04 , -50
1729066769107 , 10:27:f5:e3:50:97 , -89
1729066769107 , c8:a6:08:9b:16:01 , -50
1729066769107 , c8:a6:08:5b:16:01 , -50
1729066769107 , c8:a6:08:9b:16:00 , -50
1729066769107 , c8:a6:08:5b:16:00 , -50
1729066769107 , 80:ea:96:f2:cc:76 , -72
1729066769107 , 80:ea:96:f2:cc:77 , -74
1729066769107 , c8:a6:08:9a:bc:12 , -58
1729066769107 , c8:a6:08:9a:bc:10 , -59
1729066769107 , c8:a6:08:5a:bb:80 , -62
1729066769107 , c8:a6:08:9a:bc:11 , -59
1729066769107 , c8:a6:08:9a:bc:14 , -59
1729066769107 , c8:a6:08:9a:bb:80 , -67
1729066769107 , c8:a6:08:9a:bb:81 , -67
1729066769107 , ac:44:f2:8c:b0:e0 , -77
1729066769107 , c8:a6:08:9a:bb:84 , -67
1729066769107 , 60:84:bd:de:7c:67 , -67
1729066769107 , c8:a6:08:5a:bb:82 , -64
1729066769107 , ac:44:f2:8c:e9:20 , -70
1729066769107 , c8:a6:08:9a:bb:82 , -67
1729066769107 , c8:a6:08:5a:bb:84 , -64
1729066769107 , c0:25:a2:a7:2e:2b , -59
1729066769107 , c0:25:a2:a7:2e:2a , -60
1729066769107 , c8:a6:08:5a:fd:84 , -85
1729066769107 , c8:a6:08:5a:fd:82 , -87
1729066769107 , 60:84:bd:de:7c:60 , -56
1729066769107 , c8:a6:08:9a:b7:01 , -91
1729066769107 , c8:a6:08:9a:b7:02 , -90
1729066769107 , c8:a6:08:5b:15:50 , -76
1729066769107 , c8:a6:08:9a:b7:00 , -90
1729066769107 , c8:a6:08:5b:15:51 , -76
1729066769107 , c0:25:a2:a9:b1:4f , -59
1729066769107 , c8:a6:08:9b:15:51 , -77
1729066769107 , c8:a6:08:9b:15:50 , -77
1729066769107 , c8:a6:08:9b:16:21 , -35
1729066769107 , c8:a6:08:5b:16:21 , -45
1729066769107 , c8:a6:08:5b:15:52 , -76
1729066769107 , c8:a6:08:9b:16:20 , -35
1729066769107 , c8:a6:08:5b:16:20 , -44
1729066769107 , c8:a6:08:9b:15:52 , -77
1729066769107 , c8:a6:08:5b:15:54 , -77
1729066769107 , c8:a6:08:9a:b7:04 , -91
1729066769107 , c8:a6:08:9b:16:22 , -35
1729066769107 , c8:a6:08:5b:16:22 , -45
1729066769107 , c8:a6:08:9b:15:54 , -77
1729066769107 , c0:25:a2:a7:2e:1a , -63
1729066769107 , f8:b7:97:9b:d6:ff , -82
1729066769107 , c8:a6:08:9a:bb:f4 , -77
1729066769107 , f8:b7:97:9b:d6:fe , -79
1729066769107 , c8:a6:08:5a:bb:f4 , -85
1729066769107 , c8:a6:08:9a:bb:f2 , -76
1729066769107 , c8:a6:08:9a:bb:f0 , -76
1729066769107 , c8:a6:08:9a:bb:f1 , -77
1729066769107 , c8:a6:08:5a:bb:f2 , -81
1729066770129 , c8:a6:08:9a:fe:72 , -77
1729066770129 , c8:a6:08:9a:fe:71 , -77
1729066770129 , c8:a6:08:9a:fe:70 , -77
1729066770129 , d2:c0:bf:4d:f0:d3 , -64
1729066770129 , c8:a6:08:9a:fe:74 , -77
1729066770129 , 84:af:ec:86:f0:70 , -70
1729066770129 , ac:44:f2:8c:e8:a8 , -83
1729066770129 , c8:a6:08:9a:bb:c1 , -64
1729066770129 , c8:a6:08:9a:bb:c2 , -64
1729066770129 , c8:a6:08:9a:bb:c0 , -64
1729066770129 , c8:a6:08:9b:16:02 , -50
1729066770129 , 74:03:bd:ef:8a:10 , -81
1729066770129 , 16:27:f5:e3:50:97 , -89
1729066770129 , c8:a6:08:5b:16:02 , -50
1729066770129 , c8:a6:08:5b:16:04 , -50
1729066770129 , 10:27:f5:e3:50:97 , -89
1729066770129 , c8:a6:08:9b:16:01 , -50
1729066770129 , c8:a6:08:5b:16:01 , -50
1729066770129 , c8:a6:08:9b:16:00 , -50
1729066770129 , c8:a6:08:5b:16:00 , -50
1729066770129 , 80:ea:96:f2:cc:76 , -72
1729066770129 , 80:ea:96:f2:cc:77 , -74
1729066770129 , c8:a6:08:9a:bc:12 , -58
1729066770129 , c8:a6:08:9a:bc:10 , -59
1729066770129 , c8:a6:08:5a:bb:80 , -62
1729066770129 , c8:a6:08:9a:bc:11 , -59
1729066770129 , c8:a6:08:9a:bc:14 , -59
1729066770129 , c8:a6:08:9a:bb:80 , -67
1729066770129 , c8:a6:08:9a:bb:81 , -67
1729066770129 , ac:44:f2:8c:b0:e0 , -77
1729066770129 , c8:a6:08:9a:bb:84 , -67
1729066770129 , 60:84:bd:de:7c:67 , -67
1729066770129 , c8:a6:08:5a:bb:82 , -64
1729066770129 , ac:44:f2:8c:e9:20 , -70
1729066770129 , c8:a6:08:9a:bb:82 , -67
1729066770129 , c8:a6:08:5a:bb:84 , -64
1729066770129 , c0:25:a2:a7:2e:2b , -59
1729066770129 , c0:25:a2:a7:2e:2a , -60
1729066770129 , c8:a6:08:5a:fd:84 , -85
1729066770129 , c8:a6:08:5a:fd:82 , -87
1729066770129 , 60:84:bd:de:7c:60 , -56
1729066770129 , c8:a6:08:9a:b7:01 , -91
1729066770129 , c8:a6:08:9a:b7:02 , -90
1729066770129 , c8:a6:08:5b:15:50 , -76
1729066770129 , c8:a6:08:9a:b7:00 , -90
1729066770129 , c8:a6:08:5b:15:51 , -76
1729066770129 , c0:25:a2:a9:b1:4f , -59
1729066770129 , c8:a6:08:9b:15:51 , -77
1729066770129 , c8:a6:08:9b:15:50 , -77
1729066770129 , c8:a6:08:9b:16:21 , -35
1729066770129 , c8:a6:08:5b:16:21 , -45
1729066770129 , c8:a6:08:5b:15:52 , -76
1729066770129 , c8:a6:08:9b:16:20 , -35
1729066770129 , c8:a6:08:5b:16:20 , -44
1729066770129 , c8:a6:08:9b:15:52 , -77
1729066770129 , c8:a6:08:5b:15:54 , -77
1729066770129 , c8:a6:08:9a:b7:04 , -91
1729066770129 , c8:a6:08:9b:16:22 , -35
1729066770129 , c8:a6:08:5b:16:22 , -45
1729066770129 , c8:a6:08:9b:15:54 , -77
1729066770129 , c0:25:a2:a7:2e:1a , -63
1729066770129 , f8:b7:97:9b:d6:ff , -82
1729066770129 , c8:a6:08:9a:bb:f4 , -77
1729066770129 , f8:b7:97:9b:d6:fe , -79
1729066770129 , c8:a6:08:5a:bb:f4 , -85
1729066770129 , c8:a6:08:9a:bb:f2 , -76
1729066770129 , c8:a6:08:9a:bb:f0 , -76
1729066770129 , c8:a6:08:9a:bb:f1 , -77
1729066770129 , c8:a6:08:5a:bb:f2 , -81
1729066771133 , c8:a6:08:9a:fe:72 , -77
1729066771133 , c8:a6:08:9a:fe:71 , -77
1729066771133 , c8:a6:08:9a:fe:70 , -77
1729066771133 , d2:c0:bf:4d:f0:d3 , -64
1729066771133 , c8:a6:08:9a:fe:74 , -77
1729066771133 , 84:af:ec:86:f0:70 , -70
1729066771133 , ac:44:f2:8c:e8:a8 , -83
1729066771133 , c8:a6:08:9a:bb:c1 , -64
1729066771133 , c8:a6:08:9a:bb:c2 , -64
1729066771133 , c8:a6:08:9a:bb:c0 , -64
1729066771133 , c8:a6:08:9b:16:02 , -50
1729066771133 , 74:03:bd:ef:8a:10 , -81
1729066771133 , 16:27:f5:e3:50:97 , -89
1729066771133 , c8:a6:08:5b:16:02 , -50
1729066771133 , c8:a6:08:5b:16:04 , -50
1729066771133 , 10:27:f5:e3:50:97 , -89
1729066771133 , c8:a6:08:9b:16:01 , -50
1729066771133 , c8:a6:08:5b:16:01 , -50
1729066771133 , c8:a6:08:9b:16:00 , -50
1729066771133 , c8:a6:08:5b:16:00 , -50
1729066771133 , 80:ea:96:f2:cc:76 , -72
1729066771133 , 80:ea:96:f2:cc:77 , -74
1729066771133 , c8:a6:08:9a:bc:12 , -58
1729066771133 , c8:a6:08:9a:bc:10 , -59
1729066771133 , c8:a6:08:5a:bb:80 , -62
1729066771133 , c8:a6:08:9a:bc:11 , -59
1729066771133 , c8:a6:08:9a:bc:14 , -59
1729066771133 , c8:a6:08:9a:bb:80 , -67
1729066771133 , c8:a6:08:9a:bb:81 , -67
1729066771133 , ac:44:f2:8c:b0:e0 , -77
1729066771133 , c8:a6:08:9a:bb:84 , -67
1729066771133 , 60:84:bd:de:7c:67 , -67
1729066771133 , c8:a6:08:5a:bb:82 , -64
1729066771133 , ac:44:f2:8c:e9:20 , -70
1729066771133 , c8:a6:08:9a:bb:82 , -67
1729066771133 , c8:a6:08:5a:bb:84 , -64
1729066771133 , c0:25:a2:a7:2e:2b , -59
1729066771133 , c0:25:a2:a7:2e:2a , -60
1729066771133 , c8:a6:08:5a:fd:84 , -85
1729066771133 , c8:a6:08:5a:fd:82 , -87
1729066771133 , 60:84:bd:de:7c:60 , -56
1729066771133 , c8:a6:08:9a:b7:01 , -91
1729066771133 , c8:a6:08:9a:b7:02 , -90
1729066771133 , c8:a6:08:5b:15:50 , -76
1729066771133 , c8:a6:08:9a:b7:00 , -90
1729066771133 , c8:a6:08:5b:15:51 , -76
1729066771133 , c0:25:a2:a9:b1:4f , -59
1729066771133 , c8:a6:08:9b:15:51 , -77
1729066771133 , c8:a6:08:9b:15:50 , -77
1729066771133 , c8:a6:08:9b:16:21 , -35
1729066771133 , c8:a6:08:5b:16:21 , -45
1729066771133 , c8:a6:08:5b:15:52 , -76
1729066771133 , c8:a6:08:9b:16:20 , -35
1729066771133 , c8:a6:08:5b:16:20 , -44
1729066771133 , c8:a6:08:9b:15:52 , -77
1729066771133 , c8:a6:08:5b:15:54 , -77
1729066771133 , c8:a6:08:9a:b7:04 , -91
1729066771133 , c8:a6:08:9b:16:22 , -35
1729066771133 , c8:a6:08:5b:16:22 , -45
1729066771133 , c8:a6:08:9b:15:54 , -77
1729066771133 , c0:25:a2:a7:2e:1a , -63
1729066771133 , f8:b7:97:9b:d6:ff , -82
1729066771133 , c8:a6:08:9a:bb:f4 , -77
1729066771133 , f8:b7:97:9b:d6:fe , -79
1729066771133 , c8:a6:08:5a:bb:f4 , -85
1729066771133 , c8:a6:08:9a:bb:f2 , -76
1729066771133 , c8:a6:08:9a:bb:f0 , -76
1729066771133 , c8:a6:08:9a:bb:f1 , -77
1729066771133 , c8:a6:08:5a:bb:f2 , -81
1729066772146 , c8:a6:08:9a:fe:72 , -77
1729066772146 , c8:a6:08:9a:fe:71 , -77
1729066772146 , c8:a6:08:9a:fe:70 , -77
1729066772146 , d2:c0:bf:4d:f0:d3 , -64
1729066772146 , c8:a6:08:9a:fe:74 , -77
1729066772146 , 84:af:ec:86:f0:70 , -70
1729066772146 , ac:44:f2:8c:e8:a8 , -83
1729066772146 , c8:a6:08:9a:bb:c1 , -64
1729066772146 , c8:a6:08:9a:bb:c2 , -64
1729066772146 , c8:a6:08:9a:bb:c0 , -64
1729066772146 , c8:a6:08:9b:16:02 , -50
1729066772146 , 74:03:bd:ef:8a:10 , -81
1729066772146 , 16:27:f5:e3:50:97 , -89
1729066772146 , c8:a6:08:5b:16:02 , -50
1729066772146 , c8:a6:08:5b:16:04 , -50
1729066772146 , 10:27:f5:e3:50:97 , -89
1729066772146 , c8:a6:08:9b:16:01 , -50
1729066772146 , c8:a6:08:5b:16:01 , -50
1729066772146 , c8:a6:08:9b:16:00 , -50
1729066772146 , c8:a6:08:5b:16:00 , -50
1729066772146 , 80:ea:96:f2:cc:76 , -72
1729066772146 , 80:ea:96:f2:cc:77 , -74
1729066772146 , c8:a6:08:9a:bc:12 , -58
1729066772146 , c8:a6:08:9a:bc:10 , -59
1729066772146 , c8:a6:08:5a:bb:80 , -62
1729066772146 , c8:a6:08:9a:bc:11 , -59
1729066772146 , c8:a6:08:9a:bc:14 , -59
1729066772146 , c8:a6:08:9a:bb:80 , -67
1729066772146 , c8:a6:08:9a:bb:81 , -67
1729066772146 , ac:44:f2:8c:b0:e0 , -77
1729066772146 , c8:a6:08:9a:bb:84 , -67
1729066772146 , 60:84:bd:de:7c:67 , -67
1729066772146 , c8:a6:08:5a:bb:82 , -64
1729066772146 , ac:44:f2:8c:e9:20 , -70
1729066772146 , c8:a6:08:9a:bb:82 , -67
1729066772146 , c8:a6:08:5a:bb:84 , -64
1729066772146 , c0:25:a2:a7:2e:2b , -59
1729066772146 , c0:25:a2:a7:2e:2a , -60
1729066772146 , c8:a6:08:5a:fd:84 , -85
1729066772146 , c8:a6:08:5a:fd:82 , -87
1729066772146 , 60:84:bd:de:7c:60 , -56
1729066772146 , c8:a6:08:9a:b7:01 , -91
1729066772146 , c8:a6:08:9a:b7:02 , -90
1729066772146 , c8:a6:08:5b:15:50 , -76
1729066772146 , c8:a6:08:9a:b7:00 , -90
1729066772146 , c8:a6:08:5b:15:51 , -76
1729066772146 , c0:25:a2:a9:b1:4f , -59
1729066772146 , c8:a6:08:9b:15:51 , -77
1729066772146 , c8:a6:08:9b:15:50 , -77
1729066772146 , c8:a6:08:9b:16:21 , -35
1729066772146 , c8:a6:08:5b:16:21 , -45
1729066772146 , c8:a6:08:5b:15:52 , -76
1729066772146 , c8:a6:08:9b:16:20 , -35
1729066772146 , c8:a6:08:5b:16:20 , -44
1729066772146 , c8:a6:08:9b:15:52 , -77
1729066772146 , c8:a6:08:5b:15:54 , -77
1729066772146 , c8:a6:08:9a:b7:04 , -91
1729066772146 , c8:a6:08:9b:16:22 , -35
1729066772146 , c8:a6:08:5b:16:22 , -45
1729066772146 , c8:a6:08:9b:15:54 , -77
1729066772146 , c0:25:a2:a7:2e:1a , -63
1729066772146 , f8:b7:97:9b:d6:ff , -82
1729066772146 , c8:a6:08:9a:bb:f4 , -77
1729066772146 , f8:b7:97:9b:d6:fe , -79
1729066772146 , c8:a6:08:5a:bb:f4 , -85
1729066772146 , c8:a6:08:9a:bb:f2 , -76
1729066772146 , c8:a6:08:9a:bb:f0 , -76
1729066772146 , c8:a6:08:9a:bb:f1 , -77
1729066772146 , c8:a6:08:5a:bb:f2 , -81
1729066773162 , c8:a6:08:9a:fe:72 , -77
1729066773162 , c8:a6:08:9a:fe:71 , -77
1729066773162 , c8:a6:08:9a:fe:70 , -77
1729066773162 , d2:c0:bf:4d:f0:d3 , -64
1729066773162 , c8:a6:08:9a:fe:74 , -77
1729066773162 , 84:af:ec:86:f0:70 , -70
1729066773162 , ac:44:f2:8c:e8:a8 , -83
1729066773162 , c8:a6:08:9a:bb:c1 , -64
1729066773162 , c8:a6:08:9a:bb:c2 , -64
1729066773162 , c8:a6:08:9a:bb:c0 , -64
1729066773162 , c8:a6:08:9b:16:02 , -50
1729066773162 , 74:03:bd:ef:8a:10 , -81
1729066773162 , 16:27:f5:e3:50:97 , -89
1729066773162 , c8:a6:08:5b:16:02 , -50
1729066773162 , c8:a6:08:5b:16:04 , -50
1729066773162 , 10:27:f5:e3:50:97 , -89
1729066773162 , c8:a6:08:9b:16:01 , -50
1729066773162 , c8:a6:08:5b:16:01 , -50
1729066773162 , c8:a6:08:9b:16:00 , -50
1729066773162 , c8:a6:08:5b:16:00 , -50
1729066773162 , 80:ea:96:f2:cc:76 , -72
1729066773162 , 80:ea:96:f2:cc:77 , -74
1729066773162 , c8:a6:08:9a:bc:12 , -58
1729066773162 , c8:a6:08:9a:bc:10 , -59
1729066773162 , c8:a6:08:5a:bb:80 , -62
1729066773162 , c8:a6:08:9a:bc:11 , -59
1729066773162 , c8:a6:08:9a:bc:14 , -59
1729066773162 , c8:a6:08:9a:bb:80 , -67
1729066773162 , c8:a6:08:9a:bb:81 , -67
1729066773162 , ac:44:f2:8c:b0:e0 , -77
1729066773162 , c8:a6:08:9a:bb:84 , -67
1729066773162 , 60:84:bd:de:7c:67 , -67
1729066773162 , c8:a6:08:5a:bb:82 , -64
1729066773162 , ac:44:f2:8c:e9:20 , -70
1729066773162 , c8:a6:08:9a:bb:82 , -67
1729066773162 , c8:a6:08:5a:bb:84 , -64
1729066773162 , c0:25:a2:a7:2e:2b , -59
1729066773162 , c0:25:a2:a7:2e:2a , -60
1729066773162 , c8:a6:08:5a:fd:84 , -85
1729066773162 , c8:a6:08:5a:fd:82 , -87
1729066773162 , 60:84:bd:de:7c:60 , -56
1729066773162 , c8:a6:08:9a:b7:01 , -91
1729066773162 , c8:a6:08:9a:b7:02 , -90
1729066773162 , c8:a6:08:5b:15:50 , -76
1729066773162 , c8:a6:08:9a:b7:00 , -90
1729066773162 , c8:a6:08:5b:15:51 , -76
1729066773162 , c0:25:a2:a9:b1:4f , -59
1729066773162 , c8:a6:08:9b:15:51 , -77
1729066773162 , c8:a6:08:9b:15:50 , -77
1729066773162 , c8:a6:08:9b:16:21 , -35
1729066773162 , c8:a6:08:5b:16:21 , -45
1729066773162 , c8:a6:08:5b:15:52 , -76
1729066773162 , c8:a6:08:9b:16:20 , -35
1729066773162 , c8:a6:08:5b:16:20 , -44
1729066773162 , c8:a6:08:9b:15:52 , -77
1729066773162 , c8:a6:08:5b:15:54 , -77
1729066773162 , c8:a6:08:9a:b7:04 , -91
1729066773162 , c8:a6:08:9b:16:22 , -35
1729066773162 , c8:a6:08:5b:16:22 , -45
1729066773162 , c8:a6:08:9b:15:54 , -77
1729066773162 , c0:25:a2:a7:2e:1a , -63
1729066773162 , f8:b7:97:9b:d6:ff , -82
1729066773162 , c8:a6:08:9a:bb:f4 , -77
1729066773162 , f8:b7:97:9b:d6:fe , -79
1729066773162 , c8:a6:08:5a:bb:f4 , -85
1729066773162 , c8:a6:08:9a:bb:f2 , -76
1729066773162 , c8:a6:08:9a:bb:f0 , -76
1729066773162 , c8:a6:08:9a:bb:f1 , -77
1729066773162 , c8:a6:08:5a:bb:f2 , -81
1729066774179 , c8:a6:08:9a:fe:72 , -77
1729066774179 , c8:a6:08:9a:fe:71 , -77
1729066774179 , c8:a6:08:9a:fe:70 , -77
1729066774179 , d2:c0:bf:4d:f0:d3 , -64
1729066774179 , c8:a6:08:9a:fe:74 , -77
1729066774179 , 84:af:ec:86:f0:70 , -70
1729066774179 , ac:44:f2:8c:e8:a8 , -83
1729066774179 , c8:a6:08:9a:bb:c1 , -64
1729066774179 , c8:a6:08:9a:bb:c2 , -64
1729066774179 , c8:a6:08:9a:bb:c0 , -64
1729066774179 , c8:a6:08:9b:16:02 , -50
1729066774179 , 74:03:bd:ef:8a:10 , -81
1729066774179 , 16:27:f5:e3:50:97 , -89
1729066774179 , c8:a6:08:5b:16:02 , -50
1729066774179 , c8:a6:08:5b:16:04 , -50
1729066774179 , 10:27:f5:e3:50:97 , -89
1729066774179 , c8:a6:08:9b:16:01 , -50
1729066774179 , c8:a6:08:5b:16:01 , -50
1729066774179 , c8:a6:08:9b:16:00 , -50
1729066774179 , c8:a6:08:5b:16:00 , -50
1729066774179 , 80:ea:96:f2:cc:76 , -72
1729066774179 , 80:ea:96:f2:cc:77 , -74
1729066774179 , c8:a6:08:9a:bc:12 , -58
1729066774179 , c8:a6:08:9a:bc:10 , -59
1729066774179 , c8:a6:08:5a:bb:80 , -62
1729066774179 , c8:a6:08:9a:bc:11 , -59
1729066774179 , c8:a6:08:9a:bc:14 , -59
1729066774179 , c8:a6:08:9a:bb:80 , -67
1729066774179 , c8:a6:08:9a:bb:81 , -67
1729066774179 , ac:44:f2:8c:b0:e0 , -77
1729066774179 , c8:a6:08:9a:bb:84 , -67
1729066774179 , 60:84:bd:de:7c:67 , -67
1729066774179 , c8:a6:08:5a:bb:82 , -64
1729066774179 , ac:44:f2:8c:e9:20 , -70
1729066774179 , c8:a6:08:9a:bb:82 , -67
1729066774179 , c8:a6:08:5a:bb:84 , -64
1729066774179 , c0:25:a2:a7:2e:2b , -59
1729066774179 , c0:25:a2:a7:2e:2a , -60
1729066774179 , c8:a6:08:5a:fd:84 , -85
1729066774179 , c8:a6:08:5a:fd:82 , -87
1729066774179 , 60:84:bd:de:7c:60 , -56
1729066774179 , c8:a6:08:9a:b7:01 , -91
1729066774179 , c8:a6:08:9a:b7:02 , -90
1729066774179 , c8:a6:08:5b:15:50 , -76
1729066774179 , c8:a6:08:9a:b7:00 , -90
1729066774179 , c8:a6:08:5b:15:51 , -76
1729066774179 , c0:25:a2:a9:b1:4f , -59
1729066774179 , c8:a6:08:9b:15:51 , -77
1729066774179 , c8:a6:08:9b:15:50 , -77
1729066774179 , c8:a6:08:9b:16:21 , -35
1729066774179 , c8:a6:08:5b:16:21 , -45
1729066774179 , c8:a6:08:5b:15:52 , -76
1729066774179 , c8:a6:08:9b:16:20 , -35
1729066774179 , c8:a6:08:5b:16:20 , -44
1729066774179 , c8:a6:08:9b:15:52 , -77
1729066774179 , c8:a6:08:5b:15:54 , -77
1729066774179 , c8:a6:08:9a:b7:04 , -91
1729066774179 , c8:a6:08:9b:16:22 , -35
1729066774179 , c8:a6:08:5b:16:22 , -45
1729066774179 , c8:a6:08:9b:15:54 , -77
1729066774179 , c0:25:a2:a7:2e:1a , -63
1729066774179 , f8:b7:97:9b:d6:ff , -82
1729066774179 , c8:a6:08:9a:bb:f4 , -77
1729066774179 , f8:b7:97:9b:d6:fe , -79
1729066774179 , c8:a6:08:5a:bb:f4 , -85
1729066774179 , c8:a6:08:9a:bb:f2 , -76
1729066774179 , c8:a6:08:9a:bb:f0 , -76
1729066774179 , c8:a6:08:9a:bb:f1 , -77
1729066774179 , c8:a6:08:5a:bb:f2 , -81
