1737085844438 , 74:03:bd:ef:8a:00 , -66
1737085844438 , c8:a6:08:9a:fe:71 , -72
1737085844438 , c8:a6:08:9a:fe:70 , -72
1737085844438 , c8:a6:08:9a:fe:74 , -72
1737085844438 , 84:af:ec:86:f0:70 , -74
1737085844438 , ac:44:f2:8c:e8:a8 , -81
1737085844438 , c8:a6:08:9a:bb:c4 , -71
1737085844438 , c8:a6:08:9a:bb:c1 , -70
1737085844438 , c8:a6:08:5a:fe:70 , -72
1737085844438 , c8:a6:08:5a:bb:c1 , -68
1737085844438 , c8:a6:08:5a:bb:c4 , -69
1737085844438 , c8:a6:08:9a:bb:c0 , -70
1737085844438 , c8:a6:08:5a:bb:c0 , -69
1737085844438 , c8:a6:08:9b:16:04 , -48
1737085844438 , 74:03:bd:ef:8a:10 , -83
1737085844438 , c8:a6:08:5b:16:04 , -49
1737085844438 , c8:a6:08:5b:16:01 , -48
1737085844438 , c8:a6:08:9b:16:01 , -48
1737085844438 , c8:a6:08:5b:16:00 , -48
1737085844438 , c8:a6:08:9b:16:00 , -48
1737085844438 , c8:a6:08:5a:ac:81 , -90
1737085844438 , c8:a6:08:5a:ac:80 , -93
1737085844438 , 3c:64:cf:5c:de:09 , -80
1737085844438 , c8:a6:08:5a:bb:81 , -67
1737085844438 , c8:a6:08:9a:bc:10 , -56
1737085844438 , c8:a6:08:5a:bb:80 , -61
1737085844438 , c8:a6:08:9a:bc:11 , -56
1737085844438 , c8:a6:08:9a:bc:14 , -59
1737085844438 , c8:a6:08:9a:bb:80 , -61
1737085844438 , c8:a6:08:5a:bc:11 , -60
1737085844438 , c8:a6:08:9a:bb:81 , -61
1737085844438 , c8:a6:08:5a:bc:10 , -59
1737085844438 , ac:44:f2:8c:b0:e0 , -75
1737085844438 , c8:a6:08:9a:bb:84 , -63
1737085844438 , 60:84:bd:de:7c:67 , -61
1737085844438 , ac:44:f2:8c:e9:20 , -66
1737085844438 , c8:a6:08:5a:bb:84 , -67
1737085844438 , c0:25:a2:a7:2e:2b , -69
1737085844438 , c0:25:a2:a7:2e:2a , -62
1737085844438 , 60:84:bd:de:7c:60 , -60
1737085844438 , c8:a6:08:9a:b7:01 , -93
1737085844438 , c8:a6:08:9b:16:24 , -42
1737085844438 , c8:a6:08:5b:15:51 , -70
1737085844438 , c8:a6:08:9a:b7:00 , -93
1737085844438 , c0:25:a2:a7:2e:27 , -68
1737085844438 , c0:25:a2:a7:2e:26 , -61
1737085844438 , c0:25:a2:a9:b1:4f , -63
1737085844438 , c8:a6:08:5b:16:24 , -41
1737085844438 , c8:a6:08:9b:15:51 , -79
1737085844438 , c8:a6:08:9b:15:50 , -79
1737085844438 , 84:af:ec:86:f0:60 , -63
1737085844438 , c8:a6:08:9b:16:21 , -42
1737085844438 , c8:a6:08:5b:16:21 , -41
1737085844438 , c8:a6:08:9b:16:20 , -42
1737085844438 , c8:a6:08:5b:16:20 , -42
1737085844438 , c8:a6:08:5b:15:54 , -71
1737085844438 , c8:a6:08:9b:15:54 , -79
1737085844438 , f8:b7:97:9b:d6:ff , -86
1737085844438 , f8:b7:97:9b:d6:fe , -75
1737085844438 , c8:a6:08:5a:bb:f4 , -73
1737085844438 , c8:a6:08:5a:bb:f0 , -81
1737085844438 , c8:a6:08:9a:bb:f0 , -77
1737085844438 , c8:a6:08:9a:bb:f1 , -85
1737085845411 , 74:03:bd:ef:8a:00 , -66
1737085845411 , c8:a6:08:9a:fe:71 , -72
1737085845411 , c8:a6:08:9a:fe:70 , -72
1737085845411 , c8:a6:08:9a:fe:74 , -72
1737085845411 , 84:af:ec:86:f0:70 , -74
1737085845411 , ac:44:f2:8c:e8:a8 , -81
1737085845411 , c8:a6:08:9a:bb:c4 , -71
1737085845411 , c8:a6:08:9a:bb:c1 , -70
1737085845411 , c8:a6:08:5a:fe:70 , -72
1737085845411 , c8:a6:08:5a:bb:c1 , -68
1737085845411 , c8:a6:08:5a:bb:c4 , -69
1737085845411 , c8:a6:08:9a:bb:c0 , -70
1737085845411 , c8:a6:08:5a:bb:c0 , -69
1737085845411 , c8:a6:08:9b:16:04 , -48
1737085845411 , 74:03:bd:ef:8a:10 , -83
1737085845411 , c8:a6:08:5b:16:04 , -49
1737085845411 , c8:a6:08:5b:16:01 , -48
1737085845411 , c8:a6:08:9b:16:01 , -48
1737085845411 , c8:a6:08:5b:16:00 , -48
1737085845411 , c8:a6:08:9b:16:00 , -48
1737085845411 , c8:a6:08:5a:ac:81 , -90
1737085845411 , c8:a6:08:5a:ac:80 , -93
1737085845411 , 3c:64:cf:5c:de:09 , -80
1737085845411 , c8:a6:08:5a:bb:81 , -67
1737085845411 , c8:a6:08:9a:bc:10 , -56
1737085845411 , c8:a6:08:5a:bb:80 , -61
1737085845411 , c8:a6:08:9a:bc:11 , -56
1737085845411 , c8:a6:08:9a:bc:14 , -59
1737085845411 , c8:a6:08:9a:bb:80 , -61
1737085845411 , c8:a6:08:5a:bc:11 , -60
1737085845411 , c8:a6:08:9a:bb:81 , -61
1737085845411 , c8:a6:08:5a:bc:10 , -59
1737085845411 , ac:44:f2:8c:b0:e0 , -75
1737085845411 , c8:a6:08:9a:bb:84 , -63
1737085845411 , 60:84:bd:de:7c:67 , -61
1737085845411 , ac:44:f2:8c:e9:20 , -66
1737085845411 , c8:a6:08:5a:bb:84 , -67
1737085845411 , c0:25:a2:a7:2e:2b , -69
1737085845411 , c0:25:a2:a7:2e:2a , -62
1737085845411 , 60:84:bd:de:7c:60 , -60
1737085845411 , c8:a6:08:9a:b7:01 , -93
1737085845411 , c8:a6:08:9b:16:24 , -42
1737085845411 , c8:a6:08:5b:15:51 , -70
1737085845411 , c8:a6:08:9a:b7:00 , -93
1737085845411 , c0:25:a2:a7:2e:27 , -68
1737085845411 , c0:25:a2:a7:2e:26 , -61
1737085845411 , c0:25:a2:a9:b1:4f , -63
1737085845411 , c8:a6:08:5b:16:24 , -41
1737085845411 , c8:a6:08:9b:15:51 , -79
1737085845411 , c8:a6:08:9b:15:50 , -79
1737085845411 , 84:af:ec:86:f0:60 , -63
1737085845411 , c8:a6:08:9b:16:21 , -42
1737085845411 , c8:a6:08:5b:16:21 , -41
1737085845411 , c8:a6:08:9b:16:20 , -42
1737085845411 , c8:a6:08:5b:16:20 , -42
1737085845411 , c8:a6:08:5b:15:54 , -71
1737085845411 , c8:a6:08:9b:15:54 , -79
1737085845411 , f8:b7:97:9b:d6:ff , -86
1737085845411 , f8:b7:97:9b:d6:fe , -75
1737085845411 , c8:a6:08:5a:bb:f4 , -73
1737085845411 , c8:a6:08:5a:bb:f0 , -81
1737085845411 , c8:a6:08:9a:bb:f0 , -77
1737085845411 , c8:a6:08:9a:bb:f1 , -85
1737085846419 , 74:03:bd:ef:8a:00 , -66
1737085846419 , c8:a6:08:9a:fe:71 , -72
1737085846419 , c8:a6:08:9a:fe:70 , -72
1737085846419 , c8:a6:08:9a:fe:74 , -72
1737085846419 , 84:af:ec:86:f0:70 , -74
1737085846419 , ac:44:f2:8c:e8:a8 , -81
1737085846419 , c8:a6:08:9a:bb:c4 , -71
1737085846419 , c8:a6:08:9a:bb:c1 , -70
1737085846419 , c8:a6:08:5a:fe:70 , -72
1737085846419 , c8:a6:08:5a:bb:c1 , -68
1737085846419 , c8:a6:08:5a:bb:c4 , -69
1737085846419 , c8:a6:08:9a:bb:c0 , -70
1737085846419 , c8:a6:08:5a:bb:c0 , -69
1737085846419 , c8:a6:08:9b:16:04 , -48
1737085846419 , 74:03:bd:ef:8a:10 , -83
1737085846419 , c8:a6:08:5b:16:04 , -49
1737085846419 , c8:a6:08:5b:16:01 , -48
1737085846419 , c8:a6:08:9b:16:01 , -48
1737085846419 , c8:a6:08:5b:16:00 , -48
1737085846419 , c8:a6:08:9b:16:00 , -48
1737085846419 , c8:a6:08:5a:ac:81 , -90
1737085846419 , c8:a6:08:5a:ac:80 , -93
1737085846419 , 3c:64:cf:5c:de:09 , -80
1737085846419 , c8:a6:08:5a:bb:81 , -67
1737085846419 , c8:a6:08:9a:bc:10 , -56
1737085846419 , c8:a6:08:5a:bb:80 , -61
1737085846419 , c8:a6:08:9a:bc:11 , -56
1737085846419 , c8:a6:08:9a:bc:14 , -59
1737085846419 , c8:a6:08:9a:bb:80 , -61
1737085846419 , c8:a6:08:5a:bc:11 , -60
1737085846419 , c8:a6:08:9a:bb:81 , -61
1737085846419 , c8:a6:08:5a:bc:10 , -59
1737085846419 , ac:44:f2:8c:b0:e0 , -75
1737085846419 , c8:a6:08:9a:bb:84 , -63
1737085846419 , 60:84:bd:de:7c:67 , -61
1737085846419 , ac:44:f2:8c:e9:20 , -66
1737085846419 , c8:a6:08:5a:bb:84 , -67
1737085846419 , c0:25:a2:a7:2e:2b , -69
1737085846419 , c0:25:a2:a7:2e:2a , -62
1737085846419 , 60:84:bd:de:7c:60 , -60
1737085846419 , c8:a6:08:9a:b7:01 , -93
1737085846419 , c8:a6:08:9b:16:24 , -42
1737085846419 , c8:a6:08:5b:15:51 , -70
1737085846419 , c8:a6:08:9a:b7:00 , -93
1737085846419 , c0:25:a2:a7:2e:27 , -68
1737085846419 , c0:25:a2:a7:2e:26 , -61
1737085846419 , c0:25:a2:a9:b1:4f , -63
1737085846419 , c8:a6:08:5b:16:24 , -41
1737085846419 , c8:a6:08:9b:15:51 , -79
1737085846419 , c8:a6:08:9b:15:50 , -79
1737085846419 , 84:af:ec:86:f0:60 , -63
1737085846419 , c8:a6:08:9b:16:21 , -42
1737085846419 , c8:a6:08:5b:16:21 , -41
1737085846419 , c8:a6:08:9b:16:20 , -42
1737085846419 , c8:a6:08:5b:16:20 , -42
1737085846419 , c8:a6:08:5b:15:54 , -71
1737085846419 , c8:a6:08:9b:15:54 , -79
1737085846419 , f8:b7:97:9b:d6:ff , -86
1737085846419 , f8:b7:97:9b:d6:fe , -75
1737085846419 , c8:a6:08:5a:bb:f4 , -73
1737085846419 , c8:a6:08:5a:bb:f0 , -81
1737085846419 , c8:a6:08:9a:bb:f0 , -77
1737085846419 , c8:a6:08:9a:bb:f1 , -85
1737085847443 , 74:03:bd:ef:8a:00 , -66
1737085847443 , c8:a6:08:9a:fe:71 , -72
1737085847443 , c8:a6:08:9a:fe:70 , -72
1737085847443 , c8:a6:08:9a:fe:74 , -72
1737085847443 , 84:af:ec:86:f0:70 , -74
1737085847443 , ac:44:f2:8c:e8:a8 , -81
1737085847443 , c8:a6:08:9a:bb:c4 , -71
1737085847443 , c8:a6:08:9a:bb:c1 , -70
1737085847443 , c8:a6:08:5a:fe:70 , -72
1737085847443 , c8:a6:08:5a:bb:c1 , -68
1737085847443 , c8:a6:08:5a:bb:c4 , -69
1737085847443 , c8:a6:08:9a:bb:c0 , -70
1737085847443 , c8:a6:08:5a:bb:c0 , -69
1737085847443 , c8:a6:08:9b:16:04 , -48
1737085847443 , 74:03:bd:ef:8a:10 , -83
1737085847443 , c8:a6:08:5b:16:04 , -49
1737085847443 , c8:a6:08:5b:16:01 , -48
1737085847443 , c8:a6:08:9b:16:01 , -48
1737085847443 , c8:a6:08:5b:16:00 , -48
1737085847443 , c8:a6:08:9b:16:00 , -48
1737085847443 , c8:a6:08:5a:ac:81 , -90
1737085847443 , c8:a6:08:5a:ac:80 , -93
1737085847443 , 3c:64:cf:5c:de:09 , -80
1737085847443 , c8:a6:08:5a:bb:81 , -67
1737085847443 , c8:a6:08:9a:bc:10 , -56
1737085847443 , c8:a6:08:5a:bb:80 , -61
1737085847443 , c8:a6:08:9a:bc:11 , -56
1737085847443 , c8:a6:08:9a:bc:14 , -59
1737085847443 , c8:a6:08:9a:bb:80 , -61
1737085847443 , c8:a6:08:5a:bc:11 , -60
1737085847443 , c8:a6:08:9a:bb:81 , -61
1737085847443 , c8:a6:08:5a:bc:10 , -59
1737085847443 , ac:44:f2:8c:b0:e0 , -75
1737085847443 , c8:a6:08:9a:bb:84 , -63
1737085847443 , 60:84:bd:de:7c:67 , -61
1737085847443 , ac:44:f2:8c:e9:20 , -66
1737085847443 , c8:a6:08:5a:bb:84 , -67
1737085847443 , c0:25:a2:a7:2e:2b , -69
1737085847443 , c0:25:a2:a7:2e:2a , -62
1737085847443 , 60:84:bd:de:7c:60 , -60
1737085847443 , c8:a6:08:9a:b7:01 , -93
1737085847443 , c8:a6:08:9b:16:24 , -42
1737085847443 , c8:a6:08:5b:15:51 , -70
1737085847443 , c8:a6:08:9a:b7:00 , -93
1737085847443 , c0:25:a2:a7:2e:27 , -68
1737085847443 , c0:25:a2:a7:2e:26 , -61
1737085847443 , c0:25:a2:a9:b1:4f , -63
1737085847443 , c8:a6:08:5b:16:24 , -41
1737085847443 , c8:a6:08:9b:15:51 , -79
1737085847443 , c8:a6:08:9b:15:50 , -79
1737085847443 , 84:af:ec:86:f0:60 , -63
1737085847443 , c8:a6:08:9b:16:21 , -42
1737085847443 , c8:a6:08:5b:16:21 , -41
1737085847443 , c8:a6:08:9b:16:20 , -42
1737085847443 , c8:a6:08:5b:16:20 , -42
1737085847443 , c8:a6:08:5b:15:54 , -71
1737085847443 , c8:a6:08:9b:15:54 , -79
1737085847443 , f8:b7:97:9b:d6:ff , -86
1737085847443 , f8:b7:97:9b:d6:fe , -75
1737085847443 , c8:a6:08:5a:bb:f4 , -73
1737085847443 , c8:a6:08:5a:bb:f0 , -81
1737085847443 , c8:a6:08:9a:bb:f0 , -77
1737085847443 , c8:a6:08:9a:bb:f1 , -85
1737085848446 , 74:03:bd:ef:8a:00 , -66
1737085848446 , c8:a6:08:9a:fe:71 , -72
1737085848446 , c8:a6:08:9a:fe:70 , -72
1737085848446 , c8:a6:08:9a:fe:74 , -72
1737085848446 , 84:af:ec:86:f0:70 , -74
1737085848446 , ac:44:f2:8c:e8:a8 , -81
1737085848446 , c8:a6:08:9a:bb:c4 , -71
1737085848446 , c8:a6:08:9a:bb:c1 , -70
1737085848446 , c8:a6:08:5a:fe:70 , -72
1737085848446 , c8:a6:08:5a:bb:c1 , -68
1737085848446 , c8:a6:08:5a:bb:c4 , -69
1737085848446 , c8:a6:08:9a:bb:c0 , -70
1737085848446 , c8:a6:08:5a:bb:c0 , -69
1737085848446 , c8:a6:08:9b:16:04 , -48
1737085848446 , 74:03:bd:ef:8a:10 , -83
1737085848446 , c8:a6:08:5b:16:04 , -49
1737085848446 , c8:a6:08:5b:16:01 , -48
1737085848446 , c8:a6:08:9b:16:01 , -48
1737085848446 , c8:a6:08:5b:16:00 , -48
1737085848446 , c8:a6:08:9b:16:00 , -48
1737085848446 , c8:a6:08:5a:ac:81 , -90
1737085848446 , c8:a6:08:5a:ac:80 , -93
1737085848446 , 3c:64:cf:5c:de:09 , -80
1737085848446 , c8:a6:08:5a:bb:81 , -67
1737085848446 , c8:a6:08:9a:bc:10 , -56
1737085848446 , c8:a6:08:5a:bb:80 , -61
1737085848446 , c8:a6:08:9a:bc:11 , -56
1737085848446 , c8:a6:08:9a:bc:14 , -59
1737085848446 , c8:a6:08:9a:bb:80 , -61
1737085848446 , c8:a6:08:5a:bc:11 , -60
1737085848446 , c8:a6:08:9a:bb:81 , -61
1737085848446 , c8:a6:08:5a:bc:10 , -59
1737085848446 , ac:44:f2:8c:b0:e0 , -75
1737085848446 , c8:a6:08:9a:bb:84 , -63
1737085848446 , 60:84:bd:de:7c:67 , -61
1737085848446 , ac:44:f2:8c:e9:20 , -66
1737085848446 , c8:a6:08:5a:bb:84 , -67
1737085848446 , c0:25:a2:a7:2e:2b , -69
1737085848446 , c0:25:a2:a7:2e:2a , -62
1737085848446 , 60:84:bd:de:7c:60 , -60
1737085848446 , c8:a6:08:9a:b7:01 , -93
1737085848446 , c8:a6:08:9b:16:24 , -42
1737085848446 , c8:a6:08:5b:15:51 , -70
1737085848446 , c8:a6:08:9a:b7:00 , -93
1737085848446 , c0:25:a2:a7:2e:27 , -68
1737085848446 , c0:25:a2:a7:2e:26 , -61
1737085848446 , c0:25:a2:a9:b1:4f , -63
1737085848446 , c8:a6:08:5b:16:24 , -41
1737085848446 , c8:a6:08:9b:15:51 , -79
1737085848446 , c8:a6:08:9b:15:50 , -79
1737085848446 , 84:af:ec:86:f0:60 , -63
1737085848446 , c8:a6:08:9b:16:21 , -42
1737085848446 , c8:a6:08:5b:16:21 , -41
1737085848446 , c8:a6:08:9b:16:20 , -42
1737085848446 , c8:a6:08:5b:16:20 , -42
1737085848446 , c8:a6:08:5b:15:54 , -71
1737085848446 , c8:a6:08:9b:15:54 , -79
1737085848446 , f8:b7:97:9b:d6:ff , -86
1737085848446 , f8:b7:97:9b:d6:fe , -75
1737085848446 , c8:a6:08:5a:bb:f4 , -73
1737085848446 , c8:a6:08:5a:bb:f0 , -81
1737085848446 , c8:a6:08:9a:bb:f0 , -77
1737085848446 , c8:a6:08:9a:bb:f1 , -85
1737085849461 , 74:03:bd:ef:8a:00 , -66
1737085849461 , c8:a6:08:9a:fe:71 , -72
1737085849461 , c8:a6:08:9a:fe:70 , -72
1737085849461 , c8:a6:08:9a:fe:74 , -72
1737085849461 , 84:af:ec:86:f0:70 , -74
1737085849461 , ac:44:f2:8c:e8:a8 , -81
1737085849461 , c8:a6:08:9a:bb:c4 , -71
1737085849461 , c8:a6:08:9a:bb:c1 , -70
1737085849461 , c8:a6:08:5a:fe:70 , -72
1737085849461 , c8:a6:08:5a:bb:c1 , -68
1737085849461 , c8:a6:08:5a:bb:c4 , -69
1737085849461 , c8:a6:08:9a:bb:c0 , -70
1737085849461 , c8:a6:08:5a:bb:c0 , -69
1737085849461 , c8:a6:08:9b:16:04 , -48
1737085849461 , 74:03:bd:ef:8a:10 , -83
1737085849461 , c8:a6:08:5b:16:04 , -49
1737085849461 , c8:a6:08:5b:16:01 , -48
1737085849461 , c8:a6:08:9b:16:01 , -48
1737085849461 , c8:a6:08:5b:16:00 , -48
1737085849461 , c8:a6:08:9b:16:00 , -48
1737085849461 , c8:a6:08:5a:ac:81 , -90
1737085849461 , c8:a6:08:5a:ac:80 , -93
1737085849461 , 3c:64:cf:5c:de:09 , -80
1737085849461 , c8:a6:08:5a:bb:81 , -67
1737085849461 , c8:a6:08:9a:bc:10 , -56
1737085849461 , c8:a6:08:5a:bb:80 , -61
1737085849461 , c8:a6:08:9a:bc:11 , -56
1737085849461 , c8:a6:08:9a:bc:14 , -59
1737085849461 , c8:a6:08:9a:bb:80 , -61
1737085849461 , c8:a6:08:5a:bc:11 , -60
1737085849461 , c8:a6:08:9a:bb:81 , -61
1737085849461 , c8:a6:08:5a:bc:10 , -59
1737085849461 , ac:44:f2:8c:b0:e0 , -75
1737085849461 , c8:a6:08:9a:bb:84 , -63
1737085849461 , 60:84:bd:de:7c:67 , -61
1737085849461 , ac:44:f2:8c:e9:20 , -66
1737085849461 , c8:a6:08:5a:bb:84 , -67
1737085849461 , c0:25:a2:a7:2e:2b , -69
1737085849461 , c0:25:a2:a7:2e:2a , -62
1737085849461 , 60:84:bd:de:7c:60 , -60
1737085849461 , c8:a6:08:9a:b7:01 , -93
1737085849461 , c8:a6:08:9b:16:24 , -42
1737085849461 , c8:a6:08:5b:15:51 , -70
1737085849461 , c8:a6:08:9a:b7:00 , -93
1737085849461 , c0:25:a2:a7:2e:27 , -68
1737085849461 , c0:25:a2:a7:2e:26 , -61
1737085849461 , c0:25:a2:a9:b1:4f , -63
1737085849461 , c8:a6:08:5b:16:24 , -41
1737085849461 , c8:a6:08:9b:15:51 , -79
1737085849461 , c8:a6:08:9b:15:50 , -79
1737085849461 , 84:af:ec:86:f0:60 , -63
1737085849461 , c8:a6:08:9b:16:21 , -42
1737085849461 , c8:a6:08:5b:16:21 , -41
1737085849461 , c8:a6:08:9b:16:20 , -42
1737085849461 , c8:a6:08:5b:16:20 , -42
1737085849461 , c8:a6:08:5b:15:54 , -71
1737085849461 , c8:a6:08:9b:15:54 , -79
1737085849461 , f8:b7:97:9b:d6:ff , -86
1737085849461 , f8:b7:97:9b:d6:fe , -75
1737085849461 , c8:a6:08:5a:bb:f4 , -73
1737085849461 , c8:a6:08:5a:bb:f0 , -81
1737085849461 , c8:a6:08:9a:bb:f0 , -77
1737085849461 , c8:a6:08:9a:bb:f1 , -85
1737085850436 , 74:03:bd:ef:8a:00 , -66
1737085850436 , c8:a6:08:9a:fe:71 , -72
1737085850436 , c8:a6:08:9a:fe:70 , -72
1737085850436 , c8:a6:08:9a:fe:74 , -72
1737085850436 , 84:af:ec:86:f0:70 , -74
1737085850436 , ac:44:f2:8c:e8:a8 , -81
1737085850436 , c8:a6:08:9a:bb:c4 , -71
1737085850436 , c8:a6:08:9a:bb:c1 , -70
1737085850436 , c8:a6:08:5a:fe:70 , -72
1737085850436 , c8:a6:08:5a:bb:c1 , -68
1737085850436 , c8:a6:08:5a:bb:c4 , -69
1737085850436 , c8:a6:08:9a:bb:c0 , -70
1737085850436 , c8:a6:08:5a:bb:c0 , -69
1737085850436 , c8:a6:08:9b:16:04 , -48
1737085850436 , 74:03:bd:ef:8a:10 , -83
1737085850436 , c8:a6:08:5b:16:04 , -49
1737085850436 , c8:a6:08:5b:16:01 , -48
1737085850436 , c8:a6:08:9b:16:01 , -48
1737085850436 , c8:a6:08:5b:16:00 , -48
1737085850436 , c8:a6:08:9b:16:00 , -48
1737085850436 , c8:a6:08:5a:ac:81 , -90
1737085850436 , c8:a6:08:5a:ac:80 , -93
1737085850436 , 3c:64:cf:5c:de:09 , -80
1737085850436 , c8:a6:08:5a:bb:81 , -67
1737085850436 , c8:a6:08:9a:bc:10 , -56
1737085850436 , c8:a6:08:5a:bb:80 , -61
1737085850436 , c8:a6:08:9a:bc:11 , -56
1737085850436 , c8:a6:08:9a:bc:14 , -59
1737085850436 , c8:a6:08:9a:bb:80 , -61
1737085850436 , c8:a6:08:5a:bc:11 , -60
1737085850436 , c8:a6:08:9a:bb:81 , -61
1737085850436 , c8:a6:08:5a:bc:10 , -59
1737085850436 , ac:44:f2:8c:b0:e0 , -75
1737085850436 , c8:a6:08:9a:bb:84 , -63
1737085850436 , 60:84:bd:de:7c:67 , -61
1737085850436 , ac:44:f2:8c:e9:20 , -66
1737085850436 , c8:a6:08:5a:bb:84 , -67
1737085850436 , c0:25:a2:a7:2e:2b , -69
1737085850436 , c0:25:a2:a7:2e:2a , -62
1737085850436 , 60:84:bd:de:7c:60 , -60
1737085850436 , c8:a6:08:9a:b7:01 , -93
1737085850436 , c8:a6:08:9b:16:24 , -42
1737085850436 , c8:a6:08:5b:15:51 , -70
1737085850436 , c8:a6:08:9a:b7:00 , -93
1737085850436 , c0:25:a2:a7:2e:27 , -68
1737085850436 , c0:25:a2:a7:2e:26 , -61
1737085850436 , c0:25:a2:a9:b1:4f , -63
1737085850436 , c8:a6:08:5b:16:24 , -41
1737085850436 , c8:a6:08:9b:15:51 , -79
1737085850436 , c8:a6:08:9b:15:50 , -79
1737085850436 , 84:af:ec:86:f0:60 , -63
1737085850436 , c8:a6:08:9b:16:21 , -42
1737085850436 , c8:a6:08:5b:16:21 , -41
1737085850436 , c8:a6:08:9b:16:20 , -42
1737085850436 , c8:a6:08:5b:16:20 , -42
1737085850436 , c8:a6:08:5b:15:54 , -71
1737085850436 , c8:a6:08:9b:15:54 , -79
1737085850436 , f8:b7:97:9b:d6:ff , -86
1737085850436 , f8:b7:97:9b:d6:fe , -75
1737085850436 , c8:a6:08:5a:bb:f4 , -73
1737085850436 , c8:a6:08:5a:bb:f0 , -81
1737085850436 , c8:a6:08:9a:bb:f0 , -77
1737085850436 , c8:a6:08:9a:bb:f1 , -85
1737085851451 , 74:03:bd:ef:8a:00 , -66
1737085851451 , c8:a6:08:9a:fe:71 , -72
1737085851451 , c8:a6:08:9a:fe:70 , -72
1737085851451 , c8:a6:08:9a:fe:74 , -72
1737085851451 , 84:af:ec:86:f0:70 , -74
1737085851451 , ac:44:f2:8c:e8:a8 , -81
1737085851451 , c8:a6:08:9a:bb:c4 , -71
1737085851451 , c8:a6:08:9a:bb:c1 , -70
1737085851451 , c8:a6:08:5a:fe:70 , -72
1737085851451 , c8:a6:08:5a:bb:c1 , -68
1737085851451 , c8:a6:08:5a:bb:c4 , -69
1737085851451 , c8:a6:08:9a:bb:c0 , -70
1737085851451 , c8:a6:08:5a:bb:c0 , -69
1737085851451 , c8:a6:08:9b:16:04 , -48
1737085851451 , 74:03:bd:ef:8a:10 , -83
1737085851451 , c8:a6:08:5b:16:04 , -49
1737085851451 , c8:a6:08:5b:16:01 , -48
1737085851451 , c8:a6:08:9b:16:01 , -48
1737085851451 , c8:a6:08:5b:16:00 , -48
1737085851451 , c8:a6:08:9b:16:00 , -48
1737085851451 , c8:a6:08:5a:ac:81 , -90
1737085851451 , c8:a6:08:5a:ac:80 , -93
1737085851451 , 3c:64:cf:5c:de:09 , -80
1737085851451 , c8:a6:08:5a:bb:81 , -67
1737085851451 , c8:a6:08:9a:bc:10 , -56
1737085851451 , c8:a6:08:5a:bb:80 , -61
1737085851451 , c8:a6:08:9a:bc:11 , -56
1737085851451 , c8:a6:08:9a:bc:14 , -59
1737085851451 , c8:a6:08:9a:bb:80 , -61
1737085851451 , c8:a6:08:5a:bc:11 , -60
1737085851451 , c8:a6:08:9a:bb:81 , -61
1737085851451 , c8:a6:08:5a:bc:10 , -59
1737085851451 , ac:44:f2:8c:b0:e0 , -75
1737085851451 , c8:a6:08:9a:bb:84 , -63
1737085851451 , 60:84:bd:de:7c:67 , -61
1737085851451 , ac:44:f2:8c:e9:20 , -66
1737085851451 , c8:a6:08:5a:bb:84 , -67
1737085851451 , c0:25:a2:a7:2e:2b , -69
1737085851451 , c0:25:a2:a7:2e:2a , -62
1737085851451 , 60:84:bd:de:7c:60 , -60
1737085851451 , c8:a6:08:9a:b7:01 , -93
1737085851451 , c8:a6:08:9b:16:24 , -42
1737085851451 , c8:a6:08:5b:15:51 , -70
1737085851451 , c8:a6:08:9a:b7:00 , -93
1737085851451 , c0:25:a2:a7:2e:27 , -68
1737085851451 , c0:25:a2:a7:2e:26 , -61
1737085851451 , c0:25:a2:a9:b1:4f , -63
1737085851451 , c8:a6:08:5b:16:24 , -41
1737085851451 , c8:a6:08:9b:15:51 , -79
1737085851451 , c8:a6:08:9b:15:50 , -79
1737085851451 , 84:af:ec:86:f0:60 , -63
1737085851451 , c8:a6:08:9b:16:21 , -42
1737085851451 , c8:a6:08:5b:16:21 , -41
1737085851451 , c8:a6:08:9b:16:20 , -42
1737085851451 , c8:a6:08:5b:16:20 , -42
1737085851451 , c8:a6:08:5b:15:54 , -71
1737085851451 , c8:a6:08:9b:15:54 , -79
1737085851451 , f8:b7:97:9b:d6:ff , -86
1737085851451 , f8:b7:97:9b:d6:fe , -75
1737085851451 , c8:a6:08:5a:bb:f4 , -73
1737085851451 , c8:a6:08:5a:bb:f0 , -81
1737085851451 , c8:a6:08:9a:bb:f0 , -77
1737085851451 , c8:a6:08:9a:bb:f1 , -85
1737085852465 , 74:03:bd:ef:8a:00 , -66
1737085852465 , c8:a6:08:9a:fe:71 , -72
1737085852465 , c8:a6:08:9a:fe:70 , -72
1737085852465 , c8:a6:08:9a:fe:74 , -72
1737085852465 , 84:af:ec:86:f0:70 , -74
1737085852465 , ac:44:f2:8c:e8:a8 , -81
1737085852465 , c8:a6:08:9a:bb:c4 , -71
1737085852465 , c8:a6:08:9a:bb:c1 , -70
1737085852465 , c8:a6:08:5a:fe:70 , -72
1737085852465 , c8:a6:08:5a:bb:c1 , -68
1737085852465 , c8:a6:08:5a:bb:c4 , -69
1737085852465 , c8:a6:08:9a:bb:c0 , -70
1737085852465 , c8:a6:08:5a:bb:c0 , -69
1737085852465 , c8:a6:08:9b:16:04 , -48
1737085852465 , 74:03:bd:ef:8a:10 , -83
1737085852465 , c8:a6:08:5b:16:04 , -49
1737085852465 , c8:a6:08:5b:16:01 , -48
1737085852465 , c8:a6:08:9b:16:01 , -48
1737085852465 , c8:a6:08:5b:16:00 , -48
1737085852465 , c8:a6:08:9b:16:00 , -48
1737085852465 , c8:a6:08:5a:ac:81 , -90
1737085852465 , c8:a6:08:5a:ac:80 , -93
1737085852465 , 3c:64:cf:5c:de:09 , -80
1737085852465 , c8:a6:08:5a:bb:81 , -67
1737085852465 , c8:a6:08:9a:bc:10 , -56
1737085852465 , c8:a6:08:5a:bb:80 , -61
1737085852465 , c8:a6:08:9a:bc:11 , -56
1737085852465 , c8:a6:08:9a:bc:14 , -59
1737085852465 , c8:a6:08:9a:bb:80 , -61
1737085852465 , c8:a6:08:5a:bc:11 , -60
1737085852465 , c8:a6:08:9a:bb:81 , -61
1737085852465 , c8:a6:08:5a:bc:10 , -59
1737085852465 , ac:44:f2:8c:b0:e0 , -75
1737085852465 , c8:a6:08:9a:bb:84 , -63
1737085852465 , 60:84:bd:de:7c:67 , -61
1737085852465 , ac:44:f2:8c:e9:20 , -66
1737085852465 , c8:a6:08:5a:bb:84 , -67
1737085852465 , c0:25:a2:a7:2e:2b , -69
1737085852465 , c0:25:a2:a7:2e:2a , -62
1737085852465 , 60:84:bd:de:7c:60 , -60
1737085852465 , c8:a6:08:9a:b7:01 , -93
1737085852465 , c8:a6:08:9b:16:24 , -42
1737085852465 , c8:a6:08:5b:15:51 , -70
1737085852465 , c8:a6:08:9a:b7:00 , -93
1737085852465 , c0:25:a2:a7:2e:27 , -68
1737085852465 , c0:25:a2:a7:2e:26 , -61
1737085852465 , c0:25:a2:a9:b1:4f , -63
1737085852465 , c8:a6:08:5b:16:24 , -41
1737085852465 , c8:a6:08:9b:15:51 , -79
1737085852465 , c8:a6:08:9b:15:50 , -79
1737085852465 , 84:af:ec:86:f0:60 , -63
1737085852465 , c8:a6:08:9b:16:21 , -42
1737085852465 , c8:a6:08:5b:16:21 , -41
1737085852465 , c8:a6:08:9b:16:20 , -42
1737085852465 , c8:a6:08:5b:16:20 , -42
1737085852465 , c8:a6:08:5b:15:54 , -71
1737085852465 , c8:a6:08:9b:15:54 , -79
1737085852465 , f8:b7:97:9b:d6:ff , -86
1737085852465 , f8:b7:97:9b:d6:fe , -75
1737085852465 , c8:a6:08:5a:bb:f4 , -73
1737085852465 , c8:a6:08:5a:bb:f0 , -81
1737085852465 , c8:a6:08:9a:bb:f0 , -77
1737085852465 , c8:a6:08:9a:bb:f1 , -85
1737085853462 , 74:03:bd:ef:8a:00 , -66
1737085853462 , c8:a6:08:9a:fe:71 , -72
1737085853462 , c8:a6:08:9a:fe:70 , -72
1737085853462 , c8:a6:08:9a:fe:74 , -72
1737085853462 , 84:af:ec:86:f0:70 , -74
1737085853462 , ac:44:f2:8c:e8:a8 , -81
1737085853462 , c8:a6:08:9a:bb:c4 , -71
1737085853462 , c8:a6:08:9a:bb:c1 , -70
1737085853462 , c8:a6:08:5a:fe:70 , -72
1737085853462 , c8:a6:08:5a:bb:c1 , -68
1737085853462 , c8:a6:08:5a:bb:c4 , -69
1737085853462 , c8:a6:08:9a:bb:c0 , -70
1737085853462 , c8:a6:08:5a:bb:c0 , -69
1737085853462 , c8:a6:08:9b:16:04 , -48
1737085853462 , 74:03:bd:ef:8a:10 , -83
1737085853462 , c8:a6:08:5b:16:04 , -49
1737085853462 , c8:a6:08:5b:16:01 , -48
1737085853462 , c8:a6:08:9b:16:01 , -48
1737085853462 , c8:a6:08:5b:16:00 , -48
1737085853462 , c8:a6:08:9b:16:00 , -48
1737085853462 , c8:a6:08:5a:ac:81 , -90
1737085853462 , c8:a6:08:5a:ac:80 , -93
1737085853462 , 3c:64:cf:5c:de:09 , -80
1737085853462 , c8:a6:08:5a:bb:81 , -67
1737085853462 , c8:a6:08:9a:bc:10 , -56
1737085853462 , c8:a6:08:5a:bb:80 , -61
1737085853462 , c8:a6:08:9a:bc:11 , -56
1737085853462 , c8:a6:08:9a:bc:14 , -59
1737085853462 , c8:a6:08:9a:bb:80 , -61
1737085853462 , c8:a6:08:5a:bc:11 , -60
1737085853462 , c8:a6:08:9a:bb:81 , -61
1737085853462 , c8:a6:08:5a:bc:10 , -59
1737085853462 , ac:44:f2:8c:b0:e0 , -75
1737085853462 , c8:a6:08:9a:bb:84 , -63
1737085853462 , 60:84:bd:de:7c:67 , -61
1737085853462 , ac:44:f2:8c:e9:20 , -66
1737085853462 , c8:a6:08:5a:bb:84 , -67
1737085853462 , c0:25:a2:a7:2e:2b , -69
1737085853462 , c0:25:a2:a7:2e:2a , -62
1737085853462 , 60:84:bd:de:7c:60 , -60
1737085853462 , c8:a6:08:9a:b7:01 , -93
1737085853462 , c8:a6:08:9b:16:24 , -42
1737085853462 , c8:a6:08:5b:15:51 , -70
1737085853462 , c8:a6:08:9a:b7:00 , -93
1737085853462 , c0:25:a2:a7:2e:27 , -68
1737085853462 , c0:25:a2:a7:2e:26 , -61
1737085853462 , c0:25:a2:a9:b1:4f , -63
1737085853462 , c8:a6:08:5b:16:24 , -41
1737085853462 , c8:a6:08:9b:15:51 , -79
1737085853462 , c8:a6:08:9b:15:50 , -79
1737085853462 , 84:af:ec:86:f0:60 , -63
1737085853462 , c8:a6:08:9b:16:21 , -42
1737085853462 , c8:a6:08:5b:16:21 , -41
1737085853462 , c8:a6:08:9b:16:20 , -42
1737085853462 , c8:a6:08:5b:16:20 , -42
1737085853462 , c8:a6:08:5b:15:54 , -71
1737085853462 , c8:a6:08:9b:15:54 , -79
1737085853462 , f8:b7:97:9b:d6:ff , -86
1737085853462 , f8:b7:97:9b:d6:fe , -75
1737085853462 , c8:a6:08:5a:bb:f4 , -73
1737085853462 , c8:a6:08:5a:bb:f0 , -81
1737085853462 , c8:a6:08:9a:bb:f0 , -77
1737085853462 , c8:a6:08:9a:bb:f1 , -85
1737085854492 , 74:03:bd:ef:8a:00 , -66
1737085854492 , c8:a6:08:9a:fe:71 , -72
1737085854492 , c8:a6:08:9a:fe:70 , -72
1737085854492 , c8:a6:08:9a:fe:74 , -72
1737085854492 , 84:af:ec:86:f0:70 , -74
1737085854492 , ac:44:f2:8c:e8:a8 , -81
1737085854492 , c8:a6:08:9a:bb:c4 , -71
1737085854492 , c8:a6:08:9a:bb:c1 , -70
1737085854492 , c8:a6:08:5a:fe:70 , -72
1737085854492 , c8:a6:08:5a:bb:c1 , -68
1737085854492 , c8:a6:08:5a:bb:c4 , -69
1737085854492 , c8:a6:08:9a:bb:c0 , -70
1737085854492 , c8:a6:08:5a:bb:c0 , -69
1737085854492 , c8:a6:08:9b:16:04 , -48
1737085854492 , 74:03:bd:ef:8a:10 , -83
1737085854492 , c8:a6:08:5b:16:04 , -49
1737085854492 , c8:a6:08:5b:16:01 , -48
1737085854492 , c8:a6:08:9b:16:01 , -48
1737085854492 , c8:a6:08:5b:16:00 , -48
1737085854492 , c8:a6:08:9b:16:00 , -48
1737085854492 , c8:a6:08:5a:ac:81 , -90
1737085854492 , c8:a6:08:5a:ac:80 , -93
1737085854492 , 3c:64:cf:5c:de:09 , -80
1737085854492 , c8:a6:08:5a:bb:81 , -67
1737085854492 , c8:a6:08:9a:bc:10 , -56
1737085854492 , c8:a6:08:5a:bb:80 , -61
1737085854492 , c8:a6:08:9a:bc:11 , -56
1737085854492 , c8:a6:08:9a:bc:14 , -59
1737085854492 , c8:a6:08:9a:bb:80 , -61
1737085854492 , c8:a6:08:5a:bc:11 , -60
1737085854492 , c8:a6:08:9a:bb:81 , -61
1737085854492 , c8:a6:08:5a:bc:10 , -59
1737085854492 , ac:44:f2:8c:b0:e0 , -75
1737085854492 , c8:a6:08:9a:bb:84 , -63
1737085854492 , 60:84:bd:de:7c:67 , -61
1737085854492 , ac:44:f2:8c:e9:20 , -66
1737085854492 , c8:a6:08:5a:bb:84 , -67
1737085854492 , c0:25:a2:a7:2e:2b , -69
1737085854492 , c0:25:a2:a7:2e:2a , -62
1737085854492 , 60:84:bd:de:7c:60 , -60
1737085854492 , c8:a6:08:9a:b7:01 , -93
1737085854492 , c8:a6:08:9b:16:24 , -42
1737085854492 , c8:a6:08:5b:15:51 , -70
1737085854492 , c8:a6:08:9a:b7:00 , -93
1737085854492 , c0:25:a2:a7:2e:27 , -68
1737085854492 , c0:25:a2:a7:2e:26 , -61
1737085854492 , c0:25:a2:a9:b1:4f , -63
1737085854492 , c8:a6:08:5b:16:24 , -41
1737085854492 , c8:a6:08:9b:15:51 , -79
1737085854492 , c8:a6:08:9b:15:50 , -79
1737085854492 , 84:af:ec:86:f0:60 , -63
1737085854492 , c8:a6:08:9b:16:21 , -42
1737085854492 , c8:a6:08:5b:16:21 , -41
1737085854492 , c8:a6:08:9b:16:20 , -42
1737085854492 , c8:a6:08:5b:16:20 , -42
1737085854492 , c8:a6:08:5b:15:54 , -71
1737085854492 , c8:a6:08:9b:15:54 , -79
1737085854492 , f8:b7:97:9b:d6:ff , -86
1737085854492 , f8:b7:97:9b:d6:fe , -75
1737085854492 , c8:a6:08:5a:bb:f4 , -73
1737085854492 , c8:a6:08:5a:bb:f0 , -81
1737085854492 , c8:a6:08:9a:bb:f0 , -77
1737085854492 , c8:a6:08:9a:bb:f1 , -85
1737085855492 , 74:03:bd:ef:8a:00 , -66
1737085855492 , c8:a6:08:9a:fe:71 , -72
1737085855492 , c8:a6:08:9a:fe:70 , -72
1737085855492 , c8:a6:08:9a:fe:74 , -72
1737085855492 , 84:af:ec:86:f0:70 , -74
1737085855492 , ac:44:f2:8c:e8:a8 , -81
1737085855492 , c8:a6:08:9a:bb:c4 , -71
1737085855492 , c8:a6:08:9a:bb:c1 , -70
1737085855492 , c8:a6:08:5a:fe:70 , -72
1737085855492 , c8:a6:08:5a:bb:c1 , -68
1737085855492 , c8:a6:08:5a:bb:c4 , -69
1737085855492 , c8:a6:08:9a:bb:c0 , -70
1737085855492 , c8:a6:08:5a:bb:c0 , -69
1737085855492 , c8:a6:08:9b:16:04 , -48
1737085855492 , 74:03:bd:ef:8a:10 , -83
1737085855492 , c8:a6:08:5b:16:04 , -49
1737085855492 , c8:a6:08:5b:16:01 , -48
1737085855492 , c8:a6:08:9b:16:01 , -48
1737085855492 , c8:a6:08:5b:16:00 , -48
1737085855492 , c8:a6:08:9b:16:00 , -48
1737085855492 , c8:a6:08:5a:ac:81 , -90
1737085855492 , c8:a6:08:5a:ac:80 , -93
1737085855492 , 3c:64:cf:5c:de:09 , -80
1737085855492 , c8:a6:08:5a:bb:81 , -67
1737085855492 , c8:a6:08:9a:bc:10 , -56
1737085855492 , c8:a6:08:5a:bb:80 , -61
1737085855492 , c8:a6:08:9a:bc:11 , -56
1737085855492 , c8:a6:08:9a:bc:14 , -59
1737085855492 , c8:a6:08:9a:bb:80 , -61
1737085855492 , c8:a6:08:5a:bc:11 , -60
1737085855492 , c8:a6:08:9a:bb:81 , -61
1737085855492 , c8:a6:08:5a:bc:10 , -59
1737085855492 , ac:44:f2:8c:b0:e0 , -75
1737085855492 , c8:a6:08:9a:bb:84 , -63
1737085855492 , 60:84:bd:de:7c:67 , -61
1737085855492 , ac:44:f2:8c:e9:20 , -66
1737085855492 , c8:a6:08:5a:bb:84 , -67
1737085855492 , c0:25:a2:a7:2e:2b , -69
1737085855492 , c0:25:a2:a7:2e:2a , -62
1737085855492 , 60:84:bd:de:7c:60 , -60
1737085855492 , c8:a6:08:9a:b7:01 , -93
1737085855492 , c8:a6:08:9b:16:24 , -42
1737085855492 , c8:a6:08:5b:15:51 , -70
1737085855492 , c8:a6:08:9a:b7:00 , -93
1737085855492 , c0:25:a2:a7:2e:27 , -68
1737085855492 , c0:25:a2:a7:2e:26 , -61
1737085855492 , c0:25:a2:a9:b1:4f , -63
1737085855492 , c8:a6:08:5b:16:24 , -41
1737085855492 , c8:a6:08:9b:15:51 , -79
1737085855492 , c8:a6:08:9b:15:50 , -79
1737085855492 , 84:af:ec:86:f0:60 , -63
1737085855492 , c8:a6:08:9b:16:21 , -42
1737085855492 , c8:a6:08:5b:16:21 , -41
1737085855492 , c8:a6:08:9b:16:20 , -42
1737085855492 , c8:a6:08:5b:16:20 , -42
1737085855492 , c8:a6:08:5b:15:54 , -71
1737085855492 , c8:a6:08:9b:15:54 , -79
1737085855492 , f8:b7:97:9b:d6:ff , -86
1737085855492 , f8:b7:97:9b:d6:fe , -75
1737085855492 , c8:a6:08:5a:bb:f4 , -73
1737085855492 , c8:a6:08:5a:bb:f0 , -81
1737085855492 , c8:a6:08:9a:bb:f0 , -77
1737085855492 , c8:a6:08:9a:bb:f1 , -85
1737085856492 , 74:03:bd:ef:8a:00 , -66
1737085856492 , c8:a6:08:9a:fe:71 , -72
1737085856492 , c8:a6:08:9a:fe:70 , -72
1737085856492 , c8:a6:08:9a:fe:74 , -72
1737085856492 , 84:af:ec:86:f0:70 , -74
1737085856492 , ac:44:f2:8c:e8:a8 , -81
1737085856492 , c8:a6:08:9a:bb:c4 , -71
1737085856492 , c8:a6:08:9a:bb:c1 , -70
1737085856492 , c8:a6:08:5a:fe:70 , -72
1737085856492 , c8:a6:08:5a:bb:c1 , -68
1737085856492 , c8:a6:08:5a:bb:c4 , -69
1737085856492 , c8:a6:08:9a:bb:c0 , -70
1737085856492 , c8:a6:08:5a:bb:c0 , -69
1737085856492 , c8:a6:08:9b:16:04 , -48
1737085856492 , 74:03:bd:ef:8a:10 , -83
1737085856492 , c8:a6:08:5b:16:04 , -49
1737085856492 , c8:a6:08:5b:16:01 , -48
1737085856492 , c8:a6:08:9b:16:01 , -48
1737085856492 , c8:a6:08:5b:16:00 , -48
1737085856492 , c8:a6:08:9b:16:00 , -48
1737085856492 , c8:a6:08:5a:ac:81 , -90
1737085856492 , c8:a6:08:5a:ac:80 , -93
1737085856492 , 3c:64:cf:5c:de:09 , -80
1737085856492 , c8:a6:08:5a:bb:81 , -67
1737085856492 , c8:a6:08:9a:bc:10 , -56
1737085856492 , c8:a6:08:5a:bb:80 , -61
1737085856492 , c8:a6:08:9a:bc:11 , -56
1737085856492 , c8:a6:08:9a:bc:14 , -59
1737085856492 , c8:a6:08:9a:bb:80 , -61
1737085856492 , c8:a6:08:5a:bc:11 , -60
1737085856492 , c8:a6:08:9a:bb:81 , -61
1737085856492 , c8:a6:08:5a:bc:10 , -59
1737085856492 , ac:44:f2:8c:b0:e0 , -75
1737085856492 , c8:a6:08:9a:bb:84 , -63
1737085856492 , 60:84:bd:de:7c:67 , -61
1737085856492 , ac:44:f2:8c:e9:20 , -66
1737085856492 , c8:a6:08:5a:bb:84 , -67
1737085856492 , c0:25:a2:a7:2e:2b , -69
1737085856492 , c0:25:a2:a7:2e:2a , -62
1737085856492 , 60:84:bd:de:7c:60 , -60
1737085856492 , c8:a6:08:9a:b7:01 , -93
1737085856492 , c8:a6:08:9b:16:24 , -42
1737085856492 , c8:a6:08:5b:15:51 , -70
1737085856492 , c8:a6:08:9a:b7:00 , -93
1737085856492 , c0:25:a2:a7:2e:27 , -68
1737085856492 , c0:25:a2:a7:2e:26 , -61
1737085856492 , c0:25:a2:a9:b1:4f , -63
1737085856492 , c8:a6:08:5b:16:24 , -41
1737085856492 , c8:a6:08:9b:15:51 , -79
1737085856492 , c8:a6:08:9b:15:50 , -79
1737085856492 , 84:af:ec:86:f0:60 , -63
1737085856492 , c8:a6:08:9b:16:21 , -42
1737085856492 , c8:a6:08:5b:16:21 , -41
1737085856492 , c8:a6:08:9b:16:20 , -42
1737085856492 , c8:a6:08:5b:16:20 , -42
1737085856492 , c8:a6:08:5b:15:54 , -71
1737085856492 , c8:a6:08:9b:15:54 , -79
1737085856492 , f8:b7:97:9b:d6:ff , -86
1737085856492 , f8:b7:97:9b:d6:fe , -75
1737085856492 , c8:a6:08:5a:bb:f4 , -73
1737085856492 , c8:a6:08:5a:bb:f0 , -81
1737085856492 , c8:a6:08:9a:bb:f0 , -77
1737085856492 , c8:a6:08:9a:bb:f1 , -85
1737085857507 , 74:03:bd:ef:8a:00 , -66
1737085857507 , c8:a6:08:9a:fe:71 , -72
1737085857507 , c8:a6:08:9a:fe:70 , -72
1737085857507 , c8:a6:08:9a:fe:74 , -72
1737085857507 , 84:af:ec:86:f0:70 , -74
1737085857507 , ac:44:f2:8c:e8:a8 , -81
1737085857507 , c8:a6:08:9a:bb:c4 , -71
1737085857507 , c8:a6:08:9a:bb:c1 , -70
1737085857507 , c8:a6:08:5a:fe:70 , -72
1737085857507 , c8:a6:08:5a:bb:c1 , -68
1737085857507 , c8:a6:08:5a:bb:c4 , -69
1737085857507 , c8:a6:08:9a:bb:c0 , -70
1737085857507 , c8:a6:08:5a:bb:c0 , -69
1737085857507 , c8:a6:08:9b:16:04 , -48
1737085857507 , 74:03:bd:ef:8a:10 , -83
1737085857507 , c8:a6:08:5b:16:04 , -49
1737085857507 , c8:a6:08:5b:16:01 , -48
1737085857507 , c8:a6:08:9b:16:01 , -48
1737085857507 , c8:a6:08:5b:16:00 , -48
1737085857507 , c8:a6:08:9b:16:00 , -48
1737085857507 , c8:a6:08:5a:ac:81 , -90
1737085857507 , c8:a6:08:5a:ac:80 , -93
1737085857507 , 3c:64:cf:5c:de:09 , -80
1737085857507 , c8:a6:08:5a:bb:81 , -67
1737085857507 , c8:a6:08:9a:bc:10 , -56
1737085857507 , c8:a6:08:5a:bb:80 , -61
1737085857507 , c8:a6:08:9a:bc:11 , -56
1737085857507 , c8:a6:08:9a:bc:14 , -59
1737085857507 , c8:a6:08:9a:bb:80 , -61
1737085857507 , c8:a6:08:5a:bc:11 , -60
1737085857507 , c8:a6:08:9a:bb:81 , -61
1737085857507 , c8:a6:08:5a:bc:10 , -59
1737085857507 , ac:44:f2:8c:b0:e0 , -75
1737085857507 , c8:a6:08:9a:bb:84 , -63
1737085857507 , 60:84:bd:de:7c:67 , -61
1737085857507 , ac:44:f2:8c:e9:20 , -66
1737085857507 , c8:a6:08:5a:bb:84 , -67
1737085857507 , c0:25:a2:a7:2e:2b , -69
1737085857507 , c0:25:a2:a7:2e:2a , -62
1737085857507 , 60:84:bd:de:7c:60 , -60
1737085857507 , c8:a6:08:9a:b7:01 , -93
1737085857507 , c8:a6:08:9b:16:24 , -42
1737085857507 , c8:a6:08:5b:15:51 , -70
1737085857507 , c8:a6:08:9a:b7:00 , -93
1737085857507 , c0:25:a2:a7:2e:27 , -68
1737085857507 , c0:25:a2:a7:2e:26 , -61
1737085857507 , c0:25:a2:a9:b1:4f , -63
1737085857507 , c8:a6:08:5b:16:24 , -41
1737085857507 , c8:a6:08:9b:15:51 , -79
1737085857507 , c8:a6:08:9b:15:50 , -79
1737085857507 , 84:af:ec:86:f0:60 , -63
1737085857507 , c8:a6:08:9b:16:21 , -42
1737085857507 , c8:a6:08:5b:16:21 , -41
1737085857507 , c8:a6:08:9b:16:20 , -42
1737085857507 , c8:a6:08:5b:16:20 , -42
1737085857507 , c8:a6:08:5b:15:54 , -71
1737085857507 , c8:a6:08:9b:15:54 , -79
1737085857507 , f8:b7:97:9b:d6:ff , -86
1737085857507 , f8:b7:97:9b:d6:fe , -75
1737085857507 , c8:a6:08:5a:bb:f4 , -73
1737085857507 , c8:a6:08:5a:bb:f0 , -81
1737085857507 , c8:a6:08:9a:bb:f0 , -77
1737085857507 , c8:a6:08:9a:bb:f1 , -85
1737085858516 , 74:03:bd:ef:8a:00 , -66
1737085858516 , c8:a6:08:9a:fe:71 , -72
1737085858516 , c8:a6:08:9a:fe:70 , -72
1737085858516 , c8:a6:08:9a:fe:74 , -72
1737085858516 , 84:af:ec:86:f0:70 , -74
1737085858516 , ac:44:f2:8c:e8:a8 , -81
1737085858516 , c8:a6:08:9a:bb:c4 , -71
1737085858516 , c8:a6:08:9a:bb:c1 , -70
1737085858516 , c8:a6:08:5a:fe:70 , -72
1737085858516 , c8:a6:08:5a:bb:c1 , -68
1737085858516 , c8:a6:08:5a:bb:c4 , -69
1737085858516 , c8:a6:08:9a:bb:c0 , -70
1737085858516 , c8:a6:08:5a:bb:c0 , -69
1737085858516 , c8:a6:08:9b:16:04 , -48
1737085858516 , 74:03:bd:ef:8a:10 , -83
1737085858516 , c8:a6:08:5b:16:04 , -49
1737085858516 , c8:a6:08:5b:16:01 , -48
1737085858516 , c8:a6:08:9b:16:01 , -48
1737085858516 , c8:a6:08:5b:16:00 , -48
1737085858516 , c8:a6:08:9b:16:00 , -48
1737085858516 , c8:a6:08:5a:ac:81 , -90
1737085858516 , c8:a6:08:5a:ac:80 , -93
1737085858516 , 3c:64:cf:5c:de:09 , -80
1737085858516 , c8:a6:08:5a:bb:81 , -67
1737085858516 , c8:a6:08:9a:bc:10 , -56
1737085858516 , c8:a6:08:5a:bb:80 , -61
1737085858516 , c8:a6:08:9a:bc:11 , -56
1737085858516 , c8:a6:08:9a:bc:14 , -59
1737085858516 , c8:a6:08:9a:bb:80 , -61
1737085858516 , c8:a6:08:5a:bc:11 , -60
1737085858516 , c8:a6:08:9a:bb:81 , -61
1737085858516 , c8:a6:08:5a:bc:10 , -59
1737085858516 , ac:44:f2:8c:b0:e0 , -75
1737085858516 , c8:a6:08:9a:bb:84 , -63
1737085858516 , 60:84:bd:de:7c:67 , -61
1737085858516 , ac:44:f2:8c:e9:20 , -66
1737085858516 , c8:a6:08:5a:bb:84 , -67
1737085858516 , c0:25:a2:a7:2e:2b , -69
1737085858516 , c0:25:a2:a7:2e:2a , -62
1737085858516 , 60:84:bd:de:7c:60 , -60
1737085858516 , c8:a6:08:9a:b7:01 , -93
1737085858516 , c8:a6:08:9b:16:24 , -42
1737085858516 , c8:a6:08:5b:15:51 , -70
1737085858516 , c8:a6:08:9a:b7:00 , -93
1737085858516 , c0:25:a2:a7:2e:27 , -68
1737085858516 , c0:25:a2:a7:2e:26 , -61
1737085858516 , c0:25:a2:a9:b1:4f , -63
1737085858516 , c8:a6:08:5b:16:24 , -41
1737085858516 , c8:a6:08:9b:15:51 , -79
1737085858516 , c8:a6:08:9b:15:50 , -79
1737085858516 , 84:af:ec:86:f0:60 , -63
1737085858516 , c8:a6:08:9b:16:21 , -42
1737085858516 , c8:a6:08:5b:16:21 , -41
1737085858516 , c8:a6:08:9b:16:20 , -42
1737085858516 , c8:a6:08:5b:16:20 , -42
1737085858516 , c8:a6:08:5b:15:54 , -71
1737085858516 , c8:a6:08:9b:15:54 , -79
1737085858516 , f8:b7:97:9b:d6:ff , -86
1737085858516 , f8:b7:97:9b:d6:fe , -75
1737085858516 , c8:a6:08:5a:bb:f4 , -73
1737085858516 , c8:a6:08:5a:bb:f0 , -81
1737085858516 , c8:a6:08:9a:bb:f0 , -77
1737085858516 , c8:a6:08:9a:bb:f1 , -85
1737085859524 , 74:03:bd:ef:8a:00 , -66
1737085859524 , c8:a6:08:9a:fe:71 , -72
1737085859524 , c8:a6:08:9a:fe:70 , -72
1737085859524 , c8:a6:08:9a:fe:74 , -72
1737085859524 , 84:af:ec:86:f0:70 , -74
1737085859524 , ac:44:f2:8c:e8:a8 , -81
1737085859524 , c8:a6:08:9a:bb:c4 , -71
1737085859524 , c8:a6:08:9a:bb:c1 , -70
1737085859524 , c8:a6:08:5a:fe:70 , -72
1737085859524 , c8:a6:08:5a:bb:c1 , -68
1737085859524 , c8:a6:08:5a:bb:c4 , -69
1737085859524 , c8:a6:08:9a:bb:c0 , -70
1737085859524 , c8:a6:08:5a:bb:c0 , -69
1737085859524 , c8:a6:08:9b:16:04 , -48
1737085859524 , 74:03:bd:ef:8a:10 , -83
1737085859524 , c8:a6:08:5b:16:04 , -49
1737085859524 , c8:a6:08:5b:16:01 , -48
1737085859524 , c8:a6:08:9b:16:01 , -48
1737085859524 , c8:a6:08:5b:16:00 , -48
1737085859524 , c8:a6:08:9b:16:00 , -48
1737085859524 , c8:a6:08:5a:ac:81 , -90
1737085859524 , c8:a6:08:5a:ac:80 , -93
1737085859524 , 3c:64:cf:5c:de:09 , -80
1737085859524 , c8:a6:08:5a:bb:81 , -67
1737085859524 , c8:a6:08:9a:bc:10 , -56
1737085859524 , c8:a6:08:5a:bb:80 , -61
1737085859524 , c8:a6:08:9a:bc:11 , -56
1737085859524 , c8:a6:08:9a:bc:14 , -59
1737085859524 , c8:a6:08:9a:bb:80 , -61
1737085859524 , c8:a6:08:5a:bc:11 , -60
1737085859524 , c8:a6:08:9a:bb:81 , -61
1737085859524 , c8:a6:08:5a:bc:10 , -59
1737085859524 , ac:44:f2:8c:b0:e0 , -75
1737085859524 , c8:a6:08:9a:bb:84 , -63
1737085859524 , 60:84:bd:de:7c:67 , -61
1737085859524 , ac:44:f2:8c:e9:20 , -66
1737085859524 , c8:a6:08:5a:bb:84 , -67
1737085859524 , c0:25:a2:a7:2e:2b , -69
1737085859524 , c0:25:a2:a7:2e:2a , -62
1737085859524 , 60:84:bd:de:7c:60 , -60
1737085859524 , c8:a6:08:9a:b7:01 , -93
1737085859524 , c8:a6:08:9b:16:24 , -42
1737085859524 , c8:a6:08:5b:15:51 , -70
1737085859524 , c8:a6:08:9a:b7:00 , -93
1737085859524 , c0:25:a2:a7:2e:27 , -68
1737085859524 , c0:25:a2:a7:2e:26 , -61
1737085859524 , c0:25:a2:a9:b1:4f , -63
1737085859524 , c8:a6:08:5b:16:24 , -41
1737085859524 , c8:a6:08:9b:15:51 , -79
1737085859524 , c8:a6:08:9b:15:50 , -79
1737085859524 , 84:af:ec:86:f0:60 , -63
1737085859524 , c8:a6:08:9b:16:21 , -42
1737085859524 , c8:a6:08:5b:16:21 , -41
1737085859524 , c8:a6:08:9b:16:20 , -42
1737085859524 , c8:a6:08:5b:16:20 , -42
1737085859524 , c8:a6:08:5b:15:54 , -71
1737085859524 , c8:a6:08:9b:15:54 , -79
1737085859524 , f8:b7:97:9b:d6:ff , -86
1737085859524 , f8:b7:97:9b:d6:fe , -75
1737085859524 , c8:a6:08:5a:bb:f4 , -73
1737085859524 , c8:a6:08:5a:bb:f0 , -81
1737085859524 , c8:a6:08:9a:bb:f0 , -77
1737085859524 , c8:a6:08:9a:bb:f1 , -85
1737085860542 , 74:03:bd:ef:8a:00 , -66
1737085860542 , c8:a6:08:9a:fe:71 , -72
1737085860542 , c8:a6:08:9a:fe:70 , -72
1737085860542 , c8:a6:08:9a:fe:74 , -72
1737085860542 , 84:af:ec:86:f0:70 , -74
1737085860542 , ac:44:f2:8c:e8:a8 , -81
1737085860542 , c8:a6:08:9a:bb:c4 , -71
1737085860542 , c8:a6:08:9a:bb:c1 , -70
1737085860542 , c8:a6:08:5a:fe:70 , -72
1737085860542 , c8:a6:08:5a:bb:c1 , -68
1737085860542 , c8:a6:08:5a:bb:c4 , -69
1737085860542 , c8:a6:08:9a:bb:c0 , -70
1737085860542 , c8:a6:08:5a:bb:c0 , -69
1737085860542 , c8:a6:08:9b:16:04 , -48
1737085860542 , 74:03:bd:ef:8a:10 , -83
1737085860542 , c8:a6:08:5b:16:04 , -49
1737085860542 , c8:a6:08:5b:16:01 , -48
1737085860542 , c8:a6:08:9b:16:01 , -48
1737085860542 , c8:a6:08:5b:16:00 , -48
1737085860542 , c8:a6:08:9b:16:00 , -48
1737085860542 , c8:a6:08:5a:ac:81 , -90
1737085860542 , c8:a6:08:5a:ac:80 , -93
1737085860542 , 3c:64:cf:5c:de:09 , -80
1737085860542 , c8:a6:08:5a:bb:81 , -67
1737085860542 , c8:a6:08:9a:bc:10 , -56
1737085860542 , c8:a6:08:5a:bb:80 , -61
1737085860542 , c8:a6:08:9a:bc:11 , -56
1737085860542 , c8:a6:08:9a:bc:14 , -59
1737085860542 , c8:a6:08:9a:bb:80 , -61
1737085860542 , c8:a6:08:5a:bc:11 , -60
1737085860542 , c8:a6:08:9a:bb:81 , -61
1737085860542 , c8:a6:08:5a:bc:10 , -59
1737085860542 , ac:44:f2:8c:b0:e0 , -75
1737085860542 , c8:a6:08:9a:bb:84 , -63
1737085860542 , 60:84:bd:de:7c:67 , -61
1737085860542 , ac:44:f2:8c:e9:20 , -66
1737085860542 , c8:a6:08:5a:bb:84 , -67
1737085860542 , c0:25:a2:a7:2e:2b , -69
1737085860542 , c0:25:a2:a7:2e:2a , -62
1737085860542 , 60:84:bd:de:7c:60 , -60
1737085860542 , c8:a6:08:9a:b7:01 , -93
1737085860542 , c8:a6:08:9b:16:24 , -42
1737085860542 , c8:a6:08:5b:15:51 , -70
1737085860542 , c8:a6:08:9a:b7:00 , -93
1737085860542 , c0:25:a2:a7:2e:27 , -68
1737085860542 , c0:25:a2:a7:2e:26 , -61
1737085860542 , c0:25:a2:a9:b1:4f , -63
1737085860542 , c8:a6:08:5b:16:24 , -41
1737085860542 , c8:a6:08:9b:15:51 , -79
1737085860542 , c8:a6:08:9b:15:50 , -79
1737085860542 , 84:af:ec:86:f0:60 , -63
1737085860542 , c8:a6:08:9b:16:21 , -42
1737085860542 , c8:a6:08:5b:16:21 , -41
1737085860542 , c8:a6:08:9b:16:20 , -42
1737085860542 , c8:a6:08:5b:16:20 , -42
1737085860542 , c8:a6:08:5b:15:54 , -71
1737085860542 , c8:a6:08:9b:15:54 , -79
1737085860542 , f8:b7:97:9b:d6:ff , -86
1737085860542 , f8:b7:97:9b:d6:fe , -75
1737085860542 , c8:a6:08:5a:bb:f4 , -73
1737085860542 , c8:a6:08:5a:bb:f0 , -81
1737085860542 , c8:a6:08:9a:bb:f0 , -77
1737085860542 , c8:a6:08:9a:bb:f1 , -85
1737085861536 , 74:03:bd:ef:8a:00 , -66
1737085861536 , c8:a6:08:9a:fe:71 , -72
1737085861536 , c8:a6:08:9a:fe:70 , -72
1737085861536 , c8:a6:08:9a:fe:74 , -72
1737085861536 , 84:af:ec:86:f0:70 , -74
1737085861536 , ac:44:f2:8c:e8:a8 , -81
1737085861536 , c8:a6:08:9a:bb:c4 , -71
1737085861536 , c8:a6:08:9a:bb:c1 , -70
1737085861536 , c8:a6:08:5a:fe:70 , -72
1737085861536 , c8:a6:08:5a:bb:c1 , -68
1737085861536 , c8:a6:08:5a:bb:c4 , -69
1737085861536 , c8:a6:08:9a:bb:c0 , -70
1737085861536 , c8:a6:08:5a:bb:c0 , -69
1737085861536 , c8:a6:08:9b:16:04 , -48
1737085861536 , 74:03:bd:ef:8a:10 , -83
1737085861536 , c8:a6:08:5b:16:04 , -49
1737085861536 , c8:a6:08:5b:16:01 , -48
1737085861536 , c8:a6:08:9b:16:01 , -48
1737085861536 , c8:a6:08:5b:16:00 , -48
1737085861536 , c8:a6:08:9b:16:00 , -48
1737085861536 , c8:a6:08:5a:ac:81 , -90
1737085861536 , c8:a6:08:5a:ac:80 , -93
1737085861536 , 3c:64:cf:5c:de:09 , -80
1737085861536 , c8:a6:08:5a:bb:81 , -67
1737085861536 , c8:a6:08:9a:bc:10 , -56
1737085861536 , c8:a6:08:5a:bb:80 , -61
1737085861536 , c8:a6:08:9a:bc:11 , -56
1737085861536 , c8:a6:08:9a:bc:14 , -59
1737085861536 , c8:a6:08:9a:bb:80 , -61
1737085861536 , c8:a6:08:5a:bc:11 , -60
1737085861536 , c8:a6:08:9a:bb:81 , -61
1737085861536 , c8:a6:08:5a:bc:10 , -59
1737085861536 , ac:44:f2:8c:b0:e0 , -75
1737085861536 , c8:a6:08:9a:bb:84 , -63
1737085861536 , 60:84:bd:de:7c:67 , -61
1737085861536 , ac:44:f2:8c:e9:20 , -66
1737085861536 , c8:a6:08:5a:bb:84 , -67
1737085861536 , c0:25:a2:a7:2e:2b , -69
1737085861536 , c0:25:a2:a7:2e:2a , -62
1737085861536 , 60:84:bd:de:7c:60 , -60
1737085861536 , c8:a6:08:9a:b7:01 , -93
1737085861536 , c8:a6:08:9b:16:24 , -42
1737085861536 , c8:a6:08:5b:15:51 , -70
1737085861536 , c8:a6:08:9a:b7:00 , -93
1737085861536 , c0:25:a2:a7:2e:27 , -68
1737085861536 , c0:25:a2:a7:2e:26 , -61
1737085861536 , c0:25:a2:a9:b1:4f , -63
1737085861536 , c8:a6:08:5b:16:24 , -41
1737085861536 , c8:a6:08:9b:15:51 , -79
1737085861536 , c8:a6:08:9b:15:50 , -79
1737085861536 , 84:af:ec:86:f0:60 , -63
1737085861536 , c8:a6:08:9b:16:21 , -42
1737085861536 , c8:a6:08:5b:16:21 , -41
1737085861536 , c8:a6:08:9b:16:20 , -42
1737085861536 , c8:a6:08:5b:16:20 , -42
1737085861536 , c8:a6:08:5b:15:54 , -71
1737085861536 , c8:a6:08:9b:15:54 , -79
1737085861536 , f8:b7:97:9b:d6:ff , -86
1737085861536 , f8:b7:97:9b:d6:fe , -75
1737085861536 , c8:a6:08:5a:bb:f4 , -73
1737085861536 , c8:a6:08:5a:bb:f0 , -81
1737085861536 , c8:a6:08:9a:bb:f0 , -77
1737085861536 , c8:a6:08:9a:bb:f1 , -85
1737085862560 , 74:03:bd:ef:8a:00 , -66
1737085862560 , c8:a6:08:9a:fe:71 , -72
1737085862560 , c8:a6:08:9a:fe:70 , -72
1737085862560 , c8:a6:08:9a:fe:74 , -72
1737085862560 , 84:af:ec:86:f0:70 , -74
1737085862560 , ac:44:f2:8c:e8:a8 , -81
1737085862560 , c8:a6:08:9a:bb:c4 , -71
1737085862560 , c8:a6:08:9a:bb:c1 , -70
1737085862560 , c8:a6:08:5a:fe:70 , -72
1737085862560 , c8:a6:08:5a:bb:c1 , -68
1737085862560 , c8:a6:08:5a:bb:c4 , -69
1737085862560 , c8:a6:08:9a:bb:c0 , -70
1737085862560 , c8:a6:08:5a:bb:c0 , -69
1737085862560 , c8:a6:08:9b:16:04 , -48
1737085862560 , 74:03:bd:ef:8a:10 , -83
1737085862560 , c8:a6:08:5b:16:04 , -49
1737085862560 , c8:a6:08:5b:16:01 , -48
1737085862560 , c8:a6:08:9b:16:01 , -48
1737085862560 , c8:a6:08:5b:16:00 , -48
1737085862560 , c8:a6:08:9b:16:00 , -48
1737085862560 , c8:a6:08:5a:ac:81 , -90
1737085862560 , c8:a6:08:5a:ac:80 , -93
1737085862560 , 3c:64:cf:5c:de:09 , -80
1737085862560 , c8:a6:08:5a:bb:81 , -67
1737085862560 , c8:a6:08:9a:bc:10 , -56
1737085862560 , c8:a6:08:5a:bb:80 , -61
1737085862560 , c8:a6:08:9a:bc:11 , -56
1737085862560 , c8:a6:08:9a:bc:14 , -59
1737085862560 , c8:a6:08:9a:bb:80 , -61
1737085862560 , c8:a6:08:5a:bc:11 , -60
1737085862560 , c8:a6:08:9a:bb:81 , -61
1737085862560 , c8:a6:08:5a:bc:10 , -59
1737085862560 , ac:44:f2:8c:b0:e0 , -75
1737085862560 , c8:a6:08:9a:bb:84 , -63
1737085862560 , 60:84:bd:de:7c:67 , -61
1737085862560 , ac:44:f2:8c:e9:20 , -66
1737085862560 , c8:a6:08:5a:bb:84 , -67
1737085862560 , c0:25:a2:a7:2e:2b , -69
1737085862560 , c0:25:a2:a7:2e:2a , -62
1737085862560 , 60:84:bd:de:7c:60 , -60
1737085862560 , c8:a6:08:9a:b7:01 , -93
1737085862560 , c8:a6:08:9b:16:24 , -42
1737085862560 , c8:a6:08:5b:15:51 , -70
1737085862560 , c8:a6:08:9a:b7:00 , -93
1737085862560 , c0:25:a2:a7:2e:27 , -68
1737085862560 , c0:25:a2:a7:2e:26 , -61
1737085862560 , c0:25:a2:a9:b1:4f , -63
1737085862560 , c8:a6:08:5b:16:24 , -41
1737085862560 , c8:a6:08:9b:15:51 , -79
1737085862560 , c8:a6:08:9b:15:50 , -79
1737085862560 , 84:af:ec:86:f0:60 , -63
1737085862560 , c8:a6:08:9b:16:21 , -42
1737085862560 , c8:a6:08:5b:16:21 , -41
1737085862560 , c8:a6:08:9b:16:20 , -42
1737085862560 , c8:a6:08:5b:16:20 , -42
1737085862560 , c8:a6:08:5b:15:54 , -71
1737085862560 , c8:a6:08:9b:15:54 , -79
1737085862560 , f8:b7:97:9b:d6:ff , -86
1737085862560 , f8:b7:97:9b:d6:fe , -75
1737085862560 , c8:a6:08:5a:bb:f4 , -73
1737085862560 , c8:a6:08:5a:bb:f0 , -81
1737085862560 , c8:a6:08:9a:bb:f0 , -77
1737085862560 , c8:a6:08:9a:bb:f1 , -85
1737085863577 , 74:03:bd:ef:8a:00 , -66
1737085863577 , c8:a6:08:9a:fe:71 , -72
1737085863577 , c8:a6:08:9a:fe:70 , -72
1737085863577 , c8:a6:08:9a:fe:74 , -72
1737085863577 , 84:af:ec:86:f0:70 , -74
1737085863577 , ac:44:f2:8c:e8:a8 , -81
1737085863577 , c8:a6:08:9a:bb:c4 , -71
1737085863577 , c8:a6:08:9a:bb:c1 , -70
1737085863577 , c8:a6:08:5a:fe:70 , -72
1737085863577 , c8:a6:08:5a:bb:c1 , -68
1737085863577 , c8:a6:08:5a:bb:c4 , -69
1737085863577 , c8:a6:08:9a:bb:c0 , -70
1737085863577 , c8:a6:08:5a:bb:c0 , -69
1737085863577 , c8:a6:08:9b:16:04 , -48
1737085863577 , 74:03:bd:ef:8a:10 , -83
1737085863577 , c8:a6:08:5b:16:04 , -49
1737085863577 , c8:a6:08:5b:16:01 , -48
1737085863577 , c8:a6:08:9b:16:01 , -48
1737085863577 , c8:a6:08:5b:16:00 , -48
1737085863577 , c8:a6:08:9b:16:00 , -48
1737085863577 , c8:a6:08:5a:ac:81 , -90
1737085863577 , c8:a6:08:5a:ac:80 , -93
1737085863577 , 3c:64:cf:5c:de:09 , -80
1737085863577 , c8:a6:08:5a:bb:81 , -67
1737085863577 , c8:a6:08:9a:bc:10 , -56
1737085863577 , c8:a6:08:5a:bb:80 , -61
1737085863577 , c8:a6:08:9a:bc:11 , -56
1737085863577 , c8:a6:08:9a:bc:14 , -59
1737085863577 , c8:a6:08:9a:bb:80 , -61
1737085863577 , c8:a6:08:5a:bc:11 , -60
1737085863577 , c8:a6:08:9a:bb:81 , -61
1737085863577 , c8:a6:08:5a:bc:10 , -59
1737085863577 , ac:44:f2:8c:b0:e0 , -75
1737085863577 , c8:a6:08:9a:bb:84 , -63
1737085863577 , 60:84:bd:de:7c:67 , -61
1737085863577 , ac:44:f2:8c:e9:20 , -66
1737085863577 , c8:a6:08:5a:bb:84 , -67
1737085863577 , c0:25:a2:a7:2e:2b , -69
1737085863577 , c0:25:a2:a7:2e:2a , -62
1737085863577 , 60:84:bd:de:7c:60 , -60
1737085863577 , c8:a6:08:9a:b7:01 , -93
1737085863577 , c8:a6:08:9b:16:24 , -42
1737085863577 , c8:a6:08:5b:15:51 , -70
1737085863577 , c8:a6:08:9a:b7:00 , -93
1737085863577 , c0:25:a2:a7:2e:27 , -68
1737085863577 , c0:25:a2:a7:2e:26 , -61
1737085863577 , c0:25:a2:a9:b1:4f , -63
1737085863577 , c8:a6:08:5b:16:24 , -41
1737085863577 , c8:a6:08:9b:15:51 , -79
1737085863577 , c8:a6:08:9b:15:50 , -79
1737085863577 , 84:af:ec:86:f0:60 , -63
1737085863577 , c8:a6:08:9b:16:21 , -42
1737085863577 , c8:a6:08:5b:16:21 , -41
1737085863577 , c8:a6:08:9b:16:20 , -42
1737085863577 , c8:a6:08:5b:16:20 , -42
1737085863577 , c8:a6:08:5b:15:54 , -71
1737085863577 , c8:a6:08:9b:15:54 , -79
1737085863577 , f8:b7:97:9b:d6:ff , -86
1737085863577 , f8:b7:97:9b:d6:fe , -75
1737085863577 , c8:a6:08:5a:bb:f4 , -73
1737085863577 , c8:a6:08:5a:bb:f0 , -81
1737085863577 , c8:a6:08:9a:bb:f0 , -77
1737085863577 , c8:a6:08:9a:bb:f1 , -85
1737085864562 , 74:03:bd:ef:8a:00 , -66
1737085864562 , c8:a6:08:9a:fe:71 , -72
1737085864562 , c8:a6:08:9a:fe:70 , -72
1737085864562 , c8:a6:08:9a:fe:74 , -72
1737085864562 , 84:af:ec:86:f0:70 , -74
1737085864562 , ac:44:f2:8c:e8:a8 , -81
1737085864562 , c8:a6:08:9a:bb:c4 , -71
1737085864562 , c8:a6:08:9a:bb:c1 , -70
1737085864562 , c8:a6:08:5a:fe:70 , -72
1737085864562 , c8:a6:08:5a:bb:c1 , -68
1737085864562 , c8:a6:08:5a:bb:c4 , -69
1737085864562 , c8:a6:08:9a:bb:c0 , -70
1737085864562 , c8:a6:08:5a:bb:c0 , -69
1737085864562 , c8:a6:08:9b:16:04 , -48
1737085864562 , 74:03:bd:ef:8a:10 , -83
1737085864562 , c8:a6:08:5b:16:04 , -49
1737085864562 , c8:a6:08:5b:16:01 , -48
1737085864562 , c8:a6:08:9b:16:01 , -48
1737085864562 , c8:a6:08:5b:16:00 , -48
1737085864562 , c8:a6:08:9b:16:00 , -48
1737085864562 , c8:a6:08:5a:ac:81 , -90
1737085864562 , c8:a6:08:5a:ac:80 , -93
1737085864562 , 3c:64:cf:5c:de:09 , -80
1737085864562 , c8:a6:08:5a:bb:81 , -67
1737085864562 , c8:a6:08:9a:bc:10 , -56
1737085864562 , c8:a6:08:5a:bb:80 , -61
1737085864562 , c8:a6:08:9a:bc:11 , -56
1737085864562 , c8:a6:08:9a:bc:14 , -59
1737085864562 , c8:a6:08:9a:bb:80 , -61
1737085864562 , c8:a6:08:5a:bc:11 , -60
1737085864562 , c8:a6:08:9a:bb:81 , -61
1737085864562 , c8:a6:08:5a:bc:10 , -59
1737085864562 , ac:44:f2:8c:b0:e0 , -75
1737085864562 , c8:a6:08:9a:bb:84 , -63
1737085864562 , 60:84:bd:de:7c:67 , -61
1737085864562 , ac:44:f2:8c:e9:20 , -66
1737085864562 , c8:a6:08:5a:bb:84 , -67
1737085864562 , c0:25:a2:a7:2e:2b , -69
1737085864562 , c0:25:a2:a7:2e:2a , -62
1737085864562 , 60:84:bd:de:7c:60 , -60
1737085864562 , c8:a6:08:9a:b7:01 , -93
1737085864562 , c8:a6:08:9b:16:24 , -42
1737085864562 , c8:a6:08:5b:15:51 , -70
1737085864562 , c8:a6:08:9a:b7:00 , -93
1737085864562 , c0:25:a2:a7:2e:27 , -68
1737085864562 , c0:25:a2:a7:2e:26 , -61
1737085864562 , c0:25:a2:a9:b1:4f , -63
1737085864562 , c8:a6:08:5b:16:24 , -41
1737085864562 , c8:a6:08:9b:15:51 , -79
1737085864562 , c8:a6:08:9b:15:50 , -79
1737085864562 , 84:af:ec:86:f0:60 , -63
1737085864562 , c8:a6:08:9b:16:21 , -42
1737085864562 , c8:a6:08:5b:16:21 , -41
1737085864562 , c8:a6:08:9b:16:20 , -42
1737085864562 , c8:a6:08:5b:16:20 , -42
1737085864562 , c8:a6:08:5b:15:54 , -71
1737085864562 , c8:a6:08:9b:15:54 , -79
1737085864562 , f8:b7:97:9b:d6:ff , -86
1737085864562 , f8:b7:97:9b:d6:fe , -75
1737085864562 , c8:a6:08:5a:bb:f4 , -73
1737085864562 , c8:a6:08:5a:bb:f0 , -81
1737085864562 , c8:a6:08:9a:bb:f0 , -77
1737085864562 , c8:a6:08:9a:bb:f1 , -85
1737085865565 , 74:03:bd:ef:8a:00 , -66
1737085865565 , c8:a6:08:9a:fe:71 , -72
1737085865565 , c8:a6:08:9a:fe:70 , -72
1737085865565 , c8:a6:08:9a:fe:74 , -72
1737085865565 , 84:af:ec:86:f0:70 , -74
1737085865565 , ac:44:f2:8c:e8:a8 , -81
1737085865565 , c8:a6:08:9a:bb:c4 , -71
1737085865565 , c8:a6:08:9a:bb:c1 , -70
1737085865565 , c8:a6:08:5a:fe:70 , -72
1737085865565 , c8:a6:08:5a:bb:c1 , -68
1737085865565 , c8:a6:08:5a:bb:c4 , -69
1737085865565 , c8:a6:08:9a:bb:c0 , -70
1737085865565 , c8:a6:08:5a:bb:c0 , -69
1737085865565 , c8:a6:08:9b:16:04 , -48
1737085865565 , 74:03:bd:ef:8a:10 , -83
1737085865565 , c8:a6:08:5b:16:04 , -49
1737085865565 , c8:a6:08:5b:16:01 , -48
1737085865565 , c8:a6:08:9b:16:01 , -48
1737085865565 , c8:a6:08:5b:16:00 , -48
1737085865565 , c8:a6:08:9b:16:00 , -48
1737085865565 , c8:a6:08:5a:ac:81 , -90
1737085865565 , c8:a6:08:5a:ac:80 , -93
1737085865565 , 3c:64:cf:5c:de:09 , -80
1737085865565 , c8:a6:08:5a:bb:81 , -67
1737085865565 , c8:a6:08:9a:bc:10 , -56
1737085865565 , c8:a6:08:5a:bb:80 , -61
1737085865565 , c8:a6:08:9a:bc:11 , -56
1737085865565 , c8:a6:08:9a:bc:14 , -59
1737085865565 , c8:a6:08:9a:bb:80 , -61
1737085865565 , c8:a6:08:5a:bc:11 , -60
1737085865565 , c8:a6:08:9a:bb:81 , -61
1737085865565 , c8:a6:08:5a:bc:10 , -59
1737085865565 , ac:44:f2:8c:b0:e0 , -75
1737085865565 , c8:a6:08:9a:bb:84 , -63
1737085865565 , 60:84:bd:de:7c:67 , -61
1737085865565 , ac:44:f2:8c:e9:20 , -66
1737085865565 , c8:a6:08:5a:bb:84 , -67
1737085865565 , c0:25:a2:a7:2e:2b , -69
1737085865565 , c0:25:a2:a7:2e:2a , -62
1737085865565 , 60:84:bd:de:7c:60 , -60
1737085865565 , c8:a6:08:9a:b7:01 , -93
1737085865565 , c8:a6:08:9b:16:24 , -42
1737085865565 , c8:a6:08:5b:15:51 , -70
1737085865565 , c8:a6:08:9a:b7:00 , -93
1737085865565 , c0:25:a2:a7:2e:27 , -68
1737085865565 , c0:25:a2:a7:2e:26 , -61
1737085865565 , c0:25:a2:a9:b1:4f , -63
1737085865565 , c8:a6:08:5b:16:24 , -41
1737085865565 , c8:a6:08:9b:15:51 , -79
1737085865565 , c8:a6:08:9b:15:50 , -79
1737085865565 , 84:af:ec:86:f0:60 , -63
1737085865565 , c8:a6:08:9b:16:21 , -42
1737085865565 , c8:a6:08:5b:16:21 , -41
1737085865565 , c8:a6:08:9b:16:20 , -42
1737085865565 , c8:a6:08:5b:16:20 , -42
1737085865565 , c8:a6:08:5b:15:54 , -71
1737085865565 , c8:a6:08:9b:15:54 , -79
1737085865565 , f8:b7:97:9b:d6:ff , -86
1737085865565 , f8:b7:97:9b:d6:fe , -75
1737085865565 , c8:a6:08:5a:bb:f4 , -73
1737085865565 , c8:a6:08:5a:bb:f0 , -81
1737085865565 , c8:a6:08:9a:bb:f0 , -77
1737085865565 , c8:a6:08:9a:bb:f1 , -85
1737085866582 , 74:03:bd:ef:8a:00 , -66
1737085866582 , c8:a6:08:9a:fe:71 , -72
1737085866582 , c8:a6:08:9a:fe:70 , -72
1737085866582 , c8:a6:08:9a:fe:74 , -72
1737085866582 , 84:af:ec:86:f0:70 , -74
1737085866582 , ac:44:f2:8c:e8:a8 , -81
1737085866582 , c8:a6:08:9a:bb:c4 , -71
1737085866582 , c8:a6:08:9a:bb:c1 , -70
1737085866582 , c8:a6:08:5a:fe:70 , -72
1737085866582 , c8:a6:08:5a:bb:c1 , -68
1737085866582 , c8:a6:08:5a:bb:c4 , -69
1737085866582 , c8:a6:08:9a:bb:c0 , -70
1737085866582 , c8:a6:08:5a:bb:c0 , -69
1737085866582 , c8:a6:08:9b:16:04 , -48
1737085866582 , 74:03:bd:ef:8a:10 , -83
1737085866582 , c8:a6:08:5b:16:04 , -49
1737085866582 , c8:a6:08:5b:16:01 , -48
1737085866582 , c8:a6:08:9b:16:01 , -48
1737085866582 , c8:a6:08:5b:16:00 , -48
1737085866582 , c8:a6:08:9b:16:00 , -48
1737085866582 , c8:a6:08:5a:ac:81 , -90
1737085866582 , c8:a6:08:5a:ac:80 , -93
1737085866582 , 3c:64:cf:5c:de:09 , -80
1737085866582 , c8:a6:08:5a:bb:81 , -67
1737085866582 , c8:a6:08:9a:bc:10 , -56
1737085866582 , c8:a6:08:5a:bb:80 , -61
1737085866582 , c8:a6:08:9a:bc:11 , -56
1737085866582 , c8:a6:08:9a:bc:14 , -59
1737085866582 , c8:a6:08:9a:bb:80 , -61
1737085866582 , c8:a6:08:5a:bc:11 , -60
1737085866582 , c8:a6:08:9a:bb:81 , -61
1737085866582 , c8:a6:08:5a:bc:10 , -59
1737085866582 , ac:44:f2:8c:b0:e0 , -75
1737085866582 , c8:a6:08:9a:bb:84 , -63
1737085866582 , 60:84:bd:de:7c:67 , -61
1737085866582 , ac:44:f2:8c:e9:20 , -66
1737085866582 , c8:a6:08:5a:bb:84 , -67
1737085866582 , c0:25:a2:a7:2e:2b , -69
1737085866582 , c0:25:a2:a7:2e:2a , -62
1737085866582 , 60:84:bd:de:7c:60 , -60
1737085866582 , c8:a6:08:9a:b7:01 , -93
1737085866582 , c8:a6:08:9b:16:24 , -42
1737085866582 , c8:a6:08:5b:15:51 , -70
1737085866582 , c8:a6:08:9a:b7:00 , -93
1737085866582 , c0:25:a2:a7:2e:27 , -68
1737085866582 , c0:25:a2:a7:2e:26 , -61
1737085866582 , c0:25:a2:a9:b1:4f , -63
1737085866582 , c8:a6:08:5b:16:24 , -41
1737085866582 , c8:a6:08:9b:15:51 , -79
1737085866582 , c8:a6:08:9b:15:50 , -79
1737085866582 , 84:af:ec:86:f0:60 , -63
1737085866582 , c8:a6:08:9b:16:21 , -42
1737085866582 , c8:a6:08:5b:16:21 , -41
1737085866582 , c8:a6:08:9b:16:20 , -42
1737085866582 , c8:a6:08:5b:16:20 , -42
1737085866582 , c8:a6:08:5b:15:54 , -71
1737085866582 , c8:a6:08:9b:15:54 , -79
1737085866582 , f8:b7:97:9b:d6:ff , -86
1737085866582 , f8:b7:97:9b:d6:fe , -75
1737085866582 , c8:a6:08:5a:bb:f4 , -73
1737085866582 , c8:a6:08:5a:bb:f0 , -81
1737085866582 , c8:a6:08:9a:bb:f0 , -77
1737085866582 , c8:a6:08:9a:bb:f1 , -85
1737085867596 , 74:03:bd:ef:8a:00 , -66
1737085867596 , c8:a6:08:9a:fe:71 , -72
1737085867596 , c8:a6:08:9a:fe:70 , -72
1737085867596 , c8:a6:08:9a:fe:74 , -72
1737085867596 , 84:af:ec:86:f0:70 , -74
1737085867596 , ac:44:f2:8c:e8:a8 , -81
1737085867596 , c8:a6:08:9a:bb:c4 , -71
1737085867596 , c8:a6:08:9a:bb:c1 , -70
1737085867596 , c8:a6:08:5a:fe:70 , -72
1737085867596 , c8:a6:08:5a:bb:c1 , -68
1737085867596 , c8:a6:08:5a:bb:c4 , -69
1737085867596 , c8:a6:08:9a:bb:c0 , -70
1737085867596 , c8:a6:08:5a:bb:c0 , -69
1737085867596 , c8:a6:08:9b:16:04 , -48
1737085867596 , 74:03:bd:ef:8a:10 , -83
1737085867596 , c8:a6:08:5b:16:04 , -49
1737085867596 , c8:a6:08:5b:16:01 , -48
1737085867596 , c8:a6:08:9b:16:01 , -48
1737085867596 , c8:a6:08:5b:16:00 , -48
1737085867596 , c8:a6:08:9b:16:00 , -48
1737085867596 , c8:a6:08:5a:ac:81 , -90
1737085867596 , c8:a6:08:5a:ac:80 , -93
1737085867596 , 3c:64:cf:5c:de:09 , -80
1737085867596 , c8:a6:08:5a:bb:81 , -67
1737085867596 , c8:a6:08:9a:bc:10 , -56
1737085867596 , c8:a6:08:5a:bb:80 , -61
1737085867596 , c8:a6:08:9a:bc:11 , -56
1737085867596 , c8:a6:08:9a:bc:14 , -59
1737085867596 , c8:a6:08:9a:bb:80 , -61
1737085867596 , c8:a6:08:5a:bc:11 , -60
1737085867596 , c8:a6:08:9a:bb:81 , -61
1737085867596 , c8:a6:08:5a:bc:10 , -59
1737085867596 , ac:44:f2:8c:b0:e0 , -75
1737085867596 , c8:a6:08:9a:bb:84 , -63
1737085867596 , 60:84:bd:de:7c:67 , -61
1737085867596 , ac:44:f2:8c:e9:20 , -66
1737085867596 , c8:a6:08:5a:bb:84 , -67
1737085867596 , c0:25:a2:a7:2e:2b , -69
1737085867596 , c0:25:a2:a7:2e:2a , -62
1737085867596 , 60:84:bd:de:7c:60 , -60
1737085867596 , c8:a6:08:9a:b7:01 , -93
1737085867596 , c8:a6:08:9b:16:24 , -42
1737085867596 , c8:a6:08:5b:15:51 , -70
1737085867596 , c8:a6:08:9a:b7:00 , -93
1737085867596 , c0:25:a2:a7:2e:27 , -68
1737085867596 , c0:25:a2:a7:2e:26 , -61
1737085867596 , c0:25:a2:a9:b1:4f , -63
1737085867596 , c8:a6:08:5b:16:24 , -41
1737085867596 , c8:a6:08:9b:15:51 , -79
1737085867596 , c8:a6:08:9b:15:50 , -79
1737085867596 , 84:af:ec:86:f0:60 , -63
1737085867596 , c8:a6:08:9b:16:21 , -42
1737085867596 , c8:a6:08:5b:16:21 , -41
1737085867596 , c8:a6:08:9b:16:20 , -42
1737085867596 , c8:a6:08:5b:16:20 , -42
1737085867596 , c8:a6:08:5b:15:54 , -71
1737085867596 , c8:a6:08:9b:15:54 , -79
1737085867596 , f8:b7:97:9b:d6:ff , -86
1737085867596 , f8:b7:97:9b:d6:fe , -75
1737085867596 , c8:a6:08:5a:bb:f4 , -73
1737085867596 , c8:a6:08:5a:bb:f0 , -81
1737085867596 , c8:a6:08:9a:bb:f0 , -77
1737085867596 , c8:a6:08:9a:bb:f1 , -85
1737085868619 , 74:03:bd:ef:8a:00 , -66
1737085868619 , c8:a6:08:9a:fe:71 , -72
1737085868619 , c8:a6:08:9a:fe:70 , -72
1737085868619 , c8:a6:08:9a:fe:74 , -72
1737085868619 , 84:af:ec:86:f0:70 , -74
1737085868619 , ac:44:f2:8c:e8:a8 , -81
1737085868619 , c8:a6:08:9a:bb:c4 , -71
1737085868619 , c8:a6:08:9a:bb:c1 , -70
1737085868619 , c8:a6:08:5a:fe:70 , -72
1737085868619 , c8:a6:08:5a:bb:c1 , -68
1737085868619 , c8:a6:08:5a:bb:c4 , -69
1737085868619 , c8:a6:08:9a:bb:c0 , -70
1737085868619 , c8:a6:08:5a:bb:c0 , -69
1737085868619 , c8:a6:08:9b:16:04 , -48
1737085868619 , 74:03:bd:ef:8a:10 , -83
1737085868619 , c8:a6:08:5b:16:04 , -49
1737085868619 , c8:a6:08:5b:16:01 , -48
1737085868619 , c8:a6:08:9b:16:01 , -48
1737085868619 , c8:a6:08:5b:16:00 , -48
1737085868619 , c8:a6:08:9b:16:00 , -48
1737085868619 , c8:a6:08:5a:ac:81 , -90
1737085868619 , c8:a6:08:5a:ac:80 , -93
1737085868619 , 3c:64:cf:5c:de:09 , -80
1737085868619 , c8:a6:08:5a:bb:81 , -67
1737085868619 , c8:a6:08:9a:bc:10 , -56
1737085868619 , c8:a6:08:5a:bb:80 , -61
1737085868619 , c8:a6:08:9a:bc:11 , -56
1737085868619 , c8:a6:08:9a:bc:14 , -59
1737085868619 , c8:a6:08:9a:bb:80 , -61
1737085868619 , c8:a6:08:5a:bc:11 , -60
1737085868619 , c8:a6:08:9a:bb:81 , -61
1737085868619 , c8:a6:08:5a:bc:10 , -59
1737085868619 , ac:44:f2:8c:b0:e0 , -75
1737085868619 , c8:a6:08:9a:bb:84 , -63
1737085868619 , 60:84:bd:de:7c:67 , -61
1737085868619 , ac:44:f2:8c:e9:20 , -66
1737085868619 , c8:a6:08:5a:bb:84 , -67
1737085868619 , c0:25:a2:a7:2e:2b , -69
1737085868619 , c0:25:a2:a7:2e:2a , -62
1737085868619 , 60:84:bd:de:7c:60 , -60
1737085868619 , c8:a6:08:9a:b7:01 , -93
1737085868619 , c8:a6:08:9b:16:24 , -42
1737085868619 , c8:a6:08:5b:15:51 , -70
1737085868619 , c8:a6:08:9a:b7:00 , -93
1737085868619 , c0:25:a2:a7:2e:27 , -68
1737085868619 , c0:25:a2:a7:2e:26 , -61
1737085868619 , c0:25:a2:a9:b1:4f , -63
1737085868619 , c8:a6:08:5b:16:24 , -41
1737085868619 , c8:a6:08:9b:15:51 , -79
1737085868619 , c8:a6:08:9b:15:50 , -79
1737085868619 , 84:af:ec:86:f0:60 , -63
1737085868619 , c8:a6:08:9b:16:21 , -42
1737085868619 , c8:a6:08:5b:16:21 , -41
1737085868619 , c8:a6:08:9b:16:20 , -42
1737085868619 , c8:a6:08:5b:16:20 , -42
1737085868619 , c8:a6:08:5b:15:54 , -71
1737085868619 , c8:a6:08:9b:15:54 , -79
1737085868619 , f8:b7:97:9b:d6:ff , -86
1737085868619 , f8:b7:97:9b:d6:fe , -75
1737085868619 , c8:a6:08:5a:bb:f4 , -73
1737085868619 , c8:a6:08:5a:bb:f0 , -81
1737085868619 , c8:a6:08:9a:bb:f0 , -77
1737085868619 , c8:a6:08:9a:bb:f1 , -85
1737085869606 , 74:03:bd:ef:8a:00 , -66
1737085869606 , c8:a6:08:9a:fe:71 , -72
1737085869606 , c8:a6:08:9a:fe:70 , -72
1737085869606 , c8:a6:08:9a:fe:74 , -72
1737085869606 , 84:af:ec:86:f0:70 , -74
1737085869606 , ac:44:f2:8c:e8:a8 , -81
1737085869606 , c8:a6:08:9a:bb:c4 , -71
1737085869606 , c8:a6:08:9a:bb:c1 , -70
1737085869606 , c8:a6:08:5a:fe:70 , -72
1737085869606 , c8:a6:08:5a:bb:c1 , -68
1737085869606 , c8:a6:08:5a:bb:c4 , -69
1737085869606 , c8:a6:08:9a:bb:c0 , -70
1737085869606 , c8:a6:08:5a:bb:c0 , -69
1737085869606 , c8:a6:08:9b:16:04 , -48
1737085869606 , 74:03:bd:ef:8a:10 , -83
1737085869606 , c8:a6:08:5b:16:04 , -49
1737085869606 , c8:a6:08:5b:16:01 , -48
1737085869606 , c8:a6:08:9b:16:01 , -48
1737085869606 , c8:a6:08:5b:16:00 , -48
1737085869606 , c8:a6:08:9b:16:00 , -48
1737085869606 , c8:a6:08:5a:ac:81 , -90
1737085869606 , c8:a6:08:5a:ac:80 , -93
1737085869606 , 3c:64:cf:5c:de:09 , -80
1737085869606 , c8:a6:08:5a:bb:81 , -67
1737085869606 , c8:a6:08:9a:bc:10 , -56
1737085869606 , c8:a6:08:5a:bb:80 , -61
1737085869606 , c8:a6:08:9a:bc:11 , -56
1737085869606 , c8:a6:08:9a:bc:14 , -59
1737085869606 , c8:a6:08:9a:bb:80 , -61
1737085869606 , c8:a6:08:5a:bc:11 , -60
1737085869606 , c8:a6:08:9a:bb:81 , -61
1737085869606 , c8:a6:08:5a:bc:10 , -59
1737085869606 , ac:44:f2:8c:b0:e0 , -75
1737085869606 , c8:a6:08:9a:bb:84 , -63
1737085869606 , 60:84:bd:de:7c:67 , -61
1737085869606 , ac:44:f2:8c:e9:20 , -66
1737085869606 , c8:a6:08:5a:bb:84 , -67
1737085869606 , c0:25:a2:a7:2e:2b , -69
1737085869606 , c0:25:a2:a7:2e:2a , -62
1737085869606 , 60:84:bd:de:7c:60 , -60
1737085869606 , c8:a6:08:9a:b7:01 , -93
1737085869606 , c8:a6:08:9b:16:24 , -42
1737085869606 , c8:a6:08:5b:15:51 , -70
1737085869606 , c8:a6:08:9a:b7:00 , -93
1737085869606 , c0:25:a2:a7:2e:27 , -68
1737085869606 , c0:25:a2:a7:2e:26 , -61
1737085869606 , c0:25:a2:a9:b1:4f , -63
1737085869606 , c8:a6:08:5b:16:24 , -41
1737085869606 , c8:a6:08:9b:15:51 , -79
1737085869606 , c8:a6:08:9b:15:50 , -79
1737085869606 , 84:af:ec:86:f0:60 , -63
1737085869606 , c8:a6:08:9b:16:21 , -42
1737085869606 , c8:a6:08:5b:16:21 , -41
1737085869606 , c8:a6:08:9b:16:20 , -42
1737085869606 , c8:a6:08:5b:16:20 , -42
1737085869606 , c8:a6:08:5b:15:54 , -71
1737085869606 , c8:a6:08:9b:15:54 , -79
1737085869606 , f8:b7:97:9b:d6:ff , -86
1737085869606 , f8:b7:97:9b:d6:fe , -75
1737085869606 , c8:a6:08:5a:bb:f4 , -73
1737085869606 , c8:a6:08:5a:bb:f0 , -81
1737085869606 , c8:a6:08:9a:bb:f0 , -77
1737085869606 , c8:a6:08:9a:bb:f1 , -85
1737085870614 , 74:03:bd:ef:8a:00 , -66
1737085870614 , c8:a6:08:9a:fe:71 , -72
1737085870614 , c8:a6:08:9a:fe:70 , -72
1737085870614 , c8:a6:08:9a:fe:74 , -72
1737085870614 , 84:af:ec:86:f0:70 , -74
1737085870614 , ac:44:f2:8c:e8:a8 , -81
1737085870614 , c8:a6:08:9a:bb:c4 , -71
1737085870614 , c8:a6:08:9a:bb:c1 , -70
1737085870614 , c8:a6:08:5a:fe:70 , -72
1737085870614 , c8:a6:08:5a:bb:c1 , -68
1737085870614 , c8:a6:08:5a:bb:c4 , -69
1737085870614 , c8:a6:08:9a:bb:c0 , -70
1737085870614 , c8:a6:08:5a:bb:c0 , -69
1737085870614 , c8:a6:08:9b:16:04 , -48
1737085870614 , 74:03:bd:ef:8a:10 , -83
1737085870614 , c8:a6:08:5b:16:04 , -49
1737085870614 , c8:a6:08:5b:16:01 , -48
1737085870614 , c8:a6:08:9b:16:01 , -48
1737085870614 , c8:a6:08:5b:16:00 , -48
1737085870614 , c8:a6:08:9b:16:00 , -48
1737085870614 , c8:a6:08:5a:ac:81 , -90
1737085870614 , c8:a6:08:5a:ac:80 , -93
1737085870614 , 3c:64:cf:5c:de:09 , -80
1737085870614 , c8:a6:08:5a:bb:81 , -67
1737085870614 , c8:a6:08:9a:bc:10 , -56
1737085870614 , c8:a6:08:5a:bb:80 , -61
1737085870614 , c8:a6:08:9a:bc:11 , -56
1737085870614 , c8:a6:08:9a:bc:14 , -59
1737085870614 , c8:a6:08:9a:bb:80 , -61
1737085870614 , c8:a6:08:5a:bc:11 , -60
1737085870614 , c8:a6:08:9a:bb:81 , -61
1737085870614 , c8:a6:08:5a:bc:10 , -59
1737085870614 , ac:44:f2:8c:b0:e0 , -75
1737085870614 , c8:a6:08:9a:bb:84 , -63
1737085870614 , 60:84:bd:de:7c:67 , -61
1737085870614 , ac:44:f2:8c:e9:20 , -66
1737085870614 , c8:a6:08:5a:bb:84 , -67
1737085870614 , c0:25:a2:a7:2e:2b , -69
1737085870614 , c0:25:a2:a7:2e:2a , -62
1737085870614 , 60:84:bd:de:7c:60 , -60
1737085870614 , c8:a6:08:9a:b7:01 , -93
1737085870614 , c8:a6:08:9b:16:24 , -42
1737085870614 , c8:a6:08:5b:15:51 , -70
1737085870614 , c8:a6:08:9a:b7:00 , -93
1737085870614 , c0:25:a2:a7:2e:27 , -68
1737085870614 , c0:25:a2:a7:2e:26 , -61
1737085870614 , c0:25:a2:a9:b1:4f , -63
1737085870614 , c8:a6:08:5b:16:24 , -41
1737085870614 , c8:a6:08:9b:15:51 , -79
1737085870614 , c8:a6:08:9b:15:50 , -79
1737085870614 , 84:af:ec:86:f0:60 , -63
1737085870614 , c8:a6:08:9b:16:21 , -42
1737085870614 , c8:a6:08:5b:16:21 , -41
1737085870614 , c8:a6:08:9b:16:20 , -42
1737085870614 , c8:a6:08:5b:16:20 , -42
1737085870614 , c8:a6:08:5b:15:54 , -71
1737085870614 , c8:a6:08:9b:15:54 , -79
1737085870614 , f8:b7:97:9b:d6:ff , -86
1737085870614 , f8:b7:97:9b:d6:fe , -75
1737085870614 , c8:a6:08:5a:bb:f4 , -73
1737085870614 , c8:a6:08:5a:bb:f0 , -81
1737085870614 , c8:a6:08:9a:bb:f0 , -77
1737085870614 , c8:a6:08:9a:bb:f1 , -85
1737085871624 , 74:03:bd:ef:8a:00 , -66
1737085871624 , c8:a6:08:9a:fe:71 , -72
1737085871624 , c8:a6:08:9a:fe:70 , -72
1737085871624 , c8:a6:08:9a:fe:74 , -72
1737085871624 , 84:af:ec:86:f0:70 , -74
1737085871624 , ac:44:f2:8c:e8:a8 , -81
1737085871624 , c8:a6:08:9a:bb:c4 , -71
1737085871624 , c8:a6:08:9a:bb:c1 , -70
1737085871624 , c8:a6:08:5a:fe:70 , -72
1737085871624 , c8:a6:08:5a:bb:c1 , -68
1737085871624 , c8:a6:08:5a:bb:c4 , -69
1737085871624 , c8:a6:08:9a:bb:c0 , -70
1737085871624 , c8:a6:08:5a:bb:c0 , -69
1737085871624 , c8:a6:08:9b:16:04 , -48
1737085871624 , 74:03:bd:ef:8a:10 , -83
1737085871624 , c8:a6:08:5b:16:04 , -49
1737085871624 , c8:a6:08:5b:16:01 , -48
1737085871624 , c8:a6:08:9b:16:01 , -48
1737085871624 , c8:a6:08:5b:16:00 , -48
1737085871624 , c8:a6:08:9b:16:00 , -48
1737085871624 , c8:a6:08:5a:ac:81 , -90
1737085871624 , c8:a6:08:5a:ac:80 , -93
1737085871624 , 3c:64:cf:5c:de:09 , -80
1737085871624 , c8:a6:08:5a:bb:81 , -67
1737085871624 , c8:a6:08:9a:bc:10 , -56
1737085871624 , c8:a6:08:5a:bb:80 , -61
1737085871624 , c8:a6:08:9a:bc:11 , -56
1737085871624 , c8:a6:08:9a:bc:14 , -59
1737085871624 , c8:a6:08:9a:bb:80 , -61
1737085871624 , c8:a6:08:5a:bc:11 , -60
1737085871624 , c8:a6:08:9a:bb:81 , -61
1737085871624 , c8:a6:08:5a:bc:10 , -59
1737085871624 , ac:44:f2:8c:b0:e0 , -75
1737085871624 , c8:a6:08:9a:bb:84 , -63
1737085871624 , 60:84:bd:de:7c:67 , -61
1737085871624 , ac:44:f2:8c:e9:20 , -66
1737085871624 , c8:a6:08:5a:bb:84 , -67
1737085871624 , c0:25:a2:a7:2e:2b , -69
1737085871624 , c0:25:a2:a7:2e:2a , -62
1737085871624 , 60:84:bd:de:7c:60 , -60
1737085871624 , c8:a6:08:9a:b7:01 , -93
1737085871624 , c8:a6:08:9b:16:24 , -42
1737085871624 , c8:a6:08:5b:15:51 , -70
1737085871624 , c8:a6:08:9a:b7:00 , -93
1737085871624 , c0:25:a2:a7:2e:27 , -68
1737085871624 , c0:25:a2:a7:2e:26 , -61
1737085871624 , c0:25:a2:a9:b1:4f , -63
1737085871624 , c8:a6:08:5b:16:24 , -41
1737085871624 , c8:a6:08:9b:15:51 , -79
1737085871624 , c8:a6:08:9b:15:50 , -79
1737085871624 , 84:af:ec:86:f0:60 , -63
1737085871624 , c8:a6:08:9b:16:21 , -42
1737085871624 , c8:a6:08:5b:16:21 , -41
1737085871624 , c8:a6:08:9b:16:20 , -42
1737085871624 , c8:a6:08:5b:16:20 , -42
1737085871624 , c8:a6:08:5b:15:54 , -71
1737085871624 , c8:a6:08:9b:15:54 , -79
1737085871624 , f8:b7:97:9b:d6:ff , -86
1737085871624 , f8:b7:97:9b:d6:fe , -75
1737085871624 , c8:a6:08:5a:bb:f4 , -73
1737085871624 , c8:a6:08:5a:bb:f0 , -81
1737085871624 , c8:a6:08:9a:bb:f0 , -77
1737085871624 , c8:a6:08:9a:bb:f1 , -85
1737085872623 , 74:03:bd:ef:8a:00 , -66
1737085872623 , c8:a6:08:9a:fe:71 , -72
1737085872623 , c8:a6:08:9a:fe:70 , -72
1737085872623 , c8:a6:08:9a:fe:74 , -72
1737085872623 , 84:af:ec:86:f0:70 , -74
1737085872623 , ac:44:f2:8c:e8:a8 , -81
1737085872623 , c8:a6:08:9a:bb:c4 , -71
1737085872623 , c8:a6:08:9a:bb:c1 , -70
1737085872623 , c8:a6:08:5a:fe:70 , -72
1737085872623 , c8:a6:08:5a:bb:c1 , -68
1737085872623 , c8:a6:08:5a:bb:c4 , -69
1737085872623 , c8:a6:08:9a:bb:c0 , -70
1737085872623 , c8:a6:08:5a:bb:c0 , -69
1737085872623 , c8:a6:08:9b:16:04 , -48
1737085872623 , 74:03:bd:ef:8a:10 , -83
1737085872623 , c8:a6:08:5b:16:04 , -49
1737085872623 , c8:a6:08:5b:16:01 , -48
1737085872623 , c8:a6:08:9b:16:01 , -48
1737085872623 , c8:a6:08:5b:16:00 , -48
1737085872623 , c8:a6:08:9b:16:00 , -48
1737085872623 , c8:a6:08:5a:ac:81 , -90
1737085872623 , c8:a6:08:5a:ac:80 , -93
1737085872623 , 3c:64:cf:5c:de:09 , -80
1737085872623 , c8:a6:08:5a:bb:81 , -67
1737085872623 , c8:a6:08:9a:bc:10 , -56
1737085872623 , c8:a6:08:5a:bb:80 , -61
1737085872623 , c8:a6:08:9a:bc:11 , -56
1737085872623 , c8:a6:08:9a:bc:14 , -59
1737085872623 , c8:a6:08:9a:bb:80 , -61
1737085872623 , c8:a6:08:5a:bc:11 , -60
1737085872623 , c8:a6:08:9a:bb:81 , -61
1737085872623 , c8:a6:08:5a:bc:10 , -59
1737085872623 , ac:44:f2:8c:b0:e0 , -75
1737085872623 , c8:a6:08:9a:bb:84 , -63
1737085872623 , 60:84:bd:de:7c:67 , -61
1737085872623 , ac:44:f2:8c:e9:20 , -66
1737085872623 , c8:a6:08:5a:bb:84 , -67
1737085872623 , c0:25:a2:a7:2e:2b , -69
1737085872623 , c0:25:a2:a7:2e:2a , -62
1737085872623 , 60:84:bd:de:7c:60 , -60
1737085872623 , c8:a6:08:9a:b7:01 , -93
1737085872623 , c8:a6:08:9b:16:24 , -42
1737085872623 , c8:a6:08:5b:15:51 , -70
1737085872623 , c8:a6:08:9a:b7:00 , -93
1737085872623 , c0:25:a2:a7:2e:27 , -68
1737085872623 , c0:25:a2:a7:2e:26 , -61
1737085872623 , c0:25:a2:a9:b1:4f , -63
1737085872623 , c8:a6:08:5b:16:24 , -41
1737085872623 , c8:a6:08:9b:15:51 , -79
1737085872623 , c8:a6:08:9b:15:50 , -79
1737085872623 , 84:af:ec:86:f0:60 , -63
1737085872623 , c8:a6:08:9b:16:21 , -42
1737085872623 , c8:a6:08:5b:16:21 , -41
1737085872623 , c8:a6:08:9b:16:20 , -42
1737085872623 , c8:a6:08:5b:16:20 , -42
1737085872623 , c8:a6:08:5b:15:54 , -71
1737085872623 , c8:a6:08:9b:15:54 , -79
1737085872623 , f8:b7:97:9b:d6:ff , -86
1737085872623 , f8:b7:97:9b:d6:fe , -75
1737085872623 , c8:a6:08:5a:bb:f4 , -73
1737085872623 , c8:a6:08:5a:bb:f0 , -81
1737085872623 , c8:a6:08:9a:bb:f0 , -77
1737085872623 , c8:a6:08:9a:bb:f1 , -85
1737085873641 , 74:03:bd:ef:8a:00 , -66
1737085873641 , c8:a6:08:9a:fe:71 , -72
1737085873641 , c8:a6:08:9a:fe:70 , -72
1737085873641 , c8:a6:08:9a:fe:74 , -72
1737085873641 , 84:af:ec:86:f0:70 , -74
1737085873641 , ac:44:f2:8c:e8:a8 , -81
1737085873641 , c8:a6:08:9a:bb:c4 , -71
1737085873641 , c8:a6:08:9a:bb:c1 , -70
1737085873641 , c8:a6:08:5a:fe:70 , -72
1737085873641 , c8:a6:08:5a:bb:c1 , -68
1737085873641 , c8:a6:08:5a:bb:c4 , -69
1737085873641 , c8:a6:08:9a:bb:c0 , -70
1737085873641 , c8:a6:08:5a:bb:c0 , -69
1737085873641 , c8:a6:08:9b:16:04 , -48
1737085873641 , 74:03:bd:ef:8a:10 , -83
1737085873641 , c8:a6:08:5b:16:04 , -49
1737085873641 , c8:a6:08:5b:16:01 , -48
1737085873641 , c8:a6:08:9b:16:01 , -48
1737085873641 , c8:a6:08:5b:16:00 , -48
1737085873641 , c8:a6:08:9b:16:00 , -48
1737085873641 , c8:a6:08:5a:ac:81 , -90
1737085873641 , c8:a6:08:5a:ac:80 , -93
1737085873641 , 3c:64:cf:5c:de:09 , -80
1737085873641 , c8:a6:08:5a:bb:81 , -67
1737085873641 , c8:a6:08:9a:bc:10 , -56
1737085873641 , c8:a6:08:5a:bb:80 , -61
1737085873641 , c8:a6:08:9a:bc:11 , -56
1737085873641 , c8:a6:08:9a:bc:14 , -59
1737085873641 , c8:a6:08:9a:bb:80 , -61
1737085873641 , c8:a6:08:5a:bc:11 , -60
1737085873641 , c8:a6:08:9a:bb:81 , -61
1737085873641 , c8:a6:08:5a:bc:10 , -59
1737085873641 , ac:44:f2:8c:b0:e0 , -75
1737085873641 , c8:a6:08:9a:bb:84 , -63
1737085873641 , 60:84:bd:de:7c:67 , -61
1737085873641 , ac:44:f2:8c:e9:20 , -66
1737085873641 , c8:a6:08:5a:bb:84 , -67
1737085873641 , c0:25:a2:a7:2e:2b , -69
1737085873641 , c0:25:a2:a7:2e:2a , -62
1737085873641 , 60:84:bd:de:7c:60 , -60
1737085873641 , c8:a6:08:9a:b7:01 , -93
1737085873641 , c8:a6:08:9b:16:24 , -42
1737085873641 , c8:a6:08:5b:15:51 , -70
1737085873641 , c8:a6:08:9a:b7:00 , -93
1737085873641 , c0:25:a2:a7:2e:27 , -68
1737085873641 , c0:25:a2:a7:2e:26 , -61
1737085873641 , c0:25:a2:a9:b1:4f , -63
1737085873641 , c8:a6:08:5b:16:24 , -41
1737085873641 , c8:a6:08:9b:15:51 , -79
1737085873641 , c8:a6:08:9b:15:50 , -79
1737085873641 , 84:af:ec:86:f0:60 , -63
1737085873641 , c8:a6:08:9b:16:21 , -42
1737085873641 , c8:a6:08:5b:16:21 , -41
1737085873641 , c8:a6:08:9b:16:20 , -42
1737085873641 , c8:a6:08:5b:16:20 , -42
1737085873641 , c8:a6:08:5b:15:54 , -71
1737085873641 , c8:a6:08:9b:15:54 , -79
1737085873641 , f8:b7:97:9b:d6:ff , -86
1737085873641 , f8:b7:97:9b:d6:fe , -75
1737085873641 , c8:a6:08:5a:bb:f4 , -73
1737085873641 , c8:a6:08:5a:bb:f0 , -81
1737085873641 , c8:a6:08:9a:bb:f0 , -77
1737085873641 , c8:a6:08:9a:bb:f1 , -85
1737085874635 , 74:03:bd:ef:8a:00 , -66
1737085874635 , c8:a6:08:9a:fe:71 , -72
1737085874635 , c8:a6:08:9a:fe:70 , -72
1737085874635 , c8:a6:08:9a:fe:74 , -72
1737085874635 , 84:af:ec:86:f0:70 , -74
1737085874635 , ac:44:f2:8c:e8:a8 , -81
1737085874635 , c8:a6:08:9a:bb:c4 , -71
1737085874635 , c8:a6:08:9a:bb:c1 , -70
1737085874635 , c8:a6:08:5a:fe:70 , -72
1737085874635 , c8:a6:08:5a:bb:c1 , -68
1737085874635 , c8:a6:08:5a:bb:c4 , -69
1737085874635 , c8:a6:08:9a:bb:c0 , -70
1737085874635 , c8:a6:08:5a:bb:c0 , -69
1737085874635 , c8:a6:08:9b:16:04 , -48
1737085874635 , 74:03:bd:ef:8a:10 , -83
1737085874635 , c8:a6:08:5b:16:04 , -49
1737085874635 , c8:a6:08:5b:16:01 , -48
1737085874635 , c8:a6:08:9b:16:01 , -48
1737085874635 , c8:a6:08:5b:16:00 , -48
1737085874635 , c8:a6:08:9b:16:00 , -48
1737085874635 , c8:a6:08:5a:ac:81 , -90
1737085874635 , c8:a6:08:5a:ac:80 , -93
1737085874635 , 3c:64:cf:5c:de:09 , -80
1737085874635 , c8:a6:08:5a:bb:81 , -67
1737085874635 , c8:a6:08:9a:bc:10 , -56
1737085874635 , c8:a6:08:5a:bb:80 , -61
1737085874635 , c8:a6:08:9a:bc:11 , -56
1737085874635 , c8:a6:08:9a:bc:14 , -59
1737085874635 , c8:a6:08:9a:bb:80 , -61
1737085874635 , c8:a6:08:5a:bc:11 , -60
1737085874635 , c8:a6:08:9a:bb:81 , -61
1737085874635 , c8:a6:08:5a:bc:10 , -59
1737085874635 , ac:44:f2:8c:b0:e0 , -75
1737085874635 , c8:a6:08:9a:bb:84 , -63
1737085874635 , 60:84:bd:de:7c:67 , -61
1737085874635 , ac:44:f2:8c:e9:20 , -66
1737085874635 , c8:a6:08:5a:bb:84 , -67
1737085874635 , c0:25:a2:a7:2e:2b , -69
1737085874635 , c0:25:a2:a7:2e:2a , -62
1737085874635 , 60:84:bd:de:7c:60 , -60
1737085874635 , c8:a6:08:9a:b7:01 , -93
1737085874635 , c8:a6:08:9b:16:24 , -42
1737085874635 , c8:a6:08:5b:15:51 , -70
1737085874635 , c8:a6:08:9a:b7:00 , -93
1737085874635 , c0:25:a2:a7:2e:27 , -68
1737085874635 , c0:25:a2:a7:2e:26 , -61
1737085874635 , c0:25:a2:a9:b1:4f , -63
1737085874635 , c8:a6:08:5b:16:24 , -41
1737085874635 , c8:a6:08:9b:15:51 , -79
1737085874635 , c8:a6:08:9b:15:50 , -79
1737085874635 , 84:af:ec:86:f0:60 , -63
1737085874635 , c8:a6:08:9b:16:21 , -42
1737085874635 , c8:a6:08:5b:16:21 , -41
1737085874635 , c8:a6:08:9b:16:20 , -42
1737085874635 , c8:a6:08:5b:16:20 , -42
1737085874635 , c8:a6:08:5b:15:54 , -71
1737085874635 , c8:a6:08:9b:15:54 , -79
1737085874635 , f8:b7:97:9b:d6:ff , -86
1737085874635 , f8:b7:97:9b:d6:fe , -75
1737085874635 , c8:a6:08:5a:bb:f4 , -73
1737085874635 , c8:a6:08:5a:bb:f0 , -81
1737085874635 , c8:a6:08:9a:bb:f0 , -77
1737085874635 , c8:a6:08:9a:bb:f1 , -85
